{
	"class_name" : "PinholeCameraParameters",
	"extrinsic" : 
	[
		0.52579579541561605,
		0.45344846935708,
		-0.71966885937977132,
		0.0,
		0.8417566300125956,
		-0.15561987829855306,
		0.51694122422977828,
		0.0,
		0.12241142656262953,
		-0.87759155597354344,
		-0.46351753314285432,
		0.0,
		-0.3265901908618466,
		-0.065612405579038025,
		1.4819334061872451,
		1.0
	],
	"intrinsic" : 
	{
		"height" : 1016,
		"intrinsic_matrix" : 
		[
			879.88181024498977,
			0.0,
			0.0,
			0.0,
			879.88181024498977,
			0.0,
			924.5,
			507.5,
			1.0
		],
		"width" : 1850
	},
	"version_major" : 1,
	"version_minor" : 0
}