{"frontview": {"intrinsic": [[154.50966799187808, 0.0, 64.0], [0.0, 154.50966799187808, 64.0], [0.0, 0.0, 1.0]], "extrinsic": [[-5.551115123125783e-17, 0.2581745235707122, -0.966098294884654, 1.6], [1.0, 0.0, 0.0, 0.0], [0.0, -0.966098294884654, -0.2581745235707122, 1.45], [0.0, 0.0, 0.0, 1.0]]}, "agentview": {"intrinsic": [[154.50966799187808, 0.0, 64.0], [0.0, 154.50966799187808, 64.0], [0.0, 0.0, 1.0]], "extrinsic": [[0.0, 0.706147844353306, -0.7080644193257978, 0.5], [1.0, 0.0, 0.0, 0.0], [0.0, -0.7080644193257978, -0.706147844353306, 1.35], [0.0, 0.0, 0.0, 1.0]]}, "birdview": {"intrinsic": [[154.50966799187808, 0.0, 64.0], [0.0, 154.50966799187808, 64.0], [0.0, 0.0, 1.0]], "extrinsic": [[0.0, 1.0000000000000002, 0.0, -0.2], [1.0000000000000002, 0.0, 0.0, 0.0], [0.0, 0.0, -1.0000000000000002, 3.0], [0.0, 0.0, 0.0, 1.0]]}, "sideview": {"intrinsic": [[154.50966799187808, 0.0, 64.0], [0.0, 154.50966799187808, 64.0], [0.0, 0.0, 1.0]], "extrinsic": [[-0.9997091666008318, 0.007842430312378456, -0.022805229686758008, 0.0], [0.024108065826954593, 0.30071489741996177, -0.9534093305772632, 1.2761224129427358], [-0.00061917392833148, -0.95368183727934, -0.3008165053103787, 1.4879572214102434], [0.0, 0.0, 0.0, 1.0]]}, "sideview2": {"intrinsic": [[154.50966799187808, 0.0, 64.0], [0.0, 154.50966799187808, 64.0], [0.0, 0.0, 1.0]], "extrinsic": [[1.0, 0.0, 0.0, 0.0], [0.0, -0.25881904217850005, 0.9659258270725574, -1.5], [0.0, -0.9659258270725574, -0.25881904217850005, 1.4879572214102434], [0.0, 0.0, 0.0, 1.0]]}, "backview": {"intrinsic": [[154.50966799187808, 0.0, 64.0], [0.0, 154.50966799187808, 64.0], [0.0, 0.0, 1.0]], "extrinsic": [[-0.4967317767754886, -0.5000000034741303, 0.7094064691468046, -0.8], [-0.8191520264280316, -2.211274147123632e-08, -0.5735764618591396, 0.7], [0.28678824860917096, -0.8660254017786485, -0.4095760050757553, 1.2], [0.0, 0.0, 0.0, 1.0]]}, "spaceview": {"intrinsic": [[154.50966799187808, 0.0, 64.0], [0.0, 154.50966799187808, 64.0], [0.0, 0.0, 1.0]], "extrinsic": [[0.0, 0.6087614961841249, -0.79335328874573, 0.85], [0.9999999999999999, 0.0, 0.0, 0.0], [0.0, -0.79335328874573, -0.6087614961841249, 1.55], [0.0, 0.0, 0.0, 1.0]]}}
