{
    "width": 848,
    "height": 480,
    "fx": 427.1130065917969,
    "fy": 426.6104431152344,
    "cx": 426.5924377441406,
    "cy": 241.4854736328125,
    "distortion_model": "plumb_bob",
    "distortion_coefficients": [
        0.0,
        0.0,
        0.0,
        0.0,
        0.0,
        0.0,
        0.0,
        0.0
    ]
}
