{
    "width": 848,
    "height": 480,
    "fx": 427.8022766113281,
    "fy": 427.4035339355469,
    "cx": 426.1780700683594,
    "cy": 243.547119140625,
    "distortion_model": "plumb_bob",
    "distortion_coefficients": [
        0.0,
        0.0,
        0.0,
        0.0,
        0.0,
        0.0,
        0.0,
        0.0
    ]
}
