<?xml version="1.0" encoding="UTF-8"?>
<COLLADA xmlns="http://www.collada.org/2005/11/COLLADASchema" version="1.4.1">
    <asset>
        <contributor>
            <author>VCGLab</author>
            <authoring_tool>VCGLib | MeshLab</authoring_tool>
        </contributor>
        <created>Thu Nov 27 01:04:00 2025 GMT</created>
        <modified>Thu Nov 27 01:04:00 2025 GMT</modified>
        <up_axis>Y_UP</up_axis>
    </asset>
    <library_geometries>
        <geometry id="shape0-lib" name="shape0">
            <mesh>
                <source id="shape0-lib-positions" name="position">
                    <float_array id="shape0-lib-positions-array" count="11631">-15.1523 17.8041 -23 -15.9567 17.4761 -23 -15.5661 17.6629 -23 15.1523 -17.8041 -23 15.9567 -17.4761 -23 15.5661 -17.6629 -23 -16.6648 16.9737 -23 -16.324 17.2457 -23 -17.2438 16.3262 -23 -17.8049 15.1559 -23 -17.6627 15.5666 -23 -16.9725 16.666 -23 -17.4755 15.9579 -23 -14.7291 17.9004 -23 -17.903 14.7306 -23 -14.3001 17.9597 -23 -17.9605 14.3002 -23 -17.9908 13.8679 -23 -13.8663 17.987 -23 -18.0002 13.4341 -23 -13.4328 18.0001 -23 -13 18 -23 -18 13 -23 13 -18 -23 9.94695 -1.24887 -23 18 -13 -23 -17.8041 -15.1523 -23 -17.2457 -16.324 -23 -17.4761 -15.9567 -23 -17.6629 -15.5661 -23 -16.666 -16.9725 -23 -16.9737 -16.6648 -23 -16.3262 -17.2438 -23 -15.5666 -17.6627 -23 -15.9579 -17.4755 -23 -15.1559 -17.8049 -23 -14.7306 -17.903 -23 -17.9004 -14.7291 -23 -14.3002 -17.9605 -23 -17.987 -13.8663 -23 -17.9597 -14.3001 -23 -13.4341 -18.0002 -23 -13.8679 -17.9908 -23 -18.0001 -13.4328 -23 -13 -18 -23 -18 -13 -23 -8.86096 0.514877 -23 -8.96436 0.699968 -23 8.90873 0.609619 -23 16.324 -17.2457 -23 11.139 -0.514877 -23 11.2097 -0.314973 -23 16.9725 -16.666 -23 16.6648 -16.9737 -23 17.2438 -16.3262 -23 17.6627 -15.5666 -23 17.4755 -15.9579 -23 17.8049 -15.1559 -23 17.903 -14.7306 -23 14.7291 -17.9004 -23 17.9605 -14.3002 -23 14.3001 -17.9597 -23 13.8663 -17.987 -23 17.9908 -13.8679 -23 13.4328 -18.0001 -23 18.0002 -13.4341 -23 9.02746 0.785275 -23 -9.09756 0.864924 -23 9.17416 0.93834 -23 13 18 -23 9.34462 1.06441 -23 17.6629 15.5661 -23 17.8041 15.1523 -23 17.4761 15.9567 -23 17.2457 16.324 -23 16.666 16.9725 -23 16.9737 16.6648 -23 15.5666 17.6627 -23 15.9579 17.4755 -23 16.3262 17.2438 -23 15.1559 17.8049 -23 17.9004 14.7291 -23 14.7306 17.903 -23 17.9597 14.3001 -23 14.3002 17.9605 -23 13.8679 17.9908 -23 17.987 13.8663 -23 13.4341 18.0002 -23 18.0001 13.4328 -23 11.2455 0.106007 -23 11.2097 0.314973 -23 18 13 -23 -9.63397 1.19521 -23 -9.43725 1.11616 -23 -9.25671 1.005 -23 -11.232 0.211251 -23 -11.25 0 -23 -10.4661 1.15986 -23 -10.6554 1.06441 -23 -8.79033 0.314973 -23 8.8214 0.416425 -23 9.73665 1.22194 -23 9.53393 1.15986 -23 9.94695 1.24887 -23 10.366 1.19521 -23 10.1588 1.23988 -23 10.7433 1.005 -23 10.5628 1.11616 -23 11.0356 0.699968 -23 10.9024 0.864924 -23 11.139 0.514877 -23 11.2455 -0.106007 -23 11.0356 -0.699968 -23 10.7433 -1.005 -23 10.9024 -0.864924 -23 10.366 -1.19521 -23 10.5628 -1.11616 -23 10.1588 -1.23988 -23 9.73665 -1.22194 -23 9.34462 -1.06441 -23 9.53393 -1.15986 -23 -8.96436 -0.699968 -23 9.02746 -0.785275 -23 -9.09756 -0.864924 -23 9.17416 -0.93834 -23 -8.7545 0.106007 -23 8.75 0 -23 -8.7545 -0.106007 -23 -11.0913 0.609619 -23 -11.1786 0.416425 -23 -10.8258 0.93834 -23 -10.9725 0.785275 -23 -9.84123 1.23988 -23 -10.0531 1.24887 -23 -10.2633 1.22194 -23 -9.25671 -1.005 -23 8.76798 0.211251 -23 8.76798 -0.211251 -23 8.8214 -0.416425 -23 -8.79033 -0.314973 -23 -8.86096 -0.514877 -23 8.90873 -0.609619 -23 -9.63397 -1.19521 -23 -9.43725 -1.11616 -23 -10.0531 -1.24887 -23 -9.84123 -1.23988 -23 -10.2633 -1.22194 -23 -10.6554 -1.06441 -23 -10.4661 -1.15986 -23 -10.9725 -0.785275 -23 -10.8258 -0.93834 -23 -11.1786 -0.416425 -23 -11.0913 -0.609619 -23 -11.232 -0.211251 -23 -21.09 9.65451 -11.4745 -21.09 9.5 -11.45 -21.09 9.57822 -11.4562 -21.09 -9.727 -17.7955 -21.09 -9.5 -17.85 -21.09 -9.65451 -17.8255 -21.09 9.727 -11.5045 -21.09 9.79389 -11.5455 -21.09 9.85355 -11.5964 -21.09 9.9455 -11.723 -21.09 9.90451 -11.6561 -21.09 9.97553 -11.7955 -21.09 9.99384 -11.8718 -21.09 10 -11.95 -21.09 -10 -11.95 -21.09 -9.5 -11.45 -21.09 -9.85355 -11.5964 -21.09 -9.79389 -11.5455 -21.09 -9.65451 -11.4745 -21.09 -9.727 -11.5045 -21.09 -9.57822 -11.4562 -21.09 -9.90451 -11.6561 -21.09 -9.9455 -11.723 -21.09 -9.97553 -11.7955 -21.09 -9.99384 -11.8718 -21.09 -10 -17.35 -21.09 -9.57822 -17.8438 -21.09 10 -17.35 -21.09 -9.79389 -17.7545 -21.09 -9.90451 -17.6439 -21.09 -9.85355 -17.7036 -21.09 -9.9455 -17.577 -21.09 -9.97553 -17.5045 -21.09 -9.99384 -17.4282 -21.09 9.5 -17.85 -21.09 9.727 -17.7955 -21.09 9.65451 -17.8255 -21.09 9.57822 -17.8438 -21.09 9.85355 -17.7036 -21.09 9.79389 -17.7545 -21.09 9.9455 -17.577 -21.09 9.90451 -17.6439 -21.09 9.99384 -17.4282 -21.09 9.97553 -17.5045 -21 9.5 -17.85 -21 -9.5 -17.85 -21 9.85355 -17.7036 -21 9.79389 -17.7545 -21 9.727 -17.7955 -21 9.65451 -17.8255 -21 9.57822 -17.8438 -21 9.90451 -17.6439 -21 9.9455 -17.577 -21 9.97553 -17.5045 -21 9.99384 -17.4282 -21 10 -17.35 -21 10 -11.95 -21 9.85355 -11.5964 -21 9.90451 -11.6561 -21 9.9455 -11.723 -21 9.97553 -11.7955 -21 9.99384 -11.8718 -21 9.79389 -11.5455 -21 9.727 -11.5045 -21 9.65451 -11.4745 -21 9.57822 -11.4562 -21 9.5 -11.45 -21 -9.5 -11.45 -21 -9.85355 -11.5964 -21 -9.79389 -11.5455 -21 -9.727 -11.5045 -21 -9.65451 -11.4745 -21 -9.57822 -11.4562 -21 -9.90451 -11.6561 -21 -9.9455 -11.723 -21 -9.97553 -11.7955 -21 -9.99384 -11.8718 -21 -10 -11.95 -21 -10 -17.35 -21 -9.85355 -17.7036 -21 -9.90451 -17.6439 -21 -9.9455 -17.577 -21 -9.97553 -17.5045 -21 -9.99384 -17.4282 -21 -9.79389 -17.7545 -21 -9.727 -17.7955 -21 -9.65451 -17.8255 -21 -9.57822 -17.8438 17.6225 18.7727 -0.87 17.1426 19.0174 -0.87 17.586 18.7133 -0.87 -18.7727 17.6225 -0.87 -19.0174 17.1426 -0.87 -18.7133 17.586 -0.87 -19.0811 17.1722 -0.87 -19.2808 16.6698 -0.87 -18.4264 18.04 -0.87 -18.3696 17.9989 -0.87 -17.1282 19.0265 -0.87 -17.1761 19.0786 -0.87 -17.573 18.7229 -0.87 -17.9876 18.3796 -0.87 -18.0423 18.4245 -0.87 -15.1599 19.8573 -0.87 -15.6532 19.6681 -0.87 -15.1303 19.789 -0.87 -17.6239 18.7718 -0.87 -16.1636 19.501 -0.87 -16.2045 19.5613 -0.87 -16.6591 19.286 -0.87 -15.6878 19.7329 -0.87 -19.496 16.1796 -0.87 -19.3447 16.6981 -0.87 -16.7005 19.3437 -0.87 -19.5622 16.1997 -0.87 -19.6653 15.6695 -0.87 -14.6023 19.8654 -0.87 -14.6228 19.9387 -0.87 -13.5422 20.0007 -0.87 -14.0835 19.9817 -0.87 -14.0707 19.9097 -0.87 -13.5366 19.9312 -0.87 -13 20 -0.87 -19.7319 15.6851 -0.87 -19.7889 15.1448 -0.87 -19.8699 14.6105 -0.87 -19.9334 14.6215 -0.87 -19.9787 14.0826 -0.87 -13 19.93 -0.87 13 19.93 -0.87 13 20 -0.87 16.6698 19.2808 -0.87 17.1722 19.0811 -0.87 17.9989 18.3696 -0.87 18.3796 17.9876 -0.87 18.4245 18.0423 -0.87 18.04 18.4264 -0.87 18.7718 17.6239 -0.87 18.7229 17.573 -0.87 19.0265 17.1282 -0.87 19.0786 17.1761 -0.87 19.286 16.6591 -0.87 19.501 16.1636 -0.87 19.5613 16.2045 -0.87 19.8573 15.1599 -0.87 19.6681 15.6532 -0.87 19.789 15.1303 -0.87 19.3437 16.7005 -0.87 19.7329 15.6878 -0.87 16.6981 19.3447 -0.87 16.1796 19.496 -0.87 15.6695 19.6653 -0.87 16.1997 19.5622 -0.87 19.8654 14.6023 -0.87 19.9387 14.6228 -0.87 19.9097 14.0707 -0.87 20.0007 13.5422 -0.87 19.9817 14.0835 -0.87 20 13 -0.87 19.9312 13.5366 -0.87 14.0826 19.9787 -0.87 14.6105 19.8699 -0.87 14.6215 19.9334 -0.87 15.1448 19.7889 -0.87 15.1567 19.8555 -0.87 -13.5421 -20.0009 -0.87 -14.0757 -19.9126 -0.87 -14.0826 -19.9787 -0.87 19.93 13 -0.87 13 -19.93 -0.87 -13 -19.93 -0.87 -13 -20 -0.87 18.4264 -18.04 -0.87 18.7133 -17.586 -0.87 18.3696 -17.9989 -0.87 18.7727 -17.6225 -0.87 19.0174 -17.1426 -0.87 17.9876 -18.3796 -0.87 18.0423 -18.4245 -0.87 19.2808 -16.6698 -0.87 19.0811 -17.1722 -0.87 17.573 -18.7229 -0.87 17.6239 -18.7718 -0.87 17.1761 -19.0786 -0.87 17.1282 -19.0265 -0.87 16.1636 -19.501 -0.87 15.6532 -19.6681 -0.87 15.6878 -19.7329 -0.87 15.1303 -19.789 -0.87 15.1599 -19.8573 -0.87 16.7005 -19.3437 -0.87 16.6591 -19.286 -0.87 16.2045 -19.5613 -0.87 14.6023 -19.8654 -0.87 14.6228 -19.9387 -0.87 19.3447 -16.6981 -0.87 19.496 -16.1796 -0.87 19.6653 -15.6695 -0.87 19.5622 -16.1997 -0.87 13.5422 -20.0007 -0.87 14.0835 -19.9817 -0.87 14.0707 -19.9097 -0.87 13.5366 -19.9312 -0.87 13 -20 -0.87 19.7319 -15.6851 -0.87 19.7889 -15.1448 -0.87 19.8699 -14.6105 -0.87 19.9334 -14.6215 -0.87 19.9787 -14.0826 -0.87 -17.1426 -19.0174 -0.87 -17.586 -18.7133 -0.87 -17.6225 -18.7727 -0.87 19.93 -13 -0.87 20 -13 -0.87 -17.9989 -18.3696 -0.87 -18.04 -18.4264 -0.87 -16.6698 -19.2808 -0.87 -17.1722 -19.0811 -0.87 -19.0265 -17.1282 -0.87 -19.0786 -17.1761 -0.87 -18.7229 -17.573 -0.87 -18.3796 -17.9876 -0.87 -18.4245 -18.0423 -0.87 -19.8573 -15.1599 -0.87 -19.6681 -15.6532 -0.87 -19.789 -15.1303 -0.87 -18.7718 -17.6239 -0.87 -19.7329 -15.6878 -0.87 -19.501 -16.1636 -0.87 -19.5613 -16.2045 -0.87 -19.286 -16.6591 -0.87 -16.6981 -19.3447 -0.87 -16.1796 -19.496 -0.87 -19.3437 -16.7005 -0.87 -16.1997 -19.5622 -0.87 -15.6695 -19.6653 -0.87 -19.9387 -14.6228 -0.87 -19.8654 -14.6023 -0.87 -20.0007 -13.5422 -0.87 -19.9817 -14.0835 -0.87 -19.9097 -14.0707 -0.87 -19.9312 -13.5366 -0.87 -20 -13 -0.87 -14.6105 -19.8699 -0.87 -14.6215 -19.9334 -0.87 -15.1448 -19.7889 -0.87 -15.1567 -19.8555 -0.87 -19.93 -13 -0.87 14.0757 19.9126 -0.87 13.5421 20.0009 -0.87 15.6851 19.7319 -0.87 13.5387 19.9312 -0.87 -19.93 13 -0.87 -20 13 -0.87 -19.9126 14.0757 -0.87 -20.0009 13.5421 -0.87 -19.8555 15.1567 -0.87 -19.9312 13.5387 -0.87 -13.5387 -19.9312 -0.87 -15.6851 -19.7319 -0.87 19.9312 -13.5387 -0.87 19.9126 -14.0757 -0.87 20.0009 -13.5421 -0.87 19.8555 -15.1567 -0.87 -19.88 13 -9.3 -19.88 -13 -9 -19.88 13 -9 -19.88 -13 -9.3 -17.9647 -18.3332 -9 -17.9602 -18.337 -9.3 -17.5553 -18.674 -9 -17.5492 -18.6783 -9.3 -17.1121 -18.9775 -9 -18.3378 -17.9593 -9.3 -17.1089 -18.9795 -9.3 -16.6459 -19.2369 -9 -16.6408 -19.2394 -9.3 -16.1573 -19.4502 -9 -15.6451 -19.6203 -9.3 -15.6501 -19.6171 -9 -16.153 -19.4525 -9.3 -15.1264 -19.7417 -9.3 -15.1274 -19.7388 -9 -14.5995 -19.8155 -9 -14.5984 -19.8209 -9.3 -14.0683 -19.8597 -9 -14.0668 -19.863 -9.3 -13.5337 -19.8813 -9.3 -13 -19.88 -9.3 -13 -19.88 -9 -13.5351 -19.8813 -9 -18.3417 -17.9549 -9 -18.6834 -17.5421 -9 -18.6782 -17.5493 -9.3 -18.9845 -17.1008 -9 -18.9803 -17.1078 -9.3 -19.2387 -16.6422 -9.3 -19.2431 -16.6332 -9 -19.4558 -16.1441 -9 -19.4523 -16.1512 -9.3 -19.6233 -15.6345 -9 -19.6187 -15.6446 -9.3 -19.7393 -15.1245 -9.3 -19.7436 -15.1166 -9 -19.8216 -14.5909 -9 -19.8156 -14.5974 -9.3 -19.8631 -14.0631 -9 -19.8598 -14.0664 -9.3 -19.8813 -13.5339 -9.3 -19.8812 -13.5327 -9 13 -19.88 -9.3 13 -19.88 -9 18.3332 -17.9647 -9 18.337 -17.9602 -9.3 18.674 -17.5553 -9 18.6783 -17.5492 -9.3 18.9775 -17.1121 -9 19.4502 -16.1573 -9 19.4525 -16.153 -9.3 19.6171 -15.6501 -9 18.9795 -17.1089 -9.3 19.2369 -16.6459 -9 19.2394 -16.6408 -9.3 19.7388 -15.1274 -9 19.6203 -15.6451 -9.3 19.7417 -15.1264 -9.3 19.8155 -14.5995 -9 19.8597 -14.0683 -9 19.8209 -14.5984 -9.3 19.863 -14.0668 -9.3 19.8813 -13.5337 -9.3 17.9593 -18.3378 -9.3 19.88 -13 -9.3 19.8813 -13.5351 -9 19.88 -13 -9 17.9549 -18.3417 -9 17.5421 -18.6834 -9 17.5493 -18.6782 -9.3 17.1008 -18.9845 -9 17.1078 -18.9803 -9.3 16.6422 -19.2387 -9.3 16.6332 -19.2431 -9 16.1441 -19.4558 -9 16.1512 -19.4523 -9.3 15.6345 -19.6233 -9 15.6446 -19.6187 -9.3 15.1245 -19.7393 -9.3 15.1166 -19.7436 -9 14.5909 -19.8216 -9 14.5974 -19.8156 -9.3 14.0631 -19.8631 -9 14.0664 -19.8598 -9.3 13.5339 -19.8813 -9.3 13.5327 -19.8812 -9 19.88 13 -9.3 19.88 13 -9 17.9647 18.3332 -9 17.9602 18.337 -9.3 17.5553 18.674 -9 17.5492 18.6783 -9.3 17.1121 18.9775 -9 14.5995 19.8155 -9 15.1274 19.7388 -9 15.1264 19.7417 -9.3 16.6459 19.2369 -9 17.1089 18.9795 -9.3 16.6408 19.2394 -9.3 16.153 19.4525 -9.3 16.1573 19.4502 -9 15.6451 19.6203 -9.3 15.6501 19.6171 -9 14.5984 19.8209 -9.3 14.0683 19.8597 -9 14.0668 19.863 -9.3 13.5337 19.8813 -9.3 13.5351 19.8813 -9 13 19.88 -9.3 18.3378 17.9593 -9.3 13 19.88 -9 18.3417 17.9549 -9 18.6834 17.5421 -9 18.6782 17.5493 -9.3 18.9845 17.1008 -9 18.9803 17.1078 -9.3 19.2387 16.6422 -9.3 19.2431 16.6332 -9 19.4558 16.1441 -9 19.4523 16.1512 -9.3 19.6233 15.6345 -9 19.6187 15.6446 -9.3 19.7393 15.1245 -9.3 19.7436 15.1166 -9 19.8216 14.5909 -9 19.8156 14.5974 -9.3 19.8631 14.0631 -9 19.8598 14.0664 -9.3 19.8813 13.5339 -9.3 19.8812 13.5327 -9 -18.3332 17.9647 -9 -18.337 17.9602 -9.3 -18.674 17.5553 -9 -18.6783 17.5492 -9.3 -18.9775 17.1121 -9 -19.2369 16.6459 -9 -18.9795 17.1089 -9.3 -19.8155 14.5995 -9 -19.7417 15.1264 -9.3 -19.8209 14.5984 -9.3 -19.2394 16.6408 -9.3 -19.4525 16.153 -9.3 -19.4502 16.1573 -9 -19.6171 15.6501 -9 -19.7388 15.1274 -9 -19.6203 15.6451 -9.3 -19.8813 13.5351 -9 -19.8813 13.5337 -9.3 -19.8597 14.0683 -9 -19.863 14.0668 -9.3 -17.9593 18.3378 -9.3 -17.9549 18.3417 -9 -17.5421 18.6834 -9 -17.5493 18.6782 -9.3 -17.1008 18.9845 -9 -17.1078 18.9803 -9.3 -16.6422 19.2387 -9.3 -16.6332 19.2431 -9 -16.1441 19.4558 -9 -16.1512 19.4523 -9.3 -15.6345 19.6233 -9 -15.6446 19.6187 -9.3 -15.1245 19.7393 -9.3 -15.1166 19.7436 -9 -14.5909 19.8216 -9 -14.5974 19.8156 -9.3 -14.0631 19.8631 -9 -14.0664 19.8598 -9.3 -13.5339 19.8813 -9.3 -13.5327 19.8812 -9 -13 19.88 -9 -13 19.88 -9.3 -13 20.9951 -0.0690983 -14.0667 20.9779 -0.0706188 -13 20.9891 -0.054601 -20.2044 16.9874 -4.30212e-15 -20.1321 17.1685 -0.00105565 -20.5384 16.1824 -0.00105565 -19.6049 18.1101 -0.0186174 -18.8957 18.9152 -0.0102624 -18.9056 18.9251 -0.0186174 -20.1453 17.1753 -0.00441368 -20.5526 16.187 -0.00441368 -18.8853 18.9047 -0.00441368 -19.5936 18.1019 -0.0102624 -20.8965 14.0718 -0.00105565 -20.7891 15.1374 -0.00105565 -20.9114 14.0725 -0.00441368 -20.8038 15.1399 -0.00441368 -20.607 15.8956 -4.26867e-15 -20.8241 14.749 -4.36201e-15 -20.876 14.1681 -4.60715e-15 -20.9013 13.5851 -5.06405e-15 -20.9 13 -5.73272e-15 -20.9156 13 -0.00123117 -17.1637 20.1833 -0.0186174 -18.0889 19.6357 -0.0292893 -18.0816 19.6255 -0.0186174 -18.9144 18.934 -0.0292893 -19.6237 18.1239 -0.0418891 -19.6151 18.1176 -0.0292893 -16.1628 20.5904 -0.0186174 -17.1694 20.1946 -0.0292893 -18.056 19.5901 -0.00105565 -18.0647 19.6022 -0.00441368 -16.1724 20.6206 -0.0558733 -16.1699 20.6126 -0.0418891 -15.1258 20.8586 -0.0418891 -16.1666 20.6024 -0.0292893 -17.1742 20.2041 -0.0418891 -16.1752 20.6294 -0.085508 -16.7926 20.4023 -0.1 -17.1821 20.2198 -0.085508 -14.0664 20.9721 -0.0558733 -13 20.9588 -0.0190983 -14.0655 20.9531 -0.0292893 -14.0649 20.9405 -0.0186174 -13 20.9707 -0.0292893 -13 20.9809 -0.0412215 -14.066 20.9638 -0.0418891 -14.0636 20.9118 -0.00441368 -14.0643 20.9265 -0.0102624 -15.1199 20.8218 -0.0102624 -13 20.9454 -0.0108993 -13 20.9309 -0.00489435 -13 20.9156 -0.00123117 -13.5808 20.9012 -4.31069e-15 -14.0629 20.8969 -0.00105565 -15.1176 20.8073 -0.00441368 -13 20.9 -4.32326e-15 -14.0668 20.9813 -0.085508 -17.3102 20.1548 -0.1 -17.8099 19.8619 -0.1 -13 20.9988 -0.0843566 -16.2611 20.603 -0.1 -13.5416 21.0022 -0.1 -14.6309 20.9446 -0.1 -14.085 20.9826 -0.1 -18.1055 19.6586 -0.085508 -13 21 -0.1 -15.1241 20.8481 -0.0292893 -15.1221 20.8356 -0.0186174 -20.8725 15.1511 -0.085508 -20.6188 16.2083 -0.085508 -20.7556 15.7189 -0.1 -18.0952 19.6444 -0.0418891 -17.1779 20.2116 -0.0558733 -18.8748 18.8942 -0.00105565 -19.5817 18.0932 -0.00441368 -18.922 18.9416 -0.0418891 -18.9279 18.9475 -0.0558733 -18.1001 19.6511 -0.0558733 -19.8633 17.8062 -0.1 -20.2073 17.2068 -0.085508 -19.6379 18.1342 -0.085508 -19.6305 18.1288 -0.0558733 -20.61 16.2055 -0.0558733 -20.8634 15.1496 -0.0558733 -20.602 16.2029 -0.0418891 -20.4019 16.789 -0.1 -20.9775 14.0756 -0.0706188 -20.9988 13 -0.0843566 -20.9951 13 -0.0690983 -20.8692 15.1506 -0.0706188 -20.9809 14.0758 -0.085508 -21.0022 13.5416 -0.1 -20.9815 14.0848 -0.1 -21 13 -0.1 -15.1765 20.87 -0.1 -15.1286 20.8759 -0.085508 -15.7217 20.7588 -0.1 -15.1281 20.8726 -0.0706188 -15.1272 20.8669 -0.0558733 -15.1152 20.7926 -0.00105565 -16.1497 20.5488 -0.00105565 -15.3036 20.746 -4.29589e-15 -14.733 20.8322 -4.29789e-15 -14.1585 20.8787 -4.30225e-15 -18.7342 19.1469 -0.1 -18.2863 19.5245 -0.1 -16.1742 20.6262 -0.0706188 -18.9344 18.954 -0.085508 -16.1586 20.5771 -0.0102624 -17.1441 20.1444 -0.00105565 -16.4241 20.4398 -4.29646e-15 -16.1542 20.563 -0.00441368 -19.1494 18.731 -0.1 -19.5267 18.2835 -0.1 -17.1806 20.2168 -0.0706188 -17.1574 20.1708 -0.0102624 -17.1508 20.1576 -0.00441368 -15.8677 20.6173 -4.2958e-15 -20.1558 17.3077 -0.1 -18.1035 19.6559 -0.0706188 -18.0734 19.6142 -0.0102624 -17.4792 19.9467 -4.30448e-15 -16.9633 20.2159 -4.29854e-15 -20.6027 16.2592 -0.1 -18.932 18.9516 -0.0706188 -18.4342 19.2768 -4.3097e-15 -17.9687 19.6345 -4.30921e-15 -20.8689 15.1755 -0.1 -19.6352 18.1322 -0.0706188 -20.1585 17.1819 -0.0102624 -19.2592 18.4563 -4.31014e-15 -19.5697 18.0844 -0.00105565 -18.8645 18.8839 -4.3097e-15 -20.1991 17.2026 -0.0558733 -20.2043 17.2053 -0.0706188 -20.1917 17.1988 -0.0418891 -20.1822 17.194 -0.0292893 -20.1709 17.1883 -0.0186174 -19.9331 17.5024 -4.30822e-15 -19.6154 17.9957 -4.30965e-15 -20.6156 16.2073 -0.0706188 -20.5919 16.1997 -0.0292893 -20.5799 16.1958 -0.0186174 -20.5666 16.1915 -0.0102624 -20.9379 14.6296 -0.1 -20.8551 15.1483 -0.0418891 -20.8446 15.1465 -0.0292893 -20.8322 15.1445 -0.0186174 -20.8184 15.1422 -0.0102624 -20.4294 16.4522 -4.2959e-15 -20.9717 14.0753 -0.0558733 -20.9633 14.0749 -0.0418891 -20.9527 14.0744 -0.0292893 -20.9401 14.0738 -0.0186174 -20.9261 14.0732 -0.0102624 -20.74 15.3263 -4.28786e-15 -20.9891 13 -0.054601 -20.9809 13 -0.0412215 -20.9707 13 -0.0292893 -20.9588 13 -0.0190983 -20.9454 13 -0.0108993 -20.9309 13 -0.00489435 -20.9707 -13 -0.0292893 -20.9581 -13 -0.0186174 -20.9441 -13 -0.0102624 -20.9294 -13 -0.00441368 -20.9145 -13 -0.00105565 -20.9 -13 -6.93889e-18 -20.9814 -13 -0.0418891 -20.9897 -13 -0.0558733 -20.9956 -13 -0.0706188 -20.9989 -13 -0.085508 -21 -13 -0.1 -20.9779 -14.0667 -0.0706188 -16.9874 -20.2044 -4.30149e-15 -17.1685 -20.1321 -0.00105565 -16.1824 -20.5384 -0.00105565 -18.1101 -19.6049 -0.0186174 -18.9152 -18.8957 -0.0102624 -18.9251 -18.9056 -0.0186174 -17.1753 -20.1453 -0.00441368 -16.187 -20.5526 -0.00441368 -18.9047 -18.8853 -0.00441368 -18.1019 -19.5936 -0.0102624 -14.0718 -20.8965 -0.00105565 -15.1374 -20.7891 -0.00105565 -14.0725 -20.9114 -0.00441368 -15.1399 -20.8038 -0.00441368 -15.8956 -20.607 -4.27715e-15 -14.749 -20.8241 -4.37086e-15 -14.1681 -20.876 -4.62313e-15 -13.5851 -20.9013 -5.08612e-15 -13 -20.9 -5.75982e-15 -13 -20.9156 -0.00123117 -20.1833 -17.1637 -0.0186174 -19.6357 -18.0889 -0.0292893 -19.6255 -18.0816 -0.0186174 -18.934 -18.9144 -0.0292893 -18.1239 -19.6237 -0.0418891 -18.1176 -19.6151 -0.0292893 -20.5904 -16.1628 -0.0186174 -20.1946 -17.1694 -0.0292893 -19.5901 -18.056 -0.00105565 -19.6022 -18.0647 -0.00441368 -20.6206 -16.1724 -0.0558733 -20.6126 -16.1699 -0.0418891 -20.8586 -15.1258 -0.0418891 -20.6024 -16.1666 -0.0292893 -20.2041 -17.1742 -0.0418891 -20.6294 -16.1752 -0.085508 -20.4023 -16.7926 -0.1 -20.2198 -17.1821 -0.085508 -20.9721 -14.0664 -0.0558733 -20.9531 -14.0655 -0.0292893 -20.9405 -14.0649 -0.0186174 -20.9638 -14.066 -0.0418891 -20.9118 -14.0636 -0.00441368 -20.9265 -14.0643 -0.0102624 -20.8218 -15.1199 -0.0102624 -20.9012 -13.5808 -4.31741e-15 -20.8969 -14.0629 -0.00105565 -20.8073 -15.1176 -0.00441368 -20.9813 -14.0668 -0.085508 -20.1548 -17.3102 -0.1 -19.8619 -17.8099 -0.1 -20.603 -16.2611 -0.1 -21.0022 -13.5416 -0.1 -20.9446 -14.6309 -0.1 -20.9826 -14.085 -0.1 -19.6586 -18.1055 -0.085508 -20.8481 -15.1241 -0.0292893 -20.8356 -15.1221 -0.0186174 -15.1511 -20.8725 -0.085508 -16.2083 -20.6188 -0.085508 -15.7189 -20.7556 -0.1 -19.6444 -18.0952 -0.0418891 -20.2116 -17.1779 -0.0558733 -18.8942 -18.8748 -0.00105565 -18.0932 -19.5817 -0.00441368 -18.9416 -18.922 -0.0418891 -18.9475 -18.9279 -0.0558733 -19.6511 -18.1001 -0.0558733 -17.8062 -19.8633 -0.1 -17.2068 -20.2073 -0.085508 -18.1342 -19.6379 -0.085508 -18.1288 -19.6305 -0.0558733 -16.2055 -20.61 -0.0558733 -15.1496 -20.8634 -0.0558733 -16.2029 -20.602 -0.0418891 -16.789 -20.4019 -0.1 -14.0756 -20.9775 -0.0706188 -13 -20.9988 -0.0843566 -13 -20.9951 -0.0690983 -15.1506 -20.8692 -0.0706188 -14.0758 -20.9809 -0.085508 -13.5416 -21.0022 -0.1 -14.0848 -20.9815 -0.1 -13 -21 -0.1 -20.87 -15.1765 -0.1 -20.8759 -15.1286 -0.085508 -20.7588 -15.7217 -0.1 -20.8726 -15.1281 -0.0706188 -20.8669 -15.1272 -0.0558733 -20.7926 -15.1152 -0.00105565 -20.5488 -16.1497 -0.00105565 -20.746 -15.3036 -4.30261e-15 -20.8322 -14.733 -4.30909e-15 -20.8787 -14.1585 -4.3127e-15 -19.1469 -18.7342 -0.1 -19.5245 -18.2863 -0.1 -20.6262 -16.1742 -0.0706188 -18.954 -18.9344 -0.085508 -20.5771 -16.1586 -0.0102624 -20.1444 -17.1441 -0.00105565 -20.4398 -16.4241 -4.30119e-15 -20.563 -16.1542 -0.00441368 -18.731 -19.1494 -0.1 -18.2835 -19.5267 -0.1 -20.2168 -17.1806 -0.0706188 -20.1708 -17.1574 -0.0102624 -20.1576 -17.1508 -0.00441368 -20.6173 -15.8677 -4.29655e-15 -17.3077 -20.1558 -0.1 -19.6559 -18.1035 -0.0706188 -19.6142 -18.0734 -0.0102624 -19.9467 -17.4792 -4.3097e-15 -20.2159 -16.9633 -4.30825e-15 -16.2592 -20.6027 -0.1 -18.9516 -18.932 -0.0706188 -19.2768 -18.4342 -4.31095e-15 -19.6345 -17.9687 -4.3097e-15 -15.1755 -20.8689 -0.1 -18.1322 -19.6352 -0.0706188 -17.1819 -20.1585 -0.0102624 -18.4563 -19.2592 -4.30298e-15 -18.0844 -19.5697 -0.00105565 -18.8839 -18.8645 -4.3097e-15 -17.2026 -20.1991 -0.0558733 -17.2053 -20.2043 -0.0706188 -17.1988 -20.1917 -0.0418891 -17.194 -20.1822 -0.0292893 -17.1883 -20.1709 -0.0186174 -17.5024 -19.9331 -4.2985e-15 -17.9957 -19.6154 -4.29925e-15 -16.2073 -20.6156 -0.0706188 -16.1997 -20.5919 -0.0292893 -16.1958 -20.5799 -0.0186174 -16.1915 -20.5666 -0.0102624 -14.6296 -20.9379 -0.1 -15.1483 -20.8551 -0.0418891 -15.1465 -20.8446 -0.0292893 -15.1445 -20.8322 -0.0186174 -15.1422 -20.8184 -0.0102624 -16.4522 -20.4294 -4.30697e-15 -14.0753 -20.9717 -0.0558733 -14.0749 -20.9633 -0.0418891 -14.0744 -20.9527 -0.0292893 -14.0738 -20.9401 -0.0186174 -14.0732 -20.9261 -0.0102624 -15.3263 -20.74 -4.29145e-15 -13 -20.9891 -0.054601 -13 -20.9809 -0.0412215 -13 -20.9707 -0.0292893 -13 -20.9588 -0.0190983 -13 -20.9454 -0.0108993 -13 -20.9309 -0.00489435 13 -20.9707 -0.0292893 13 -20.9581 -0.0186174 13 -20.9441 -0.0102624 13 -20.9294 -0.00441368 13 -20.9145 -0.00105565 13 -20.9 0 13 -20.9814 -0.0418891 13 -20.9897 -0.0558733 13 -20.9956 -0.0706188 13 -20.9989 -0.085508 13 -21 -0.1 14.0667 -20.9779 -0.0706188 20.2044 -16.9874 -4.3025e-15 20.1321 -17.1685 -0.00105565 20.5384 -16.1824 -0.00105565 19.6049 -18.1101 -0.0186174 18.8957 -18.9152 -0.0102624 18.9056 -18.9251 -0.0186174 20.1453 -17.1753 -0.00441368 20.5526 -16.187 -0.00441368 18.8853 -18.9047 -0.00441368 19.5936 -18.1019 -0.0102624 20.8965 -14.0718 -0.00105565 20.7891 -15.1374 -0.00105565 20.9114 -14.0725 -0.00441368 20.8038 -15.1399 -0.00441368 20.607 -15.8956 -4.27211e-15 20.8241 -14.749 -4.35731e-15 20.876 -14.1681 -4.60958e-15 20.9013 -13.5851 -5.07257e-15 20.9 -13 -5.74627e-15 20.9156 -13 -0.00123117 17.1637 -20.1833 -0.0186174 18.0889 -19.6357 -0.0292893 18.0816 -19.6255 -0.0186174 18.9144 -18.934 -0.0292893 19.6237 -18.1239 -0.0418891 19.6151 -18.1176 -0.0292893 16.1628 -20.5904 -0.0186174 17.1694 -20.1946 -0.0292893 18.056 -19.5901 -0.00105565 18.0647 -19.6022 -0.00441368 16.1724 -20.6206 -0.0558733 16.1699 -20.6126 -0.0418891 15.1258 -20.8586 -0.0418891 16.1666 -20.6024 -0.0292893 17.1742 -20.2041 -0.0418891 16.1752 -20.6294 -0.085508 16.7926 -20.4023 -0.1 17.1821 -20.2198 -0.085508 14.0664 -20.9721 -0.0558733 14.0655 -20.9531 -0.0292893 14.0649 -20.9405 -0.0186174 14.066 -20.9638 -0.0418891 14.0636 -20.9118 -0.00441368 14.0643 -20.9265 -0.0102624 15.1199 -20.8218 -0.0102624 13.5808 -20.9012 -4.30927e-15 14.0629 -20.8969 -0.00105565 15.1176 -20.8073 -0.00441368 14.0668 -20.9813 -0.085508 17.3102 -20.1548 -0.1 17.8099 -19.8619 -0.1 16.2611 -20.603 -0.1 13.5416 -21.0022 -0.1 14.6309 -20.9446 -0.1 14.085 -20.9826 -0.1 18.1055 -19.6586 -0.085508 15.1241 -20.8481 -0.0292893 15.1221 -20.8356 -0.0186174 20.8725 -15.1511 -0.085508 20.6188 -16.2083 -0.085508 20.7556 -15.7189 -0.1 18.0952 -19.6444 -0.0418891 17.1779 -20.2116 -0.0558733 18.8748 -18.8942 -0.00105565 19.5817 -18.0932 -0.00441368 18.922 -18.9416 -0.0418891 18.9279 -18.9475 -0.0558733 18.1001 -19.6511 -0.0558733 19.8633 -17.8062 -0.1 20.2073 -17.2068 -0.085508 19.6379 -18.1342 -0.085508 19.6305 -18.1288 -0.0558733 20.61 -16.2055 -0.0558733 20.8634 -15.1496 -0.0558733 20.602 -16.2029 -0.0418891 20.4019 -16.789 -0.1 20.9775 -14.0756 -0.0706188 20.9988 -13 -0.0843566 20.9951 -13 -0.0690983 20.8692 -15.1506 -0.0706188 20.9809 -14.0758 -0.085508 21.0022 -13.5416 -0.1 20.9815 -14.0848 -0.1 21 -13 -0.1 15.1765 -20.87 -0.1 15.1286 -20.8759 -0.085508 15.7217 -20.7588 -0.1 15.1281 -20.8726 -0.0706188 15.1272 -20.8669 -0.0558733 15.1152 -20.7926 -0.00105565 16.1497 -20.5488 -0.00105565 15.3036 -20.746 -4.31654e-15 14.733 -20.8322 -4.31118e-15 14.1585 -20.8787 -4.30975e-15 18.7342 -19.1469 -0.1 18.2863 -19.5245 -0.1 16.1742 -20.6262 -0.0706188 18.9344 -18.954 -0.085508 16.1586 -20.5771 -0.0102624 17.1441 -20.1444 -0.00105565 16.4241 -20.4398 -4.32052e-15 16.1542 -20.563 -0.00441368 19.1494 -18.731 -0.1 19.5267 -18.2835 -0.1 17.1806 -20.2168 -0.0706188 17.1574 -20.1708 -0.0102624 17.1508 -20.1576 -0.00441368 15.8677 -20.6173 -4.32251e-15 20.1558 -17.3077 -0.1 18.1035 -19.6559 -0.0706188 18.0734 -19.6142 -0.0102624 17.4792 -19.9467 -4.30765e-15 16.9633 -20.2159 -4.31504e-15 20.6027 -16.2592 -0.1 18.932 -18.9516 -0.0706188 18.4342 -19.2768 -4.3082e-15 17.9687 -19.6345 -4.30341e-15 20.8689 -15.1755 -0.1 19.6352 -18.1322 -0.0706188 20.1585 -17.1819 -0.0102624 19.2592 -18.4563 -4.30298e-15 19.5697 -18.0844 -0.00105565 18.8645 -18.8839 -4.3097e-15 20.1991 -17.2026 -0.0558733 20.2043 -17.2053 -0.0706188 20.1917 -17.1988 -0.0418891 20.1822 -17.194 -0.0292893 20.1709 -17.1883 -0.0186174 19.9331 -17.5024 -4.2985e-15 19.6154 -17.9957 -4.29925e-15 20.6156 -16.2073 -0.0706188 20.5919 -16.1997 -0.0292893 20.5799 -16.1958 -0.0186174 20.5666 -16.1915 -0.0102624 20.9379 -14.6296 -0.1 20.8551 -15.1483 -0.0418891 20.8446 -15.1465 -0.0292893 20.8322 -15.1445 -0.0186174 20.8184 -15.1422 -0.0102624 20.4294 -16.4522 -4.30831e-15 20.9717 -14.0753 -0.0558733 20.9633 -14.0749 -0.0418891 20.9527 -14.0744 -0.0292893 20.9401 -14.0738 -0.0186174 20.9261 -14.0732 -0.0102624 20.74 -15.3263 -4.27935e-15 20.9891 -13 -0.054601 20.9809 -13 -0.0412215 20.9707 -13 -0.0292893 20.9588 -13 -0.0190983 20.9454 -13 -0.0108993 20.9309 -13 -0.00489435 20.9707 13 -0.0292893 20.9814 13 -0.0418891 20.9897 13 -0.0558733 20.9956 13 -0.0706188 20.9989 13 -0.085508 21 13 -0.1 20.9581 13 -0.0186174 20.9441 13 -0.0102624 20.9294 13 -0.00441368 20.9145 13 -0.00105565 20.9 13 -6.93889e-18 20.6294 16.1752 -0.085508 20.4023 16.7926 -0.1 20.2198 17.1821 -0.085508 20.9721 14.0664 -0.0558733 20.9779 14.0667 -0.0706188 20.9446 14.6309 -0.1 20.8759 15.1286 -0.085508 20.9813 14.0668 -0.085508 20.603 16.2611 -0.1 20.1548 17.3102 -0.1 19.8619 17.8099 -0.1 20.87 15.1765 -0.1 20.7588 15.7217 -0.1 21.0022 13.5416 -0.1 20.9826 14.085 -0.1 19.6586 18.1055 -0.085508 20.9638 14.066 -0.0418891 20.2041 17.1742 -0.0418891 20.6024 16.1666 -0.0292893 20.6126 16.1699 -0.0418891 15.7189 20.7556 -0.1 15.1511 20.8725 -0.085508 16.2083 20.6188 -0.085508 18.9152 18.8957 -0.0102624 18.9251 18.9056 -0.0186174 18.1101 19.6049 -0.0186174 20.5904 16.1628 -0.0186174 20.1946 17.1694 -0.0292893 20.1833 17.1637 -0.0186174 20.2116 17.1779 -0.0558733 19.6357 18.0889 -0.0292893 19.6255 18.0816 -0.0186174 18.9416 18.922 -0.0418891 19.6444 18.0952 -0.0418891 18.9475 18.9279 -0.0558733 19.6511 18.1001 -0.0558733 17.2068 20.2073 -0.085508 18.1342 19.6379 -0.085508 17.8062 19.8633 -0.1 18.1288 19.6305 -0.0558733 16.2055 20.61 -0.0558733 15.1496 20.8634 -0.0558733 16.2029 20.602 -0.0418891 16.789 20.4019 -0.1 15.1506 20.8692 -0.0706188 14.0758 20.9809 -0.085508 14.0756 20.9775 -0.0706188 18.9047 18.8853 -0.00441368 18.0932 19.5817 -0.00441368 18.8942 18.8748 -0.00105565 13.5416 21.0022 -0.1 14.0848 20.9815 -0.1 13 20.9988 -0.0843566 13 20.9951 -0.0690983 13 21 -0.1 18.1019 19.5936 -0.0102624 17.1685 20.1321 -0.00105565 16.1824 20.5384 -0.00105565 16.9874 20.2044 -4.31034e-15 15.1399 20.8038 -0.00441368 15.1374 20.7891 -0.00105565 15.8956 20.607 -4.26394e-15 14.0718 20.8965 -0.00105565 14.749 20.8241 -4.35678e-15 17.1753 20.1453 -0.00441368 16.187 20.5526 -0.00441368 14.1681 20.876 -4.60665e-15 13.5851 20.9013 -5.0653e-15 14.0725 20.9114 -0.00441368 19.6022 18.0647 -0.00441368 19.5901 18.056 -0.00105565 18.934 18.9144 -0.0292893 18.1239 19.6237 -0.0418891 18.1176 19.6151 -0.0292893 13 20.9156 -0.00123117 13 20.9 -5.73272e-15 20.8356 15.1221 -0.0186174 20.8481 15.1241 -0.0292893 20.6206 16.1724 -0.0558733 20.8586 15.1258 -0.0418891 20.9531 14.0655 -0.0292893 20.9405 14.0649 -0.0186174 20.9118 14.0636 -0.00441368 20.9265 14.0643 -0.0102624 20.8218 15.1199 -0.0102624 20.8073 15.1176 -0.00441368 20.9012 13.5808 -4.29572e-15 20.8969 14.0629 -0.00105565 20.8726 15.1281 -0.0706188 20.8669 15.1272 -0.0558733 20.7926 15.1152 -0.00105565 20.5488 16.1497 -0.00105565 20.746 15.3036 -4.30224e-15 20.8322 14.733 -4.29763e-15 20.8787 14.1585 -4.2962e-15 19.1469 18.7342 -0.1 19.5245 18.2863 -0.1 20.6262 16.1742 -0.0706188 18.954 18.9344 -0.085508 20.5771 16.1586 -0.0102624 20.1444 17.1441 -0.00105565 20.4398 16.4241 -4.30871e-15 20.563 16.1542 -0.00441368 18.731 19.1494 -0.1 18.2835 19.5267 -0.1 20.2168 17.1806 -0.0706188 20.1708 17.1574 -0.0102624 20.1576 17.1508 -0.00441368 20.6173 15.8677 -4.30796e-15 17.3077 20.1558 -0.1 19.6559 18.1035 -0.0706188 19.6142 18.0734 -0.0102624 19.9467 17.4792 -4.31411e-15 20.2159 16.9633 -4.30896e-15 16.2592 20.6027 -0.1 18.9516 18.932 -0.0706188 19.2768 18.4342 -4.32178e-15 19.6345 17.9687 -4.3191e-15 15.1755 20.8689 -0.1 18.1322 19.6352 -0.0706188 17.1819 20.1585 -0.0102624 18.4563 19.2592 -4.32413e-15 18.0844 19.5697 -0.00105565 18.8839 18.8645 -4.32326e-15 17.2026 20.1991 -0.0558733 17.2053 20.2043 -0.0706188 17.1988 20.1917 -0.0418891 17.194 20.1822 -0.0292893 17.1883 20.1709 -0.0186174 17.5024 19.9331 -4.32029e-15 17.9957 19.6154 -4.32316e-15 16.2073 20.6156 -0.0706188 16.1997 20.5919 -0.0292893 16.1958 20.5799 -0.0186174 16.1915 20.5666 -0.0102624 14.6296 20.9379 -0.1 15.1483 20.8551 -0.0418891 15.1465 20.8446 -0.0292893 15.1445 20.8322 -0.0186174 15.1422 20.8184 -0.0102624 16.4522 20.4294 -4.29864e-15 14.0753 20.9717 -0.0558733 14.0749 20.9633 -0.0418891 14.0744 20.9527 -0.0292893 14.0738 20.9401 -0.0186174 14.0732 20.9261 -0.0102624 15.3263 20.74 -4.27816e-15 13 20.9891 -0.054601 13 20.9809 -0.0412215 13 20.9707 -0.0292893 13 20.9588 -0.0190983 13 20.9454 -0.0108993 13 20.9309 -0.00489435 -15.1567 -19.8555 0 -14.6215 -19.9334 0 -19.3437 -16.7005 0 -19.0786 -17.1761 0 -18.7718 -17.6239 0 -17.6225 -18.7727 0 -18.04 -18.4264 0 -18.4245 -18.0423 0 -17.1722 -19.0811 0 -19.9387 -14.6228 0 -15.6851 -19.7319 0 -16.6981 -19.3447 0 -16.1997 -19.5622 0 -14.0826 -19.9787 0 -13.5421 -20.0009 0 -19.5613 -16.2045 0 -13 -20 0 -19.7329 -15.6878 0 -19.8573 -15.1599 0 -20.0007 -13.5422 0 17.6239 -18.7718 0 17.1761 -19.0786 0 16.7005 -19.3437 0 18.7727 -17.6225 0 18.4264 -18.04 0 19.0811 -17.1722 0 18.0423 -18.4245 0 19.8555 -15.1567 0 19.9334 -14.6215 0 19.7319 -15.6851 0 19.9787 -14.0826 0 19.5622 -16.1997 0 19.3447 -16.6981 0 20.0009 -13.5421 0 16.2045 -19.5613 0 20 -13 0 15.6878 -19.7329 0 20.0007 13.5422 0 15.1599 -19.8573 0 -13.5422 20.0007 0 19.0786 17.1761 0 19.3437 16.7005 0 18.7718 17.6239 0 17.6225 18.7727 0 18.04 18.4264 0 18.4245 18.0423 0 17.1722 19.0811 0 15.6851 19.7319 0 15.1567 19.8555 0 14.6215 19.9334 0 16.1997 19.5622 0 16.6981 19.3447 0 14.0826 19.9787 0 13.5421 20.0009 0 19.5613 16.2045 0 13 20 0 19.7329 15.6878 0 19.8573 15.1599 0 -13 20 0 -15.6878 19.7329 0 -15.1599 19.8573 0 -19.9787 14.0826 0 -20.0009 13.5421 0 -18.7727 17.6225 0 -17.1761 19.0786 0 -16.7005 19.3437 0 -18.4264 18.04 0 -17.6239 18.7718 0 -19.0811 17.1722 0 -18.0423 18.4245 0 -19.9334 14.6215 0 -19.8555 15.1567 0 -19.7319 15.6851 0 -14.6228 19.9387 0 -19.5622 16.1997 0 -19.3447 16.6981 0 -16.2045 19.5613 0 -20 13 0 -19.9817 -14.0835 0 -20 -13 0 -14.0835 19.9817 0 19.9387 14.6228 0 19.9817 14.0835 0 20 13 0 13.5422 -20.0007 0 14.6228 -19.9387 0 14.0835 -19.9817 0 13 -20 0 -20.9758 14.1736 -8.9 -21.0014 13.5869 -8.9 -21 13 -8.9 -20.8382 15.3449 -8.9 -20.7034 15.9221 -8.9 -20.9234 14.7602 -8.9 -20.0195 17.5528 -8.9 -20.2948 17.0301 -8.9 -20.5232 16.4868 -8.9 -18.9351 18.9548 -8.9 -19.3355 18.5209 -8.9 -19.6971 18.0535 -8.9 -18.026 19.7164 -8.9 -17.5293 20.0332 -8.9 -18.4985 19.3534 -8.9 -16.4584 20.5337 -8.9 -17.0057 20.3065 -8.9 -15.894 20.7138 -8.9 -15.3221 20.8443 -8.9 -14.7444 20.9316 -8.9 -14.164 20.9786 -8.9 -13.5825 21.0012 -8.9 -13 21 -8.9 -21 -13 -8.9 -14.1736 -20.9758 -8.9 -13.5869 -21.0014 -8.9 -13 -21 -8.9 -15.3449 -20.8382 -8.9 -15.9221 -20.7034 -8.9 -14.7602 -20.9234 -8.9 -17.5528 -20.0195 -8.9 -17.0301 -20.2948 -8.9 -16.4868 -20.5232 -8.9 -18.9548 -18.9351 -8.9 -18.5209 -19.3355 -8.9 -18.0535 -19.6971 -8.9 -19.7164 -18.026 -8.9 -20.0332 -17.5293 -8.9 -19.3534 -18.4985 -8.9 -20.5337 -16.4584 -8.9 -20.3065 -17.0057 -8.9 -20.7138 -15.894 -8.9 -20.8443 -15.3221 -8.9 -20.9316 -14.7444 -8.9 -20.9786 -14.164 -8.9 -21.0012 -13.5825 -8.9 13 -21 -8.9 20.9758 -14.1736 -8.9 21.0014 -13.5869 -8.9 21 -13 -8.9 20.8382 -15.3449 -8.9 20.7034 -15.9221 -8.9 20.9234 -14.7602 -8.9 20.0195 -17.5528 -8.9 20.2948 -17.0301 -8.9 20.5232 -16.4868 -8.9 18.9351 -18.9548 -8.9 19.3355 -18.5209 -8.9 19.6971 -18.0535 -8.9 18.026 -19.7164 -8.9 17.5293 -20.0332 -8.9 18.4985 -19.3534 -8.9 16.4584 -20.5337 -8.9 17.0057 -20.3065 -8.9 15.894 -20.7138 -8.9 15.3221 -20.8443 -8.9 14.7444 -20.9316 -8.9 14.164 -20.9786 -8.9 13.5825 -21.0012 -8.9 21 13 -8.9 14.1736 20.9758 -8.9 13.5869 21.0014 -8.9 13 21 -8.9 15.3449 20.8382 -8.9 15.9221 20.7034 -8.9 14.7602 20.9234 -8.9 17.5528 20.0195 -8.9 17.0301 20.2948 -8.9 16.4868 20.5232 -8.9 18.9548 18.9351 -8.9 18.5209 19.3355 -8.9 18.0535 19.6971 -8.9 19.7164 18.026 -8.9 20.0332 17.5293 -8.9 19.3534 18.4985 -8.9 20.5337 16.4584 -8.9 20.3065 17.0057 -8.9 20.7138 15.894 -8.9 20.8443 15.3221 -8.9 20.9316 14.7444 -8.9 20.9786 14.164 -8.9 21.0012 13.5825 -8.9 -15.302 20.7444 -9 -16.1497 20.5488 -8.99894 -15.1152 20.7926 -8.99894 -13 20.9309 -8.99511 -13 20.9156 -8.99877 -14.0636 20.9118 -8.99559 -14.7322 20.8262 -9 -14.0629 20.8969 -8.99894 -16.9601 20.2167 -9 -17.1441 20.1444 -8.99894 -16.4199 20.4409 -9 -13.5808 20.9012 -9 -15.8656 20.6152 -9 -14.1582 20.8766 -9 -13 20.9 -9 -14.0643 20.9265 -8.98974 -14.0649 20.9405 -8.98138 -13 20.9454 -8.9891 -16.1666 20.6024 -8.97071 -15.1241 20.8481 -8.97071 -15.1221 20.8356 -8.98138 -17.478 19.9476 -9 -18.056 19.5901 -8.99894 -20.6188 16.2083 -8.91449 -20.2073 17.2068 -8.91449 -20.2043 17.2053 -8.92938 -18.1001 19.6511 -8.94413 -17.1742 20.2041 -8.95811 -18.0952 19.6444 -8.95811 -18.0734 19.6142 -8.98974 -18.8957 18.9152 -8.98974 -18.9056 18.9251 -8.98138 -16.1586 20.5771 -8.98974 -17.1637 20.1833 -8.98138 -16.1628 20.5904 -8.98138 -20.1709 17.1883 -8.98138 -19.5936 18.1019 -8.98974 -20.1585 17.1819 -8.98974 -18.0816 19.6255 -8.98138 -17.1574 20.1708 -8.98974 -20.1321 17.1685 -8.99894 -19.5697 18.0844 -8.99894 -19.9304 17.5065 -9 -18.8748 18.8942 -8.99894 -19.2581 18.4573 -9 -20.5384 16.1824 -8.99894 -20.2044 16.9883 -9 -20.7891 15.1374 -8.99894 -20.8038 15.1399 -8.99559 -18.9279 18.9475 -8.94413 -18.922 18.9416 -8.95811 -20.8965 14.0718 -8.99894 -20.9114 14.0725 -8.99559 -20.9156 13 -8.99877 -20.9309 13 -8.99511 -20.9261 14.0732 -8.98974 -20.8184 15.1422 -8.98974 -20.9013 13.5851 -9 -20.8782 14.1687 -9 -20.9 13 -9 -18.9144 18.934 -8.97071 -18.0889 19.6357 -8.97071 -19.6305 18.1288 -8.94413 -20.1991 17.2026 -8.94413 -19.6237 18.1239 -8.95811 -20.8725 15.1511 -8.91449 -20.9809 14.0758 -8.91449 -20.8634 15.1496 -8.94413 -20.8692 15.1506 -8.92938 -20.61 16.2055 -8.94413 -20.6156 16.2073 -8.92938 -20.9988 13 -8.91564 -18.9344 18.954 -8.91449 -18.932 18.9516 -8.92938 -19.6379 18.1342 -8.91449 -17.1694 20.1946 -8.97071 -16.1724 20.6206 -8.94413 -17.1779 20.2116 -8.94413 -17.1806 20.2168 -8.92938 -15.1199 20.8218 -8.98974 -14.0655 20.9531 -8.97071 -16.1742 20.6262 -8.92938 -15.1272 20.8669 -8.94413 -18.4304 19.2802 -9 -13 20.9588 -8.9809 -13 20.9707 -8.97071 -14.066 20.9638 -8.95811 -13 20.9809 -8.95878 -15.1258 20.8586 -8.95811 -13 20.9891 -8.9454 -14.0664 20.9721 -8.94413 -14.0667 20.9779 -8.92938 -13 20.9951 -8.9309 -14.0668 20.9813 -8.91449 -13 20.9988 -8.91564 -17.9682 19.6348 -9 -15.1176 20.8073 -8.99559 -15.1281 20.8726 -8.92938 -15.1286 20.8759 -8.91449 -18.8645 18.8839 -9 -16.1542 20.563 -8.99559 -16.1699 20.6126 -8.95811 -16.1752 20.6294 -8.91449 -17.1508 20.1576 -8.99559 -18.1055 19.6586 -8.91449 -17.1821 20.2198 -8.91449 -20.4295 16.4533 -9 -18.0647 19.6022 -8.99559 -18.1035 19.6559 -8.92938 -19.6145 17.9972 -9 -20.6082 15.8994 -9 -20.7409 15.3291 -9 -18.8853 18.9047 -8.99559 -20.1917 17.1988 -8.95811 -19.6049 18.1101 -8.98138 -19.5817 18.0932 -8.99559 -19.6151 18.1176 -8.97071 -19.6352 18.1322 -8.92938 -20.1822 17.194 -8.97071 -20.1453 17.1753 -8.99559 -20.5666 16.1915 -8.98974 -20.5799 16.1958 -8.98138 -20.5526 16.187 -8.99559 -20.5919 16.1997 -8.97071 -20.602 16.2029 -8.95811 -20.8304 14.7506 -9 -20.8322 15.1445 -8.98138 -20.8446 15.1465 -8.97071 -20.8551 15.1483 -8.95811 -20.9401 14.0738 -8.98138 -20.9527 14.0744 -8.97071 -20.9633 14.0749 -8.95811 -20.9717 14.0753 -8.94413 -20.9775 14.0756 -8.92938 -20.9454 13 -8.9891 -20.9588 13 -8.9809 -20.9707 13 -8.97071 -20.9809 13 -8.95878 -20.9891 13 -8.9454 -20.9951 13 -8.9309 -20.9707 -13 -8.97071 -20.9581 -13 -8.98138 -20.9441 -13 -8.98974 -20.9294 -13 -8.99559 -20.9145 -13 -8.99894 -20.9 -13 -9 -20.9814 -13 -8.95811 -20.9897 -13 -8.94413 -20.9956 -13 -8.92938 -20.9989 -13 -8.91449 -20.7444 -15.302 -9 -20.5488 -16.1497 -8.99894 -20.7926 -15.1152 -8.99894 -20.9118 -14.0636 -8.99559 -20.8262 -14.7322 -9 -20.8969 -14.0629 -8.99894 -20.2167 -16.9601 -9 -20.1444 -17.1441 -8.99894 -20.4409 -16.4199 -9 -20.9012 -13.5808 -9 -20.6152 -15.8656 -9 -20.8766 -14.1582 -9 -20.9265 -14.0643 -8.98974 -20.9405 -14.0649 -8.98138 -20.6024 -16.1666 -8.97071 -20.8481 -15.1241 -8.97071 -20.8356 -15.1221 -8.98138 -19.9476 -17.478 -9 -19.5901 -18.056 -8.99894 -16.2083 -20.6188 -8.91449 -17.2068 -20.2073 -8.91449 -17.2053 -20.2043 -8.92938 -19.6511 -18.1001 -8.94413 -20.2041 -17.1742 -8.95811 -19.6444 -18.0952 -8.95811 -19.6142 -18.0734 -8.98974 -18.9152 -18.8957 -8.98974 -18.9251 -18.9056 -8.98138 -20.5771 -16.1586 -8.98974 -20.1833 -17.1637 -8.98138 -20.5904 -16.1628 -8.98138 -17.1883 -20.1709 -8.98138 -18.1019 -19.5936 -8.98974 -17.1819 -20.1585 -8.98974 -19.6255 -18.0816 -8.98138 -20.1708 -17.1574 -8.98974 -17.1685 -20.1321 -8.99894 -18.0844 -19.5697 -8.99894 -17.5065 -19.9304 -9 -18.8942 -18.8748 -8.99894 -18.4573 -19.2581 -9 -16.1824 -20.5384 -8.99894 -16.9883 -20.2044 -9 -15.1374 -20.7891 -8.99894 -15.1399 -20.8038 -8.99559 -18.9475 -18.9279 -8.94413 -18.9416 -18.922 -8.95811 -14.0718 -20.8965 -8.99894 -14.0725 -20.9114 -8.99559 -13 -20.9156 -8.99877 -13 -20.9309 -8.99511 -14.0732 -20.9261 -8.98974 -15.1422 -20.8184 -8.98974 -13.5851 -20.9013 -9 -14.1687 -20.8782 -9 -13 -20.9 -9 -18.934 -18.9144 -8.97071 -19.6357 -18.0889 -8.97071 -18.1288 -19.6305 -8.94413 -17.2026 -20.1991 -8.94413 -18.1239 -19.6237 -8.95811 -15.1511 -20.8725 -8.91449 -14.0758 -20.9809 -8.91449 -15.1496 -20.8634 -8.94413 -15.1506 -20.8692 -8.92938 -16.2055 -20.61 -8.94413 -16.2073 -20.6156 -8.92938 -13 -20.9988 -8.91564 -18.954 -18.9344 -8.91449 -18.9516 -18.932 -8.92938 -18.1342 -19.6379 -8.91449 -20.1946 -17.1694 -8.97071 -20.6206 -16.1724 -8.94413 -20.2116 -17.1779 -8.94413 -20.2168 -17.1806 -8.92938 -20.8218 -15.1199 -8.98974 -20.9531 -14.0655 -8.97071 -20.6262 -16.1742 -8.92938 -20.8669 -15.1272 -8.94413 -19.2802 -18.4304 -9 -20.9638 -14.066 -8.95811 -20.8586 -15.1258 -8.95811 -20.9721 -14.0664 -8.94413 -20.9779 -14.0667 -8.92938 -20.9813 -14.0668 -8.91449 -19.6348 -17.9682 -9 -20.8073 -15.1176 -8.99559 -20.8726 -15.1281 -8.92938 -20.8759 -15.1286 -8.91449 -18.8839 -18.8645 -9 -20.563 -16.1542 -8.99559 -20.6126 -16.1699 -8.95811 -20.6294 -16.1752 -8.91449 -20.1576 -17.1508 -8.99559 -19.6586 -18.1055 -8.91449 -20.2198 -17.1821 -8.91449 -16.4533 -20.4295 -9 -19.6022 -18.0647 -8.99559 -19.6559 -18.1035 -8.92938 -17.9972 -19.6145 -9 -15.8994 -20.6082 -9 -15.3291 -20.7409 -9 -18.9047 -18.8853 -8.99559 -17.1988 -20.1917 -8.95811 -18.1101 -19.6049 -8.98138 -18.0932 -19.5817 -8.99559 -18.1176 -19.6151 -8.97071 -18.1322 -19.6352 -8.92938 -17.194 -20.1822 -8.97071 -17.1753 -20.1453 -8.99559 -16.1915 -20.5666 -8.98974 -16.1958 -20.5799 -8.98138 -16.187 -20.5526 -8.99559 -16.1997 -20.5919 -8.97071 -16.2029 -20.602 -8.95811 -14.7506 -20.8304 -9 -15.1445 -20.8322 -8.98138 -15.1465 -20.8446 -8.97071 -15.1483 -20.8551 -8.95811 -14.0738 -20.9401 -8.98138 -14.0744 -20.9527 -8.97071 -14.0749 -20.9633 -8.95811 -14.0753 -20.9717 -8.94413 -14.0756 -20.9775 -8.92938 -13 -20.9454 -8.9891 -13 -20.9588 -8.9809 -13 -20.9707 -8.97071 -13 -20.9809 -8.95878 -13 -20.9891 -8.9454 -13 -20.9951 -8.9309 13 -20.9707 -8.97071 13 -20.9814 -8.95811 13 -20.9897 -8.94413 13 -20.9956 -8.92938 13 -20.9989 -8.91449 13 -20.9581 -8.98138 13 -20.9441 -8.98974 13 -20.9294 -8.99559 13 -20.9145 -8.99894 13 -20.9 -9 14.0643 -20.9265 -8.98974 14.0636 -20.9118 -8.99559 19.6237 -18.1239 -8.95811 19.6305 -18.1288 -8.94413 18.922 -18.9416 -8.95811 18.9144 -18.934 -8.97071 18.0889 -19.6357 -8.97071 18.9279 -18.9475 -8.94413 18.0952 -19.6444 -8.95811 20.8634 -15.1496 -8.94413 20.8692 -15.1506 -8.92938 20.61 -16.2055 -8.94413 20.2043 -17.2053 -8.92938 20.1991 -17.2026 -8.94413 20.8725 -15.1511 -8.91449 20.9809 -14.0758 -8.91449 20.6156 -16.2073 -8.92938 20.6188 -16.2083 -8.91449 20.2073 -17.2068 -8.91449 18.0816 -19.6255 -8.98138 18.0734 -19.6142 -8.98974 18.9056 -18.9251 -8.98138 20.9988 -13 -8.91564 16.1666 -20.6024 -8.97071 16.1628 -20.5904 -8.98138 17.1694 -20.1946 -8.97071 18.1001 -19.6511 -8.94413 17.1742 -20.2041 -8.95811 14.0649 -20.9405 -8.98138 18.8748 -18.8942 -8.99894 18.056 -19.5901 -8.99894 18.4304 -19.2802 -9 14.0655 -20.9531 -8.97071 15.1199 -20.8218 -8.98974 15.1221 -20.8356 -8.98138 15.1272 -20.8669 -8.94413 15.1258 -20.8586 -8.95811 16.1724 -20.6206 -8.94413 14.0664 -20.9721 -8.94413 14.066 -20.9638 -8.95811 14.0667 -20.9779 -8.92938 15.1152 -20.7926 -8.99894 15.302 -20.7444 -9 16.1497 -20.5488 -8.99894 14.0668 -20.9813 -8.91449 14.0629 -20.8969 -8.99894 16.4199 -20.4409 -9 16.9601 -20.2167 -9 17.1441 -20.1444 -8.99894 13.5808 -20.9012 -9 14.1582 -20.8766 -9 14.7322 -20.8262 -9 17.478 -19.9476 -9 15.1241 -20.8481 -8.97071 16.1742 -20.6262 -8.92938 17.1779 -20.2116 -8.94413 17.1806 -20.2168 -8.92938 16.1586 -20.5771 -8.98974 17.1637 -20.1833 -8.98138 18.932 -18.9516 -8.92938 19.6379 -18.1342 -8.91449 18.9344 -18.954 -8.91449 17.1574 -20.1708 -8.98974 18.8957 -18.9152 -8.98974 20.1585 -17.1819 -8.98974 20.1709 -17.1883 -8.98138 19.5936 -18.1019 -8.98974 19.2581 -18.4573 -9 19.5697 -18.0844 -8.99894 20.1321 -17.1685 -8.99894 20.2044 -16.9883 -9 20.5384 -16.1824 -8.99894 19.9304 -17.5065 -9 20.9114 -14.0725 -8.99559 20.7891 -15.1374 -8.99894 20.8965 -14.0718 -8.99894 20.8038 -15.1399 -8.99559 20.9309 -13 -8.99511 20.9156 -13 -8.99877 20.9261 -14.0732 -8.98974 20.8184 -15.1422 -8.98974 20.9013 -13.5851 -9 20.8782 -14.1687 -9 20.9 -13 -9 15.8656 -20.6152 -9 17.9682 -19.6348 -9 15.1176 -20.8073 -8.99559 15.1281 -20.8726 -8.92938 15.1286 -20.8759 -8.91449 18.8645 -18.8839 -9 16.1542 -20.563 -8.99559 16.1699 -20.6126 -8.95811 16.1752 -20.6294 -8.91449 17.1508 -20.1576 -8.99559 18.1055 -19.6586 -8.91449 17.1821 -20.2198 -8.91449 20.4295 -16.4533 -9 18.0647 -19.6022 -8.99559 18.1035 -19.6559 -8.92938 19.6145 -17.9972 -9 20.6082 -15.8994 -9 20.7409 -15.3291 -9 18.8853 -18.9047 -8.99559 20.1917 -17.1988 -8.95811 19.6049 -18.1101 -8.98138 19.5817 -18.0932 -8.99559 19.6151 -18.1176 -8.97071 19.6352 -18.1322 -8.92938 20.1822 -17.194 -8.97071 20.1453 -17.1753 -8.99559 20.5666 -16.1915 -8.98974 20.5799 -16.1958 -8.98138 20.5526 -16.187 -8.99559 20.5919 -16.1997 -8.97071 20.602 -16.2029 -8.95811 20.8304 -14.7506 -9 20.8322 -15.1445 -8.98138 20.8446 -15.1465 -8.97071 20.8551 -15.1483 -8.95811 20.9401 -14.0738 -8.98138 20.9527 -14.0744 -8.97071 20.9633 -14.0749 -8.95811 20.9717 -14.0753 -8.94413 20.9775 -14.0756 -8.92938 20.9454 -13 -8.9891 20.9588 -13 -8.9809 20.9707 -13 -8.97071 20.9809 -13 -8.95878 20.9891 -13 -8.9454 20.9951 -13 -8.9309 20.9707 13 -8.97071 20.9814 13 -8.95811 20.9897 13 -8.94413 20.9956 13 -8.92938 20.9989 13 -8.91449 20.9581 13 -8.98138 20.9441 13 -8.98974 20.9294 13 -8.99559 20.9145 13 -8.99894 20.9 13 -9 20.7444 15.302 -9 20.5488 16.1497 -8.99894 20.7926 15.1152 -8.99894 20.9118 14.0636 -8.99559 20.8262 14.7322 -9 20.8969 14.0629 -8.99894 20.2167 16.9601 -9 20.1444 17.1441 -8.99894 20.4409 16.4199 -9 20.9012 13.5808 -9 20.6152 15.8656 -9 20.8766 14.1582 -9 20.9265 14.0643 -8.98974 20.9405 14.0649 -8.98138 20.6024 16.1666 -8.97071 20.8481 15.1241 -8.97071 20.8356 15.1221 -8.98138 19.9476 17.478 -9 19.5901 18.056 -8.99894 16.2083 20.6188 -8.91449 17.2068 20.2073 -8.91449 17.2053 20.2043 -8.92938 19.6511 18.1001 -8.94413 20.2041 17.1742 -8.95811 19.6444 18.0952 -8.95811 19.6142 18.0734 -8.98974 18.9152 18.8957 -8.98974 18.9251 18.9056 -8.98138 20.5771 16.1586 -8.98974 20.1833 17.1637 -8.98138 20.5904 16.1628 -8.98138 17.1883 20.1709 -8.98138 18.1019 19.5936 -8.98974 17.1819 20.1585 -8.98974 19.6255 18.0816 -8.98138 20.1708 17.1574 -8.98974 17.1685 20.1321 -8.99894 18.0844 19.5697 -8.99894 17.5065 19.9304 -9 18.8942 18.8748 -8.99894 18.4573 19.2581 -9 16.1824 20.5384 -8.99894 16.9883 20.2044 -9 15.1374 20.7891 -8.99894 15.1399 20.8038 -8.99559 18.9475 18.9279 -8.94413 18.9416 18.922 -8.95811 14.0718 20.8965 -8.99894 14.0725 20.9114 -8.99559 13 20.9156 -8.99877 13 20.9309 -8.99511 14.0732 20.9261 -8.98974 15.1422 20.8184 -8.98974 13.5851 20.9013 -9 14.1687 20.8782 -9 13 20.9 -9 18.934 18.9144 -8.97071 19.6357 18.0889 -8.97071 18.1288 19.6305 -8.94413 17.2026 20.1991 -8.94413 18.1239 19.6237 -8.95811 15.1511 20.8725 -8.91449 14.0758 20.9809 -8.91449 15.1496 20.8634 -8.94413 15.1506 20.8692 -8.92938 16.2055 20.61 -8.94413 16.2073 20.6156 -8.92938 13 20.9988 -8.91564 18.954 18.9344 -8.91449 18.9516 18.932 -8.92938 18.1342 19.6379 -8.91449 20.1946 17.1694 -8.97071 20.6206 16.1724 -8.94413 20.2116 17.1779 -8.94413 20.2168 17.1806 -8.92938 20.8218 15.1199 -8.98974 20.9531 14.0655 -8.97071 20.6262 16.1742 -8.92938 20.8669 15.1272 -8.94413 19.2802 18.4304 -9 20.9638 14.066 -8.95811 20.8586 15.1258 -8.95811 20.9721 14.0664 -8.94413 20.9779 14.0667 -8.92938 20.9813 14.0668 -8.91449 19.6348 17.9682 -9 20.8073 15.1176 -8.99559 20.8726 15.1281 -8.92938 20.8759 15.1286 -8.91449 18.8839 18.8645 -9 20.563 16.1542 -8.99559 20.6126 16.1699 -8.95811 20.6294 16.1752 -8.91449 20.1576 17.1508 -8.99559 19.6586 18.1055 -8.91449 20.2198 17.1821 -8.91449 16.4533 20.4295 -9 19.6022 18.0647 -8.99559 19.6559 18.1035 -8.92938 17.9972 19.6145 -9 15.8994 20.6082 -9 15.3291 20.7409 -9 18.9047 18.8853 -8.99559 17.1988 20.1917 -8.95811 18.1101 19.6049 -8.98138 18.0932 19.5817 -8.99559 18.1176 19.6151 -8.97071 18.1322 19.6352 -8.92938 17.194 20.1822 -8.97071 17.1753 20.1453 -8.99559 16.1915 20.5666 -8.98974 16.1958 20.5799 -8.98138 16.187 20.5526 -8.99559 16.1997 20.5919 -8.97071 16.2029 20.602 -8.95811 14.7506 20.8304 -9 15.1445 20.8322 -8.98138 15.1465 20.8446 -8.97071 15.1483 20.8551 -8.95811 14.0738 20.9401 -8.98138 14.0744 20.9527 -8.97071 14.0749 20.9633 -8.95811 14.0753 20.9717 -8.94413 14.0756 20.9775 -8.92938 13 20.9454 -8.9891 13 20.9588 -8.9809 13 20.9707 -8.97071 13 20.9809 -8.95878 13 20.9891 -8.9454 13 20.9951 -8.9309 -1.35331 -15 -16.8144 -1.89712 -15 -16.358 -1.64111 -15 -16.6052 -0.872307 -15 -12.251 -1.19781 -15 -12.3958 2.29395 -15 -15.7697 -2.11654 -15 -16.077 -1.03898 -15 -16.9816 -2.29463 -15 -15.7684 -2.42795 -15 -15.4381 -0.704232 -15 -17.1036 -2.51397 -15 -15.0926 -0.355621 -15 -17.1778 0 -15 -17.2027 -2.55113 -15 -14.7389 -2.47671 -15 -14.0319 0.355621 -15 -17.1778 0.702851 -15 -17.104 -2.53868 -15 -14.3829 1.64067 -15 -16.6056 -2.0112 -15 -13.078 1.35225 -15 -16.8151 1.03757 -15 -16.9823 -2.21026 -15 -13.373 -2.36649 -15 -13.693 2.11586 -15 -16.078 -1.77322 -15 -12.8137 1.89684 -15 -16.3583 -1.50011 -15 -12.5846 -0.177746 -15 -12.1035 2.51383 -15 -15.0937 2.55114 -15 -14.7392 -0.530036 -15 -12.153 2.42751 -15 -15.4395 2.36707 -15 -13.6945 0.873757 -15 -12.2515 2.47699 -15 -14.0332 2.53871 -15 -14.3836 0.531236 -15 -12.1532 0.17825 -15 -12.1035 1.50089 -15 -12.5852 2.01174 -15 -13.0787 1.77331 -15 -12.8138 2.21099 -15 -13.3742 1.19909 -15 -12.3965 -0.704232 -16 -17.1036 -0.355621 -16 -17.1778 -6.25231e-16 -16 -17.2027 -1.64111 -16 -16.6052 -1.35331 -16 -16.8144 -1.03898 -16 -16.9816 -2.29463 -16 -15.7684 -2.11654 -16 -16.077 -1.89712 -16 -16.358 -2.55113 -16 -14.7389 -2.51397 -16 -15.0926 -2.42795 -16 -15.4381 -2.36649 -16 -13.693 -2.53868 -16 -14.3829 -2.47671 -16 -14.0319 -1.77322 -16 -12.8137 -2.0112 -16 -13.078 -2.21026 -16 -13.373 -0.872307 -16 -12.251 -1.19781 -16 -12.3958 -1.50011 -16 -12.5846 0.17825 -16 -12.1035 -0.530036 -16 -12.153 -0.177746 -16 -12.1035 1.19909 -16 -12.3965 0.873757 -16 -12.2515 0.531236 -16 -12.1532 2.01174 -16 -13.0787 1.77331 -16 -12.8138 1.50089 -16 -12.5852 2.47699 -16 -14.0332 2.21099 -16 -13.3742 2.36707 -16 -13.6945 2.55114 -16 -14.7392 2.51383 -16 -15.0937 2.53871 -16 -14.3836 2.42751 -16 -15.4395 2.29395 -16 -15.7697 2.11586 -16 -16.078 1.89684 -16 -16.3583 1.64067 -16 -16.6056 1.35225 -16 -16.8151 1.03757 -16 -16.9823 0.702851 -16 -17.104 0.355621 -16 -17.1778 -3.16875 -16 -14.8491 -3.11881 -16 -15.2444 2.44608 -16 -16.6742 -2.87313 -16 -16.0011 -3.01984 -16 -15.6302 -2.17411 -16 -16.9637 -2.44676 -16 -16.6732 -2.68085 -16 -16.3511 -1.86677 -16 -17.2182 -3.16864 -16 -14.4498 -3.1185 -16 -14.0541 -1.52966 -16 -17.4322 -1.1695 -16 -17.6017 -3.01942 -16 -13.6685 -0.790523 -16 -17.7249 -2.17321 -16 -12.3354 0 -16 -17.825 0.398552 -16 -17.7999 1.16829 -16 -17.6022 -1.52872 -16 -11.8673 -1.86581 -16 -12.0811 2.17273 -16 -16.9651 1.86543 -16 -17.2191 2.68051 -16 -16.3515 2.87234 -16 -16.0027 0.398743 -16 -11.5002 2.17355 -16 -12.3356 2.44683 -16 -12.6268 3.11869 -16 -15.2453 2.87303 -16 -13.2988 3.11888 -16 -14.0559 2.68121 -16 -12.9496 3.01968 -16 -13.6691 3.16865 -16 -14.8499 3.16872 -16 -14.4516 1.5304 -16 -11.8683 1.86677 -16 -12.0819 1.16941 -16 -11.6982 3.01929 -16 -15.6319 0.78964 -16 -11.5748 0.000968261 -16 -11.4751 -0.789491 -16 -11.5747 -0.39735 -16 -11.5 -1.16793 -16 -11.6977 1.52939 -16 -17.4323 0.788652 -16 -17.7254 -2.44572 -16 -12.6255 -0.398552 -16 -17.7999 -2.87265 -16 -13.2978 -2.68022 -16 -12.948 0 -20.5 -17.825 1.16829 -20.5 -17.6022 0.398552 -20.5 -17.7999 0.788652 -20.5 -17.7254 2.17273 -20.5 -16.9651 1.52939 -20.5 -17.4323 1.86543 -20.5 -17.2191 2.87234 -20.5 -16.0027 2.44608 -20.5 -16.6742 2.68051 -20.5 -16.3515 3.16865 -20.5 -14.8499 3.11869 -20.5 -15.2453 3.01929 -20.5 -15.6319 3.01968 -20.5 -13.6691 3.16872 -20.5 -14.4516 3.11888 -20.5 -14.0559 2.44683 -20.5 -12.6268 2.87303 -20.5 -13.2988 2.68121 -20.5 -12.9496 1.5304 -20.5 -11.8683 1.86677 -20.5 -12.0819 2.17355 -20.5 -12.3356 0.398743 -20.5 -11.5002 1.16941 -20.5 -11.6982 0.78964 -20.5 -11.5748 -0.789491 -20.5 -11.5747 0.000968261 -20.5 -11.4751 -0.39735 -20.5 -11.5 -1.86581 -20.5 -12.0811 -1.52872 -20.5 -11.8673 -1.16793 -20.5 -11.6977 -2.68022 -20.5 -12.948 -2.17321 -20.5 -12.3354 -2.44572 -20.5 -12.6255 -3.1185 -20.5 -14.0541 -2.87265 -20.5 -13.2978 -3.01942 -20.5 -13.6685 -3.16875 -20.5 -14.8491 -3.16864 -20.5 -14.4498 -3.11881 -20.5 -15.2444 -3.01984 -20.5 -15.6302 -2.87313 -20.5 -16.0011 -2.68085 -20.5 -16.3511 -2.44676 -20.5 -16.6732 -2.17411 -20.5 -16.9637 -1.86677 -20.5 -17.2182 -1.52966 -20.5 -17.4322 -1.1695 -20.5 -17.6017 -0.790523 -20.5 -17.7249 -0.398552 -20.5 -17.7999 19.7 -6.51495 -14.7801 20.8 -6.3479 -14.6374 20.8 -6.51495 -14.7801 20.8 -6.16059 -14.5226 19.7 -6.3479 -14.6374 19.7 -6.16059 -14.5226 20.8 -5.95762 -14.4385 19.7 -5.95762 -14.4385 20.8 -5.74401 -14.3872 20.8 -5.525 -14.37 19.7 -5.74401 -14.3872 19.7 -5.525 -14.37 19.7 -6.65762 -14.9471 20.8 -6.65762 -14.9471 19.7 -6.77241 -15.1344 19.7 -6.85648 -15.3374 20.8 -6.77241 -15.1344 20.8 -6.85648 -15.3374 19.7 -6.90776 -15.551 20.8 -6.90776 -15.551 19.7 -6.925 -15.77 20.8 -6.925 -15.77 19.7 -6.925 -16.6 20.8 -6.925 -16.6 19.7 -6.51495 -17.5899 20.8 -6.65762 -17.4229 20.8 -6.51495 -17.5899 20.8 -6.77241 -17.2356 19.7 -6.65762 -17.4229 19.7 -6.77241 -17.2356 20.8 -6.85648 -17.0326 19.7 -6.85648 -17.0326 20.8 -6.90776 -16.819 19.7 -6.90776 -16.819 19.7 -6.3479 -17.7326 20.8 -6.3479 -17.7326 19.7 -6.16059 -17.8474 19.7 -5.95762 -17.9315 20.8 -6.16059 -17.8474 20.8 -5.95762 -17.9315 19.7 -5.74401 -17.9828 20.8 -5.74401 -17.9828 19.7 -5.525 -18 20.8 -5.525 -18 20.8 5.525 -18 19.7 5.525 -18 19.7 6.51495 -17.5899 20.8 6.3479 -17.7326 20.8 6.51495 -17.5899 20.8 6.16059 -17.8474 19.7 6.3479 -17.7326 19.7 6.16059 -17.8474 20.8 5.95762 -17.9315 19.7 5.95762 -17.9315 20.8 5.74401 -17.9828 19.7 5.74401 -17.9828 19.7 6.65762 -17.4229 20.8 6.65762 -17.4229 19.7 6.77241 -17.2356 19.7 6.85648 -17.0326 20.8 6.77241 -17.2356 20.8 6.85648 -17.0326 19.7 6.90776 -16.819 20.8 6.90776 -16.819 19.7 6.925 -16.6 20.8 6.925 -16.6 19.7 6.925 -16.3357 20.8 6.925 -16.3357 19.7 6.88095 -16.0576 20.8 6.91392 -16.1949 20.8 6.88095 -16.0576 19.7 6.91392 -16.1949 19.7 6.82691 -15.9271 20.8 6.82691 -15.9271 20.8 6.75312 -15.8067 19.7 6.75312 -15.8067 19.7 6.6614 -15.6993 20.8 6.6614 -15.6993 19.7 5.59571 -14.6336 20.8 5.59571 -14.6336 19.7 5.36791 -14.4681 20.8 5.48832 -14.5419 20.8 5.36791 -14.4681 19.7 5.48832 -14.5419 19.7 5.23743 -14.414 20.8 5.23743 -14.414 20.8 5.10011 -14.3811 19.7 5.10011 -14.3811 19.7 4.95931 -14.37 20.8 4.95931 -14.37 18 -8.8648 -16.9735 18 -9 -16.985 20.78 -9 -16.985 18 -8.49742 -16.8074 18 -8.60984 -16.8834 20.78 -8.60984 -16.8834 18 -8.73349 -16.9393 20.78 -8.8648 -16.9735 20.78 -8.73349 -16.9393 20.78 -8.31878 -16.6044 18 -8.25769 -16.4833 18 -8.31878 -16.6044 20.78 -8.49742 -16.8074 20.78 -8.39946 -16.7135 18 -8.39946 -16.7135 18 -8.20072 -16.219 20.78 -8.20072 -16.219 18 -8.20648 -16.0834 18 -8.21796 -16.3535 20.78 -8.25769 -16.4833 20.78 -8.21796 -16.3535 18 -8.3568 -15.7093 18 -8.28566 -15.8248 20.78 -8.28566 -15.8248 20.78 -8.23507 -15.9507 18 -8.23507 -15.9507 20.78 -8.20648 -16.0834 20.78 -8.55202 -15.5222 18 -8.67048 -15.456 18 -8.55202 -15.5222 20.78 -8.3568 -15.7093 20.78 -8.44645 -15.6074 18 -8.44645 -15.6074 18 -8.93216 -15.3879 20.78 -8.93216 -15.3879 18 -9.06784 -15.3879 18 -8.79842 -15.4108 20.78 -8.67048 -15.456 20.78 -8.79842 -15.4108 18 -9.44798 -15.5222 18 -9.32952 -15.456 20.78 -9.32952 -15.456 20.78 -9.20158 -15.4108 18 -9.20158 -15.4108 20.78 -9.06784 -15.3879 20.78 -9.6432 -15.7093 18 -9.71434 -15.8248 18 -9.6432 -15.7093 20.78 -9.44798 -15.5222 20.78 -9.55355 -15.6074 18 -9.55355 -15.6074 18 -9.79352 -16.0834 20.78 -9.79352 -16.0834 18 -9.79928 -16.219 18 -9.76493 -15.9507 20.78 -9.71434 -15.8248 20.78 -9.76493 -15.9507 20.78 -9.79928 -16.219 20.78 -9.78204 -16.3535 18 -9.78204 -16.3535 20.78 -9.74231 -16.4833 18 -9.74231 -16.4833 18 -9.68122 -16.6044 20.78 -9.68122 -16.6044 20.78 -9.60054 -16.7135 18 -9.60054 -16.7135 20.78 -9.50258 -16.8074 18 -9.50258 -16.8074 18 -9.39016 -16.8834 20.78 -9.39016 -16.8834 20.78 -9.26651 -16.9393 18 -9.26651 -16.9393 20.78 -9.1352 -16.9735 18 -9.1352 -16.9735 18 9.1352 -16.9735 18 9 -16.985 20.78 9 -16.985 18 9.50258 -16.8074 18 9.39016 -16.8834 20.78 9.39016 -16.8834 18 9.26651 -16.9393 20.78 9.1352 -16.9735 20.78 9.26651 -16.9393 20.78 9.68122 -16.6044 18 9.74231 -16.4833 18 9.68122 -16.6044 20.78 9.50258 -16.8074 20.78 9.60054 -16.7135 18 9.60054 -16.7135 18 9.79928 -16.219 20.78 9.79928 -16.219 18 9.79352 -16.0834 18 9.78204 -16.3535 20.78 9.74231 -16.4833 20.78 9.78204 -16.3535 18 9.6432 -15.7093 18 9.71434 -15.8248 20.78 9.71434 -15.8248 20.78 9.76493 -15.9507 18 9.76493 -15.9507 20.78 9.79352 -16.0834 20.78 9.44798 -15.5222 18 9.32952 -15.456 18 9.44798 -15.5222 20.78 9.6432 -15.7093 20.78 9.55355 -15.6074 18 9.55355 -15.6074 18 9.06784 -15.3879 20.78 9.06784 -15.3879 18 8.93216 -15.3879 18 9.20158 -15.4108 20.78 9.32952 -15.456 20.78 9.20158 -15.4108 18 8.55202 -15.5222 18 8.67048 -15.456 20.78 8.67048 -15.456 20.78 8.79842 -15.4108 18 8.79842 -15.4108 20.78 8.93216 -15.3879 20.78 8.3568 -15.7093 18 8.28566 -15.8248 18 8.3568 -15.7093 20.78 8.55202 -15.5222 20.78 8.44645 -15.6074 18 8.44645 -15.6074 18 8.20648 -16.0834 20.78 8.20648 -16.0834 18 8.20072 -16.219 18 8.23507 -15.9507 20.78 8.28566 -15.8248 20.78 8.23507 -15.9507 20.78 8.20072 -16.219 20.78 8.21796 -16.3535 18 8.21796 -16.3535 20.78 8.25769 -16.4833 18 8.25769 -16.4833 18 8.31878 -16.6044 20.78 8.31878 -16.6044 20.78 8.39946 -16.7135 18 8.39946 -16.7135 20.78 8.49742 -16.8074 18 8.49742 -16.8074 18 8.60984 -16.8834 20.78 8.60984 -16.8834 20.78 8.73349 -16.9393 18 8.73349 -16.9393 20.78 8.8648 -16.9735 18 8.8648 -16.9735 0 -21 -18.325 1.6484 -21 -17.9345 0.846573 -21 -18.2261 1.25677 -21 -18.1034 2.67244 -21 -17.1725 2.01854 -21 -17.7209 2.36199 -21 -17.4654 3.3741 -21 -16.1062 2.94709 -21 -16.8454 3.18239 -21 -16.4879 3.66876 -21 -14.4375 3.6687 -21 -14.8642 3.61904 -21 -15.2888 3.3748 -21 -13.1955 3.61928 -21 -14.0126 3.52065 -21 -13.5962 2.67376 -21 -12.1289 3.18305 -21 -12.8133 2.94784 -21 -12.4555 1.25791 -21 -11.1971 1.65015 -21 -11.3664 2.01963 -21 -11.5797 0.427442 -21 -11 0.00112074 -21 -10.9751 0.847883 -21 -11.0742 -1.25582 -21 -11.1963 -0.426108 -21 -10.9998 -0.846886 -21 -11.074 -2.67252 -21 -12.1275 -2.36131 -21 -11.8341 -2.01909 -21 -11.5794 -3.18201 -21 -12.8116 -3.37404 -21 -13.1936 -2.94773 -21 -12.4554 -3.6189 -21 -14.0108 -3.66867 -21 -14.4353 -3.52058 -21 -13.5959 -3.61924 -21 -15.2872 -3.6688 -21 -14.8634 -3.52086 -21 -15.7029 -3.37461 -21 -16.1052 -3.18295 -21 -16.4868 -2.94842 -21 -16.8436 -2.67349 -21 -17.1715 -2.36263 -21 -17.4648 -2.02036 -21 -17.7197 -1.64997 -21 -17.9338 -1.2572 -21 -18.1032 -0.848596 -21 -18.2256 -0.42748 -21 -18.3 -1.64872 -21 -11.3656 2.36297 -21 -11.8355 3.52021 -21 -15.7051 0.42748 -21 -18.3 21 -7.04669 -15.2756 21 -7.125 -15.77 21 -7.1053 -15.5197 21 -6.65637 -14.6386 21 -6.81943 -14.8295 21 -6.95061 -15.0436 21 -6.25138 -14.3444 21 -6.01943 -14.2483 21 -6.46546 -14.4756 21 -5.7753 -14.1897 21 -5.525 -14.17 21 -7.125 -16.6 21 -6.01943 -18.1217 21 -5.525 -18.2 21 -5.7753 -18.1803 21 -6.65637 -17.7314 21 -6.46546 -17.8944 21 -6.25138 -18.0256 21 -6.95061 -17.3264 21 -7.04669 -17.0944 21 -6.81943 -17.5405 21 -7.1053 -16.8503 21 5.525 -18.2 21 5.7753 -18.1803 21 6.25138 -18.0256 21 6.01943 -18.1217 21 6.81943 -17.5405 21 6.65637 -17.7314 21 6.46546 -17.8944 21 7.04669 -17.0944 21 6.95061 -17.3264 21 7.1053 -16.8503 21 7.125 -16.6 21 7.125 -16.3357 21 7.11146 -16.1636 21 7.00511 -15.8363 21 7.07116 -15.9958 21 6.91492 -15.6891 21 6.80282 -15.5579 21 5.73713 -14.4922 21 5.29923 -14.2238 21 4.95931 -14.17 21 5.13139 -14.1835 21 5.60588 -14.3801 21 5.4587 -14.2899 21 -9.3398 -17.1467 21 -9 -17.205 21 -9.17238 -17.1903 21 -9.76569 -16.8589 21 -9.64078 -16.9786 21 -9.49745 -17.0755 21 -9.99711 -16.3999 21 -9.94645 -16.5653 21 -9.86856 -16.7198 21 -9.97529 -15.8863 21 -10.0117 -16.0554 21 -10.0191 -16.2283 21 -9.70578 -15.4486 21 -9.91078 -15.7258 21 -9.82008 -15.5785 21 -9.25702 -15.1979 21 -9.42014 -15.2555 21 -9.57117 -15.3399 21 -8.74298 -15.1979 21 -8.9135 -15.1687 21 -9.0865 -15.1687 21 -8.29422 -15.4486 21 -8.57986 -15.2555 21 -8.42883 -15.3399 21 -8.02471 -15.8863 21 -8.08922 -15.7258 21 -8.17992 -15.5785 21 -7.98092 -16.2283 21 -7.98826 -16.0554 21 -8.00289 -16.3999 21 -8.05355 -16.5653 21 -8.13144 -16.7198 21 -8.23431 -16.8589 21 -8.35922 -16.9786 21 -8.50255 -17.0755 21 -8.6602 -17.1467 21 -8.82762 -17.1903 21 8.6602 -17.1467 21 9 -17.205 21 8.82762 -17.1903 21 8.23431 -16.8589 21 8.35922 -16.9786 21 8.50255 -17.0755 21 8.00289 -16.3999 21 8.05355 -16.5653 21 8.13144 -16.7198 21 8.02471 -15.8863 21 7.98826 -16.0554 21 7.98092 -16.2283 21 8.29422 -15.4486 21 8.08922 -15.7258 21 8.17992 -15.5785 21 8.74298 -15.1979 21 8.57986 -15.2555 21 8.42883 -15.3399 21 9.25702 -15.1979 21 9.0865 -15.1687 21 8.9135 -15.1687 21 9.70578 -15.4486 21 9.42014 -15.2555 21 9.57117 -15.3399 21 9.97529 -15.8863 21 9.91078 -15.7258 21 9.82008 -15.5785 21 10.0191 -16.2283 21 10.0117 -16.0554 21 9.99711 -16.3999 21 9.94645 -16.5653 21 9.86856 -16.7198 21 9.76569 -16.8589 21 9.64078 -16.9786 21 9.49745 -17.0755 21 9.3398 -17.1467 21 9.17238 -17.1903 18.9455 -18.9441 -9.3 19.3415 18.5132 -9.3 17.5512 -20.0196 -9.3 18.5132 -19.3415 -9.3 20.0235 -17.5462 -9.3 19.3454 -18.5078 -9.3 20.2965 -17.0266 -9.3 19.7037 -18.043 -9.3 20.839 -15.3462 -9.3 20.93 -14.7659 -9.3 20.9772 -14.177 -9.3 20.7058 -15.9224 -9.3 20.5256 -16.4811 -9.3 21.003 -13.5895 -9.3 18.045 -19.7023 -9.3 17.0282 -20.2952 -9.3 16.4868 -20.5235 -9.3 21 -13 -9.3 15.9221 -20.7025 -9.3 -13 21 -9.3 13 21 -9.3 20.0196 17.5512 -9.3 18.9441 18.9455 -9.3 17.5462 20.0235 -9.3 18.5078 19.3454 -9.3 17.0266 20.2965 -9.3 18.043 19.7037 -9.3 15.3462 20.839 -9.3 14.7659 20.93 -9.3 16.4811 20.5256 -9.3 15.9224 20.7058 -9.3 14.177 20.9772 -9.3 13.5895 21.003 -9.3 19.7023 18.045 -9.3 20.2952 17.0282 -9.3 20.5235 16.4868 -9.3 20.8377 15.3491 -9.3 20.7025 15.9221 -9.3 -13.5902 21.003 -9.3 -18.5132 19.3415 -9.3 -17.0282 20.2952 -9.3 -18.9455 18.9441 -9.3 -20.0235 17.5462 -9.3 -19.3454 18.5078 -9.3 -20.2965 17.0266 -9.3 -19.7037 18.043 -9.3 -20.93 14.7659 -9.3 -20.839 15.3462 -9.3 -20.9772 14.177 -9.3 -17.5512 20.0196 -9.3 -18.045 19.7023 -9.3 -20.7058 15.9224 -9.3 -20.5256 16.4811 -9.3 -21.003 13.5895 -9.3 -21 13 -9.3 -15.9221 20.7025 -9.3 -16.4868 20.5235 -9.3 -14.1784 20.977 -9.3 -15.3491 20.8377 -9.3 -14.7647 20.9219 -9.3 -20.7025 -15.9221 -9.3 -20.8377 -15.3491 -9.3 13 -21 -9.3 13.5902 -21.003 -9.3 -13.5895 -21.003 -9.3 -14.177 -20.9772 -9.3 -13 -21 -9.3 -17.5462 -20.0235 -9.3 -20.0196 -17.5512 -9.3 -18.9441 -18.9455 -9.3 -19.3415 -18.5132 -9.3 -18.043 -19.7037 -9.3 -18.5078 -19.3454 -9.3 -20.9219 -14.7647 -9.3 -17.0266 -20.2965 -9.3 -14.7659 -20.93 -9.3 -15.3462 -20.839 -9.3 -16.4811 -20.5256 -9.3 -15.9224 -20.7058 -9.3 -19.7023 -18.045 -9.3 -20.2952 -17.0282 -9.3 -20.5235 -16.4868 -9.3 -21 -13 -9.3 -21.003 -13.5902 -9.3 21.003 13.5902 -9.3 21 13 -9.3 20.9219 14.7647 -9.3 20.977 14.1784 -9.3 15.3491 -20.8377 -9.3 14.7647 -20.9219 -9.3 14.1784 -20.977 -9.3 -20.977 -14.1784 -9.3 -19.5061 18.3105 -20 -19.8339 17.8528 -20 -13 21 -20 -13.5637 21.0044 -20 -19.1408 18.7409 -20 -20.1237 17.3676 -20 -20.3705 16.8619 -20 -20.7331 15.7954 -20 -20.5737 16.3352 -20 -20.8512 15.2447 -20 -20.9286 14.687 -20 -20.9759 14.1258 -20 -20.9997 13.5635 -20 -21 13 -20 -18.7423 19.1394 -20 -18.3124 19.5042 -20 -17.8537 19.8328 -20 -17.3705 20.1217 -20 -16.8634 20.3708 -20 -16.3397 20.5765 -20 -15.7991 20.74 -20 -15.2488 20.8611 -20 -14.6901 20.9423 -20 -14.1274 20.986 -20 -21 -13 -20 -18.3105 -19.5061 -20 -17.8528 -19.8339 -20 -21.0044 -13.5637 -20 -18.7409 -19.1408 -20 -17.3676 -20.1237 -20 -16.8619 -20.3705 -20 -15.7954 -20.7331 -20 -16.3352 -20.5737 -20 -15.2447 -20.8512 -20 -14.687 -20.9286 -20 -14.1258 -20.9759 -20 -13.5635 -20.9997 -20 -13 -21 -20 -19.1394 -18.7423 -20 -19.5042 -18.3124 -20 -19.8328 -17.8537 -20 -20.1217 -17.3705 -20 -20.3708 -16.8634 -20 -20.5765 -16.3397 -20 -20.74 -15.7991 -20 -20.8611 -15.2488 -20 -20.9423 -14.6901 -20 -20.986 -14.1274 -20 13 -21 -20 19.5061 -18.3105 -20 19.8339 -17.8528 -20 19.1408 -18.7409 -20 20.1237 -17.3676 -20 20.3705 -16.8619 -20 20.7331 -15.7954 -20 20.5737 -16.3352 -20 20.8512 -15.2447 -20 20.9286 -14.687 -20 20.9759 -14.1258 -20 20.9997 -13.5635 -20 21 -13 -20 18.7423 -19.1394 -20 18.3124 -19.5042 -20 17.8537 -19.8328 -20 17.3705 -20.1217 -20 16.8634 -20.3708 -20 16.3397 -20.5765 -20 15.7991 -20.74 -20 15.2488 -20.8611 -20 14.6901 -20.9423 -20 14.1274 -20.986 -20 13.5637 -21.0044 -20 21 13 -20 18.3105 19.5061 -20 17.8528 19.8339 -20 21.0044 13.5637 -20 18.7409 19.1408 -20 17.3676 20.1237 -20 16.8619 20.3705 -20 15.7954 20.7331 -20 16.3352 20.5737 -20 15.2447 20.8512 -20 14.687 20.9286 -20 14.1258 20.9759 -20 13.5635 20.9997 -20 13 21 -20 19.1394 18.7423 -20 19.5042 18.3124 -20 19.8328 17.8537 -20 20.1217 17.3705 -20 20.3708 16.8634 -20 20.5765 16.3397 -20 20.74 15.7991 -20 20.8611 15.2488 -20 20.9423 14.6901 -20 20.986 14.1274 -20 -13 -20.5983 -21.4995 -13.6904 -20.6685 -21.3619 -13.6853 -20.4226 -21.7634 -13 -20.7719 -21.1474 -13 -20.3802 -21.826 -16.5789 -20.4489 -20.4693 -15.5193 -20.7661 -20.4693 -14.5352 -20.914 -20.4693 -13 -20.8979 -20.7758 -13.6942 -20.8487 -20.9271 -13.6965 -20.9585 -20.4693 -13 -20.9743 -20.3919 -14.5089 -20.6251 -21.3619 -14.4867 -20.3802 -21.7634 -15.3417 -19.9433 -22.1213 -15.2661 -19.5935 -22.4271 -14.4265 -19.7193 -22.4271 -15.1814 -19.2011 -22.673 -14.3508 -18.8864 -22.8532 -14.3902 -19.3195 -22.673 -16.2736 -19.6645 -22.1213 -16.3845 -19.9495 -21.7634 -20.9581 -13.6946 -20.4693 -20.8046 -14.5256 -20.9271 -20.914 -14.5356 -20.4693 -17.8124 -16.3136 -22.963 -18.2053 -16.5485 -22.8532 -18.5516 -15.8405 -22.8532 -17.3187 -19.4924 -21.7634 -17.1618 -19.23 -22.1213 -18.0777 -17.4708 -22.673 -18.3837 -17.7306 -22.4271 -18.9232 -16.9775 -22.4271 -17.7462 -17.1893 -22.8532 -18.5786 -16.7716 -22.673 -18.3197 -19.0767 -21.3619 -18.1606 -18.8892 -21.7634 -17.4449 -19.7035 -21.3619 -18.8897 -18.1601 -21.7634 -19.0772 -18.3193 -21.3619 -19.7039 -17.4442 -21.3619 -20.4489 -16.579 -20.4693 -20.7664 -15.5178 -20.4693 -19.5938 -15.2649 -22.4271 -19.9436 -15.3404 -22.1213 -20.0757 -14.4593 -22.1213 -19.9529 -17.593 -20.4693 -20.8483 -13.6923 -20.9271 -20.8976 -13 -20.777 -20.9743 -13 -20.3919 -19.2304 -17.1611 -22.1213 -18.6566 -17.9622 -22.1213 -19.4929 -17.318 -21.7634 -16.9781 -18.9228 -22.4271 -17.9627 -18.6561 -22.1213 -17.731 -18.3833 -22.4271 -18.7763 -15.0886 -22.8532 -18.125 -15.6745 -22.963 -18.9569 -15.9983 -22.673 -18.4305 -14.3095 -22.963 -18.3288 -14.9921 -22.963 -18.8864 -14.351 -22.8532 -17.4712 -18.0773 -22.673 -17.1897 -17.7458 -22.8532 -18.4649 -13.6426 -22.963 -16.1438 -19.331 -22.4271 -18.3919 -13 -22.9743 -15.4062 -20.2422 -21.7634 -16.4737 -20.1786 -21.3619 -14.459 -20.0757 -22.1213 -15.4581 -20.4826 -21.3619 -13.6788 -20.1169 -22.1213 -13.6713 -19.759 -22.4271 -13 -19.8266 -22.3797 -13 -20.1213 -22.1213 -13.6629 -19.3576 -22.673 -13 -19.5006 -22.5977 -13.6537 -18.9228 -22.8532 -13 -18.777 -22.8976 -13 -19.1487 -22.7713 -13.6441 -18.465 -22.963 -13 -18.3919 -22.9743 -14.5253 -20.8046 -20.9271 -17.5937 -19.9524 -20.4693 -15.0896 -18.776 -22.8532 -14.3093 -18.4305 -22.963 -15.4962 -20.6587 -20.9271 -18.5075 -19.2978 -20.4693 -14.993 -18.3286 -22.963 -16.5391 -20.3466 -20.9271 -19.2983 -18.507 -20.4693 -15.9982 -18.9569 -22.673 -15.8404 -18.5516 -22.8532 -15.6744 -18.1251 -22.963 -17.5374 -19.8581 -20.9271 -16.7721 -18.5782 -22.673 -16.549 -18.205 -22.8532 -16.3141 -17.8121 -22.963 -18.4364 -19.2141 -20.9271 -16.8934 -17.3968 -22.963 -19.2146 -18.4359 -20.9271 -17.3972 -16.8931 -22.963 -19.8586 -17.5366 -20.9271 -20.1786 -16.4738 -21.3619 -20.3465 -16.5392 -20.9271 -19.9494 -16.3846 -21.7634 -19.6645 -16.2737 -22.1213 -19.3309 -16.1439 -22.4271 -20.4829 -15.4567 -21.3619 -20.6591 -15.4947 -20.9271 -20.2425 -15.4048 -21.7634 -19.2014 -15.1803 -22.673 -20.6251 -14.5093 -21.3619 -20.3802 -14.487 -21.7634 -19.7587 -13.6696 -22.4271 -19.7193 -14.4268 -22.4271 -20.1166 -13.677 -22.1213 -19.3195 -14.3904 -22.673 -20.6681 -13.6885 -21.3619 -20.4223 -13.6834 -21.7634 -19.826 -13 -22.3802 -19.3574 -13.6612 -22.673 -18.9226 -13.6522 -22.8532 -20.7713 -13 -21.1487 -20.5977 -13 -21.5006 -20.3797 -13 -21.8266 -20.1213 -13 -22.1213 -19.4995 -13 -22.5983 -19.1474 -13 -22.7719 -18.7758 -13 -22.8979 -20.1213 13 -22.1213 -20.3797 13 -21.8266 -20.5976 13 -21.5006 -20.7713 13 -21.1487 -20.8976 13 -20.777 -20.9742 13 -20.3919 -19.826 13 -22.3802 -19.4995 13 -22.5983 -19.1474 13 -22.7719 -18.7757 13 -22.8979 -18.3919 13 -22.9742 13 -20.1213 -22.1213 13 -19.8266 -22.3797 13 -19.5006 -22.5976 13 -19.1487 -22.7713 13 -18.777 -22.8976 13 -18.3919 -22.9742 13 -20.3802 -21.826 13 -20.5983 -21.4995 13 -20.7719 -21.1474 13 -20.8979 -20.7757 13 -20.9742 -20.3919 -20.6685 13.6904 -21.3619 -20.4226 13.6853 -21.7634 -20.4489 16.5789 -20.4693 -20.7661 15.5193 -20.4693 -20.914 14.5352 -20.4693 -20.8487 13.6942 -20.9271 -20.9585 13.6965 -20.4693 -20.6251 14.5089 -21.3619 -20.3802 14.4867 -21.7634 -19.9433 15.3417 -22.1213 -19.5935 15.2661 -22.4271 -19.7193 14.4265 -22.4271 -19.2011 15.1814 -22.673 -18.8864 14.3508 -22.8532 -19.3195 14.3902 -22.673 -19.6645 16.2736 -22.1213 -19.9495 16.3845 -21.7634 -13.6946 20.9581 -20.4693 -14.5256 20.8046 -20.9271 -14.5356 20.914 -20.4693 -16.3136 17.8124 -22.963 -16.5485 18.2053 -22.8532 -15.8405 18.5516 -22.8532 -19.4924 17.3187 -21.7634 -19.23 17.1618 -22.1213 -17.4708 18.0777 -22.673 -17.7306 18.3837 -22.4271 -16.9775 18.9232 -22.4271 -17.1893 17.7462 -22.8532 -16.7716 18.5786 -22.673 -19.0767 18.3197 -21.3619 -18.8892 18.1606 -21.7634 -19.7035 17.4449 -21.3619 -18.1601 18.8897 -21.7634 -18.3193 19.0772 -21.3619 -17.4442 19.7039 -21.3619 -16.579 20.4489 -20.4693 -15.5178 20.7664 -20.4693 -15.2649 19.5938 -22.4271 -15.3404 19.9436 -22.1213 -14.4593 20.0757 -22.1213 -17.593 19.9529 -20.4693 -13.6923 20.8483 -20.9271 -13 20.8976 -20.777 -13 20.9743 -20.3919 -17.1611 19.2304 -22.1213 -17.9622 18.6566 -22.1213 -17.318 19.4929 -21.7634 -18.9228 16.9781 -22.4271 -18.6561 17.9627 -22.1213 -18.3833 17.731 -22.4271 -15.0886 18.7763 -22.8532 -15.6745 18.125 -22.963 -15.9983 18.9569 -22.673 -14.3095 18.4305 -22.963 -14.9921 18.3288 -22.963 -14.351 18.8864 -22.8532 -18.0773 17.4712 -22.673 -17.7458 17.1897 -22.8532 -13.6426 18.4649 -22.963 -19.331 16.1438 -22.4271 -13 18.3919 -22.9743 -20.2422 15.4062 -21.7634 -20.1786 16.4737 -21.3619 -20.0757 14.459 -22.1213 -20.4826 15.4581 -21.3619 -20.1169 13.6788 -22.1213 -19.759 13.6713 -22.4271 -19.3576 13.6629 -22.673 -18.9228 13.6537 -22.8532 -18.465 13.6441 -22.963 -20.8046 14.5253 -20.9271 -19.9524 17.5937 -20.4693 -18.776 15.0896 -22.8532 -18.4305 14.3093 -22.963 -20.6587 15.4962 -20.9271 -19.2978 18.5075 -20.4693 -18.3286 14.993 -22.963 -20.3466 16.5391 -20.9271 -18.507 19.2983 -20.4693 -18.9569 15.9982 -22.673 -18.5516 15.8404 -22.8532 -18.1251 15.6744 -22.963 -19.8581 17.5374 -20.9271 -18.5782 16.7721 -22.673 -18.205 16.549 -22.8532 -17.8121 16.3141 -22.963 -19.2141 18.4364 -20.9271 -17.3968 16.8934 -22.963 -18.4359 19.2146 -20.9271 -16.8931 17.3972 -22.963 -17.5366 19.8586 -20.9271 -16.4738 20.1786 -21.3619 -16.5392 20.3465 -20.9271 -16.3846 19.9494 -21.7634 -16.2737 19.6645 -22.1213 -16.1439 19.3309 -22.4271 -15.4567 20.4829 -21.3619 -15.4947 20.6591 -20.9271 -15.4048 20.2425 -21.7634 -15.1803 19.2014 -22.673 -14.5093 20.6251 -21.3619 -14.487 20.3802 -21.7634 -13.6696 19.7587 -22.4271 -14.4268 19.7193 -22.4271 -13.677 20.1166 -22.1213 -14.3904 19.3195 -22.673 -13.6885 20.6681 -21.3619 -13.6834 20.4223 -21.7634 -13 19.826 -22.3802 -13.6612 19.3574 -22.673 -13.6522 18.9226 -22.8532 -13 20.7713 -21.1487 -13 20.5977 -21.5006 -13 20.3797 -21.8266 -13 20.1213 -22.1213 -13 19.4995 -22.5983 -13 19.1474 -22.7719 -13 18.7758 -22.8979 20.1169 -13.6788 -22.1213 20.3802 -13 -21.826 20.4226 -13.6853 -21.7634 17.9622 -18.6566 -22.1213 17.318 -19.4929 -21.7634 17.1611 -19.2304 -22.1213 17.4708 -18.0777 -22.673 17.7458 -17.1897 -22.8532 18.0773 -17.4712 -22.673 16.5485 -18.2053 -22.8532 15.8405 -18.5516 -22.8532 16.3136 -17.8124 -22.963 16.7716 -18.5786 -22.673 17.1893 -17.7462 -22.8532 15.0886 -18.7763 -22.8532 15.6745 -18.125 -22.963 15.9983 -18.9569 -22.673 14.9921 -18.3288 -22.963 14.351 -18.8864 -22.8532 14.3095 -18.4305 -22.963 13.6426 -18.4649 -22.963 18.9228 -16.9781 -22.4271 18.6561 -17.9627 -22.1213 18.3833 -17.731 -22.4271 13.6946 -20.9581 -20.4693 14.5256 -20.8046 -20.9271 14.5356 -20.914 -20.4693 19.23 -17.1618 -22.1213 19.331 -16.1438 -22.4271 20.0757 -14.459 -22.1213 19.7193 -14.4265 -22.4271 19.759 -13.6713 -22.4271 20.3802 -14.4867 -21.7634 20.6685 -13.6904 -21.3619 20.7719 -13 -21.1474 20.8487 -13.6942 -20.9271 20.5983 -13 -21.4995 19.8266 -13 -22.3797 20.7661 -15.5193 -20.4693 20.4489 -16.5789 -20.4693 19.3576 -13.6629 -22.673 19.5006 -13 -22.5977 20.1213 -13 -22.1213 18.9228 -13.6537 -22.8532 19.1487 -13 -22.7713 18.777 -13 -22.8976 18.465 -13.6441 -22.963 18.3919 -13 -22.9743 20.8979 -13 -20.7758 20.914 -14.5352 -20.4693 20.9743 -13 -20.3919 20.9585 -13.6965 -20.4693 20.6251 -14.5089 -21.3619 20.4826 -15.4581 -21.3619 20.2422 -15.4062 -21.7634 19.9433 -15.3417 -22.1213 19.5935 -15.2661 -22.4271 18.8864 -14.3508 -22.8532 19.3195 -14.3902 -22.673 19.2011 -15.1814 -22.673 19.9495 -16.3845 -21.7634 20.1786 -16.4737 -21.3619 19.6645 -16.2736 -22.1213 19.4924 -17.3187 -21.7634 18.8892 -18.1606 -21.7634 19.7035 -17.4449 -21.3619 16.9775 -18.9232 -22.4271 17.7306 -18.3837 -22.4271 18.3193 -19.0772 -21.3619 18.1601 -18.8897 -21.7634 19.0767 -18.3197 -21.3619 15.2649 -19.5938 -22.4271 15.3404 -19.9436 -22.1213 14.4593 -20.0757 -22.1213 17.4442 -19.7039 -21.3619 16.579 -20.4489 -20.4693 15.5178 -20.7664 -20.4693 17.593 -19.9529 -20.4693 13.6923 -20.8483 -20.9271 20.8046 -14.5253 -20.9271 19.9524 -17.5937 -20.4693 18.776 -15.0896 -22.8532 18.4305 -14.3093 -22.963 20.6587 -15.4962 -20.9271 19.2978 -18.5075 -20.4693 18.3286 -14.993 -22.963 20.3466 -16.5391 -20.9271 18.507 -19.2983 -20.4693 18.9569 -15.9982 -22.673 18.5516 -15.8404 -22.8532 18.1251 -15.6744 -22.963 19.8581 -17.5374 -20.9271 18.5782 -16.7721 -22.673 18.205 -16.549 -22.8532 17.8121 -16.3141 -22.963 19.2141 -18.4364 -20.9271 17.3968 -16.8934 -22.963 18.4359 -19.2146 -20.9271 16.8931 -17.3972 -22.963 17.5366 -19.8586 -20.9271 16.4738 -20.1786 -21.3619 16.5392 -20.3465 -20.9271 16.3846 -19.9494 -21.7634 16.2737 -19.6645 -22.1213 16.1439 -19.3309 -22.4271 15.4567 -20.4829 -21.3619 15.4947 -20.6591 -20.9271 15.4048 -20.2425 -21.7634 15.1803 -19.2014 -22.673 14.5093 -20.6251 -21.3619 14.487 -20.3802 -21.7634 13.6696 -19.7587 -22.4271 14.4268 -19.7193 -22.4271 13.677 -20.1166 -22.1213 14.3904 -19.3195 -22.673 13.6885 -20.6681 -21.3619 13.6834 -20.4223 -21.7634 13.6612 -19.3574 -22.673 13.6522 -18.9226 -22.8532 13 20.1213 -22.1213 13 20.3797 -21.8266 13 20.5976 -21.5006 13 20.7713 -21.1487 13 20.8976 -20.777 13 20.9742 -20.3919 13 19.826 -22.3802 13 19.4995 -22.5983 13 19.1474 -22.7719 13 18.7757 -22.8979 13 18.3919 -22.9742 20.1213 13 -22.1213 19.8266 13 -22.3797 19.5006 13 -22.5976 19.1487 13 -22.7713 18.777 13 -22.8976 18.3919 13 -22.9742 20.3802 13 -21.826 20.5983 13 -21.4995 20.7719 13 -21.1474 20.8979 13 -20.7757 20.9742 13 -20.3919 13.6904 20.6685 -21.3619 13.6853 20.4226 -21.7634 16.5789 20.4489 -20.4693 15.5193 20.7661 -20.4693 14.5352 20.914 -20.4693 13.6942 20.8487 -20.9271 13.6965 20.9585 -20.4693 14.5089 20.6251 -21.3619 14.4867 20.3802 -21.7634 15.3417 19.9433 -22.1213 15.2661 19.5935 -22.4271 14.4265 19.7193 -22.4271 15.1814 19.2011 -22.673 14.3508 18.8864 -22.8532 14.3902 19.3195 -22.673 16.2736 19.6645 -22.1213 16.3845 19.9495 -21.7634 20.9581 13.6946 -20.4693 20.8046 14.5256 -20.9271 20.914 14.5356 -20.4693 17.8124 16.3136 -22.963 18.2053 16.5485 -22.8532 18.5516 15.8405 -22.8532 17.3187 19.4924 -21.7634 17.1618 19.23 -22.1213 18.0777 17.4708 -22.673 18.3837 17.7306 -22.4271 18.9232 16.9775 -22.4271 17.7462 17.1893 -22.8532 18.5786 16.7716 -22.673 18.3197 19.0767 -21.3619 18.1606 18.8892 -21.7634 17.4449 19.7035 -21.3619 18.8897 18.1601 -21.7634 19.0772 18.3193 -21.3619 19.7039 17.4442 -21.3619 20.4489 16.579 -20.4693 20.7664 15.5178 -20.4693 19.5938 15.2649 -22.4271 19.9436 15.3404 -22.1213 20.0757 14.4593 -22.1213 19.9529 17.593 -20.4693 20.8483 13.6923 -20.9271 19.2304 17.1611 -22.1213 18.6566 17.9622 -22.1213 19.4929 17.318 -21.7634 16.9781 18.9228 -22.4271 17.9627 18.6561 -22.1213 17.731 18.3833 -22.4271 18.7763 15.0886 -22.8532 18.125 15.6745 -22.963 18.9569 15.9983 -22.673 18.4305 14.3095 -22.963 18.3288 14.9921 -22.963 18.8864 14.351 -22.8532 17.4712 18.0773 -22.673 17.1897 17.7458 -22.8532 18.4649 13.6426 -22.963 16.1438 19.331 -22.4271 15.4062 20.2422 -21.7634 16.4737 20.1786 -21.3619 14.459 20.0757 -22.1213 15.4581 20.4826 -21.3619 13.6788 20.1169 -22.1213 13.6713 19.759 -22.4271 13.6629 19.3576 -22.673 13.6537 18.9228 -22.8532 13.6441 18.465 -22.963 14.5253 20.8046 -20.9271 17.5937 19.9524 -20.4693 15.0896 18.776 -22.8532 14.3093 18.4305 -22.963 15.4962 20.6587 -20.9271 18.5075 19.2978 -20.4693 14.993 18.3286 -22.963 16.5391 20.3466 -20.9271 19.2983 18.507 -20.4693 15.9982 18.9569 -22.673 15.8404 18.5516 -22.8532 15.6744 18.1251 -22.963 17.5374 19.8581 -20.9271 16.7721 18.5782 -22.673 16.549 18.205 -22.8532 16.3141 17.8121 -22.963 18.4364 19.2141 -20.9271 16.8934 17.3968 -22.963 19.2146 18.4359 -20.9271 17.3972 16.8931 -22.963 19.8586 17.5366 -20.9271 20.1786 16.4738 -21.3619 20.3465 16.5392 -20.9271 19.9494 16.3846 -21.7634 19.6645 16.2737 -22.1213 19.3309 16.1439 -22.4271 20.4829 15.4567 -21.3619 20.6591 15.4947 -20.9271 20.2425 15.4048 -21.7634 19.2014 15.1803 -22.673 20.6251 14.5093 -21.3619 20.3802 14.487 -21.7634 19.7587 13.6696 -22.4271 19.7193 14.4268 -22.4271 20.1166 13.677 -22.1213 19.3195 14.3904 -22.673 20.6681 13.6885 -21.3619 20.4223 13.6834 -21.7634 19.3574 13.6612 -22.673 18.9226 13.6522 -22.8532 19.7 -6.0923 -15.4638 19.7 -6.11032 -15.5073 19.7 -6.06771 -15.4237 19.7 -5.825 -15.3 19.7 -6.12131 -15.5531 19.7 -6.125 -15.6 19.7 6.0923 -16.0381 19.7 6.125 -16.1743 19.7 6.125 -16.85 19.7 6.12131 -16.8969 19.7 5.91771 -17.1353 19.7 5.87193 -17.1463 19.7 -5.825 -17.15 19.7 6.0923 -16.9862 19.7 6.11032 -16.9427 19.7 5.825 -17.15 19.7 6.12131 -16.1273 19.7 -5.91771 -17.1353 19.7 -5.9612 -17.1173 19.7 6.11032 -16.0816 19.7 6.06771 -15.9979 19.7 6.03713 -15.9621 19.7 5.46287 -15.3879 19.7 5.38693 -15.3327 19.7 5.42707 -15.3573 19.7 -6.11032 -16.9427 19.7 -6.0923 -16.9862 19.7 5.25074 -15.3 19.7 5.34344 -15.3147 19.7 5.29767 -15.3037 19.7 -6.12131 -16.8969 19.7 -1.96866 -15.3573 19.7 -1.93287 -15.3879 19.7 -0.0776403 -15.3628 19.7 -6.00134 -17.0927 19.7 -0.036251 -15.3359 19.7 -2.0088 -15.3327 19.7 -5.87193 -17.1463 19.7 5.9612 -17.1173 19.7 6.00134 -17.0927 19.7 -0.114053 -15.3962 19.7 0.00899358 -15.3161 19.7 6.03713 -17.0621 19.7 6.06771 -17.0263 19.7 -1.90229 -15.4237 19.7 -6.03713 -17.0621 19.7 -6.06771 -17.0263 19.7 -1.85968 -15.5073 19.7 -1.8777 -15.4638 19.7 -6.125 -16.85 19.7 -5.9612 -15.3327 19.7 -6.03713 -15.3879 19.7 -6.00134 -15.3573 19.7 -5.87193 -15.3037 19.7 -5.91771 -15.3147 19.7 -2.145 -15.3 19.7 -2.05229 -15.3147 19.7 0.0568678 -15.3041 19.7 -1.845 -15.6 19.7 -1.84869 -15.5531 19.7 -1.03957 -16.3957 19.7 -1.845 -16.09 19.7 -1.83946 -16.1604 19.7 -1.82298 -16.2291 19.7 -1.79595 -16.2943 19.7 -1.09424 -16.4458 19.7 -1.6595 -16.4541 19.7 -1.1563 -16.4861 19.7 -1.5993 -16.491 19.7 -1.22419 -16.5158 19.7 -1.53406 -16.518 19.7 -1.4654 -16.5345 19.7 -1.29596 -16.5339 19.7 -1.36976 -16.54 19.7 -1.395 -16.54 19.7 -1.7132 -16.4082 19.7 -1.75906 -16.3545 19.7 -2.09807 -15.3037 19.7 0.106075 -15.3 15.78 5.42707 -15.3573 15.78 5.46287 -15.3879 15.78 5.29767 -15.3037 15.78 5.34344 -15.3147 15.78 5.38693 -15.3327 15.78 5.25074 -15.3 15.78 6.03713 -15.9621 15.78 6.12131 -16.1273 15.78 6.125 -16.1743 15.78 6.06771 -15.9979 15.78 6.0923 -16.0381 15.78 6.11032 -16.0816 15.78 6.125 -16.85 15.78 5.87193 -17.1463 15.78 5.825 -17.15 15.78 6.00134 -17.0927 15.78 5.9612 -17.1173 15.78 5.91771 -17.1353 15.78 6.0923 -16.9862 15.78 6.06771 -17.0263 15.78 6.03713 -17.0621 15.78 6.12131 -16.8969 15.78 6.11032 -16.9427 15.78 -5.825 -17.15 15.78 -6.12131 -16.8969 15.78 -6.125 -16.85 15.78 -6.06771 -17.0263 15.78 -6.0923 -16.9862 15.78 -6.11032 -16.9427 15.78 -5.9612 -17.1173 15.78 -6.00134 -17.0927 15.78 -6.03713 -17.0621 15.78 -5.87193 -17.1463 15.78 -5.91771 -17.1353 15.78 -6.125 -15.6 15.78 -5.87193 -15.3037 15.78 -5.825 -15.3 15.78 -6.00134 -15.3573 15.78 -5.9612 -15.3327 15.78 -5.91771 -15.3147 15.78 -6.0923 -15.4638 15.78 -6.06771 -15.4237 15.78 -6.03713 -15.3879 15.78 -6.12131 -15.5531 15.78 -6.11032 -15.5073 15.78 -2.145 -15.3 15.78 -1.84869 -15.5531 15.78 -1.845 -15.6 15.78 -1.90229 -15.4237 15.78 -1.8777 -15.4638 15.78 -1.85968 -15.5073 15.78 -2.0088 -15.3327 15.78 -1.96866 -15.3573 15.78 -1.93287 -15.3879 15.78 -2.09807 -15.3037 15.78 -2.05229 -15.3147 15.78 -1.845 -16.09 15.78 -1.7132 -16.4082 15.78 -1.75906 -16.3545 15.78 -1.79595 -16.2943 15.78 -1.82298 -16.2291 15.78 -1.83946 -16.1604 15.78 -1.6595 -16.4541 15.78 -1.5993 -16.491 15.78 -1.53406 -16.518 15.78 -1.4654 -16.5345 15.78 -1.395 -16.54 15.78 -1.36976 -16.54 15.78 -1.15626 -16.4861 15.78 -1.2241 -16.5158 15.78 -1.29593 -16.5339 15.78 -1.09419 -16.4458 15.78 -1.03957 -16.3957 15.78 -0.114053 -15.3962 15.78 0.0568678 -15.3041 15.78 0.106075 -15.3 15.78 -0.0776403 -15.3628 15.78 -0.036251 -15.3359 15.78 0.00899358 -15.3161 19.9134 -14.0616 -0.17 19.93 -13 -0.17 19.9313 -13.5307 -0.17 19.6721 -15.6456 -0.17 19.7934 -15.1224 -0.17 19.872 -14.592 -0.17 19.027 -17.1273 -0.17 19.2884 -16.6544 -0.17 19.5031 -16.1603 -0.17 17.9963 -18.3719 -0.17 18.7228 -17.5731 -0.17 18.3774 -17.99 -0.17 16.6633 -19.284 -0.17 17.5824 -18.7159 -0.17 17.1345 -19.0223 -0.17 15.6566 -19.6671 -0.17 15.1292 -19.7891 -0.17 16.1691 -19.4992 -0.17 14.5979 -19.8658 -0.17 14.0651 -19.9099 -0.17 13.5324 -19.9313 -0.17 13 -19.93 -0.17 -13 -19.93 -0.17 -14.0616 -19.9134 -0.17 -13.5307 -19.9313 -0.17 -15.6456 -19.6721 -0.17 -15.1224 -19.7934 -0.17 -14.592 -19.872 -0.17 -17.1273 -19.027 -0.17 -16.6544 -19.2884 -0.17 -16.1603 -19.5031 -0.17 -18.3719 -17.9963 -0.17 -17.5731 -18.7228 -0.17 -17.99 -18.3774 -0.17 -19.284 -16.6633 -0.17 -18.7159 -17.5824 -0.17 -19.0223 -17.1345 -0.17 -19.6671 -15.6566 -0.17 -19.7891 -15.1292 -0.17 -19.4992 -16.1691 -0.17 -19.8658 -14.5979 -0.17 -19.9099 -14.0651 -0.17 -19.9313 -13.5324 -0.17 -19.93 -13 -0.17 -19.93 13 -0.17 -19.9134 14.0616 -0.17 -19.9313 13.5307 -0.17 -19.6721 15.6456 -0.17 -19.7934 15.1224 -0.17 -19.872 14.592 -0.17 -19.027 17.1273 -0.17 -19.2884 16.6544 -0.17 -19.5031 16.1603 -0.17 -17.9963 18.3719 -0.17 -18.7228 17.5731 -0.17 -18.3774 17.99 -0.17 -16.6633 19.284 -0.17 -17.5824 18.7159 -0.17 -17.1345 19.0223 -0.17 -15.6566 19.6671 -0.17 -15.1292 19.7891 -0.17 -16.1691 19.4992 -0.17 -14.5979 19.8658 -0.17 -14.0651 19.9099 -0.17 -13.5324 19.9313 -0.17 -13 19.93 -0.17 13 19.93 -0.17 14.0616 19.9134 -0.17 13.5307 19.9313 -0.17 15.6456 19.6721 -0.17 15.1224 19.7934 -0.17 14.592 19.872 -0.17 17.1273 19.027 -0.17 16.6544 19.2884 -0.17 16.1603 19.5031 -0.17 18.3719 17.9963 -0.17 17.5731 18.7228 -0.17 17.99 18.3774 -0.17 19.284 16.6633 -0.17 18.7159 17.5824 -0.17 19.0223 17.1345 -0.17 19.6671 15.6566 -0.17 19.7891 15.1292 -0.17 19.4992 16.1691 -0.17 19.8658 14.5979 -0.17 19.9099 14.0651 -0.17 19.9313 13.5324 -0.17 19.93 13 -0.17 13.5293 19.8312 -0.07 19.83 13 -0.07 19.8313 13.531 -0.07 19.4102 -16.121 -0.07 18.6442 -17.5116 -0.07 18.9433 -17.073 -0.07 18.3056 -17.9203 -0.07 19.1987 -16.6103 -0.07 19.5743 -15.6173 -0.07 17.9301 -18.2969 -0.07 17.0854 -18.9349 -0.07 15.6321 -19.5719 -0.07 16.1353 -19.4058 -0.07 17.5228 -18.6355 -0.07 16.619 -19.1943 -0.07 19.6928 -15.1013 -0.07 15.1146 -19.6928 -0.07 19.7673 -14.5804 -0.07 14.5877 -19.7717 -0.07 19.8103 -14.0561 -0.07 14.0605 -19.8132 -0.07 13.531 -19.8313 -0.07 19.8312 -13.5293 -0.07 19.83 -13 -0.07 13 -19.83 -0.07 -13 -19.83 -0.07 -17.073 -18.9433 -0.07 -16.121 -19.4102 -0.07 -17.5116 -18.6442 -0.07 -16.6103 -19.1987 -0.07 -15.6173 -19.5743 -0.07 -17.9203 -18.3056 -0.07 -18.9349 -17.0854 -0.07 -18.6355 -17.5228 -0.07 -19.5719 -15.6321 -0.07 -18.2969 -17.9301 -0.07 -19.4058 -16.1353 -0.07 -19.1943 -16.619 -0.07 -19.6928 -15.1146 -0.07 -15.1013 -19.6928 -0.07 -14.5804 -19.7673 -0.07 -19.7717 -14.5877 -0.07 -14.0561 -19.8103 -0.07 -19.8132 -14.0605 -0.07 -13.5293 -19.8312 -0.07 -19.8313 -13.531 -0.07 -19.83 -13 -0.07 13 19.83 -0.07 -13 19.83 -0.07 -19.83 13 -0.07 -19.1987 16.6103 -0.07 -19.4102 16.121 -0.07 -18.9433 17.073 -0.07 -18.6442 17.5116 -0.07 -19.5743 15.6173 -0.07 -18.3056 17.9203 -0.07 -15.6321 19.5719 -0.07 -17.5228 18.6355 -0.07 -17.9301 18.2969 -0.07 -16.1353 19.4058 -0.07 -16.619 19.1943 -0.07 -17.0854 18.9349 -0.07 -19.6928 15.1013 -0.07 -15.1146 19.6928 -0.07 -19.7673 14.5804 -0.07 -14.5877 19.7717 -0.07 -19.8103 14.0561 -0.07 -14.0605 19.8132 -0.07 -13.531 19.8313 -0.07 -19.8312 13.5293 -0.07 17.073 18.9433 -0.07 16.6103 19.1987 -0.07 16.121 19.4102 -0.07 15.6173 19.5743 -0.07 17.5116 18.6442 -0.07 18.2969 17.9301 -0.07 17.9203 18.3056 -0.07 19.5719 15.6321 -0.07 19.4058 16.1353 -0.07 18.9349 17.0854 -0.07 18.6355 17.5228 -0.07 19.1943 16.619 -0.07 15.1013 19.6928 -0.07 14.5804 19.7673 -0.07 19.6928 15.1146 -0.07 19.8132 14.0605 -0.07 19.7717 14.5877 -0.07 14.0561 19.8103 -0.07 8.76798 -0.211251 -17.5 8.8214 -0.416425 -17.5 8.75 5.612e-16 -17.5 9.02746 -0.785275 -17.5 9.17416 -0.93834 -17.5 8.90873 -0.609619 -17.5 9.53393 -1.15986 -17.5 9.73665 -1.22194 -17.5 9.34462 -1.06441 -17.5 10.366 -1.19521 -17.5 10.1588 -1.23988 -17.5 9.94695 -1.24887 -17.5 10.7433 -1.005 -17.5 10.9024 -0.864924 -17.5 10.5628 -1.11616 -17.5 11.139 -0.514877 -17.5 11.2097 -0.314973 -17.5 11.0356 -0.699968 -17.5 11.2097 0.314973 -17.5 11.2455 0.106007 -17.5 11.2455 -0.106007 -17.5 11.0356 0.699968 -17.5 10.9024 0.864924 -17.5 11.139 0.514877 -17.5 10.5628 1.11616 -17.5 10.366 1.19521 -17.5 10.7433 1.005 -17.5 9.94695 1.24887 -17.5 10.1588 1.23988 -17.5 9.73665 1.22194 -17.5 9.53393 1.15986 -17.5 9.34462 1.06441 -17.5 9.17416 0.93834 -17.5 9.02746 0.785275 -17.5 8.90873 0.609619 -17.5 8.8214 0.416425 -17.5 8.76798 0.211251 -17.5 -11.232 -0.211251 -17.5 -11.1786 -0.416425 -17.5 -11.25 5.612e-16 -17.5 -10.9725 -0.785275 -17.5 -10.8258 -0.93834 -17.5 -11.0913 -0.609619 -17.5 -10.4661 -1.15986 -17.5 -10.2633 -1.22194 -17.5 -10.6554 -1.06441 -17.5 -9.63397 -1.19521 -17.5 -9.84123 -1.23988 -17.5 -10.0531 -1.24887 -17.5 -9.25671 -1.005 -17.5 -9.09756 -0.864924 -17.5 -9.43725 -1.11616 -17.5 -8.86096 -0.514877 -17.5 -8.79033 -0.314973 -17.5 -8.96436 -0.699968 -17.5 -8.79033 0.314973 -17.5 -8.7545 0.106007 -17.5 -8.7545 -0.106007 -17.5 -8.96436 0.699968 -17.5 -9.09756 0.864924 -17.5 -8.86096 0.514877 -17.5 -9.43725 1.11616 -17.5 -9.63397 1.19521 -17.5 -9.25671 1.005 -17.5 -10.0531 1.24887 -17.5 -9.84123 1.23988 -17.5 -10.2633 1.22194 -17.5 -10.4661 1.15986 -17.5 -10.6554 1.06441 -17.5 -10.8258 0.93834 -17.5 -10.9725 0.785275 -17.5 -11.0913 0.609619 -17.5 -11.1786 0.416425 -17.5 -11.232 0.211251 -17.5 19.979 7.05147 0.03 19.8805 7.27741 0.03 -19.8 -13 0.03 14.8426 -19.7069 0.03 17.3931 -18.6939 0.03 18.0964 -18.0964 0.03 19.979 -7.05147 0.03 20.1132 6.84472 0.03 16.6021 -19.1692 0.03 15.7439 -19.5078 0.03 20.6894 -6.39197 0.03 20.6894 6.39197 0.03 20.4733 -6.51046 0.03 20.9221 6.31048 0.03 25.0218 3.08921 0.03 24.4384 3.98799 0.03 13.9231 -19.7877 0.03 18.694 -17.3932 0.03 24.4384 -3.98799 0.03 25.0218 -3.08921 0.03 20.9221 -6.31048 0.03 19.5079 -15.7437 0.03 19.1693 -16.6021 0.03 13 -19.8 0.03 19.7877 -13.9231 0.03 19.7071 -14.8425 0.03 19.8 -13 0.03 19.8 -7.76209 0.03 -13 -19.8 0.03 -14.8425 -19.7071 0.03 -17.3932 -18.694 0.03 -16.6021 -19.1693 0.03 -15.7437 -19.5079 0.03 -13.9231 -19.7877 0.03 -18.0964 -18.0964 0.03 -19.1692 -16.6021 0.03 -18.6939 -17.3931 0.03 -19.5078 -15.7439 0.03 -19.7069 -14.8426 0.03 -19.7877 -13.9231 0.03 19.8805 -7.27741 0.03 19.8203 -7.51643 0.03 19.8203 7.51643 0.03 -13 19.8 0.03 -19.8 13 0.03 -14.8426 19.7069 0.03 -16.6021 19.1692 0.03 -17.3931 18.6939 0.03 -15.7439 19.5078 0.03 -18.0964 18.0964 0.03 -13.9231 19.7877 0.03 -18.694 17.3932 0.03 -19.1693 16.6021 0.03 -19.5079 15.7437 0.03 -19.7071 14.8425 0.03 -19.7877 13.9231 0.03 13 19.8 0.03 19.8 7.76209 0.03 16.6021 19.1693 0.03 15.7437 19.5079 0.03 14.8425 19.7071 0.03 19.8 13 0.03 18.0964 18.0964 0.03 17.3932 18.694 0.03 13.9231 19.7877 0.03 18.6939 17.3931 0.03 19.1692 16.6021 0.03 19.5078 15.7439 0.03 19.7069 14.8426 0.03 19.7877 13.9231 0.03 22.873 5.44111 0.03 23.7156 4.77907 0.03 20.4733 6.51046 0.03 20.1132 -6.84472 0.03 20.2795 -6.66275 0.03 20.2795 6.66275 0.03 25.8 3.6944e-15 0.03 21.9334 5.95621 0.03 25.4502 2.10702 0.03 25.712 1.06793 0.03 25.4502 -2.10702 0.03 25.712 -1.06793 0.03 23.7156 -4.77907 0.03 22.873 -5.44111 0.03 21.9334 -5.95621 0.03 25.8 3.6944e-15 -0.07 25.712 1.06793 -0.07 25.4502 2.10702 -0.07 25.0218 3.08921 -0.07 24.4384 3.98799 -0.07 23.7156 4.77907 -0.07 22.873 5.44111 -0.07 21.9334 5.95621 -0.07 20.9221 6.31048 -0.07 25.712 -1.06793 -0.07 25.4502 -2.10702 -0.07 25.0218 -3.08921 -0.07 24.4384 -3.98799 -0.07 23.7156 -4.77907 -0.07 22.873 -5.44111 -0.07 21.9334 -5.95621 -0.07 20.9221 -6.31048 -0.07 20.1132 -6.84472 -0.07 20.2795 -6.66275 -0.07 20.4733 -6.51046 -0.07 20.6894 -6.39197 -0.07 19.979 -7.05147 -0.07 19.8805 -7.27741 -0.07 19.8203 -7.51643 -0.07 19.8 -7.76209 -0.07 19.8 -13 -0.07 18.0964 -18.0964 -0.07 17.3931 -18.6939 -0.07 16.6021 -19.1692 -0.07 15.7437 -19.5079 -0.07 14.8426 -19.7069 -0.07 13.9231 -19.7877 -0.07 13 -19.8 -0.07 18.694 -17.3932 -0.07 19.1693 -16.6022 -0.07 19.5079 -15.7437 -0.07 19.7071 -14.8426 -0.07 19.7877 -13.9231 -0.07 -13 -19.8 -0.07 -18.0964 -18.0964 -0.07 -18.6939 -17.3931 -0.07 -19.1692 -16.6021 -0.07 -19.5079 -15.7437 -0.07 -19.7069 -14.8426 -0.07 -19.7877 -13.9231 -0.07 -19.8 -13 -0.07 -17.3932 -18.694 -0.07 -16.6022 -19.1693 -0.07 -15.7437 -19.5079 -0.07 -14.8426 -19.7071 -0.07 -13.9231 -19.7877 -0.07 -19.8 13 -0.07 -18.0964 18.0964 -0.07 -17.3931 18.6939 -0.07 -16.6021 19.1692 -0.07 -15.7437 19.5079 -0.07 -14.8426 19.7069 -0.07 -13.9231 19.7877 -0.07 -13 19.8 -0.07 -18.694 17.3932 -0.07 -19.1693 16.6022 -0.07 -19.5079 15.7437 -0.07 -19.7071 14.8426 -0.07 -19.7877 13.9231 -0.07 13 19.8 -0.07 18.0964 18.0964 -0.07 18.6939 17.3931 -0.07 19.1692 16.6021 -0.07 19.5079 15.7437 -0.07 19.7069 14.8426 -0.07 19.7877 13.9231 -0.07 19.8 13 -0.07 17.3932 18.694 -0.07 16.6022 19.1693 -0.07 15.7437 19.5079 -0.07 14.8426 19.7071 -0.07 13.9231 19.7877 -0.07 19.8 7.76209 -0.07 20.1132 6.84472 -0.07 19.979 7.05147 -0.07 19.8805 7.27741 -0.07 19.8203 7.51643 -0.07 20.2795 6.66275 -0.07 20.4733 6.51046 -0.07 20.6894 6.39197 -0.07</float_array>
                    <technique_common>
                        <accessor count="3877" source="#shape0-lib-positions-array" stride="3">
                            <param name="X" type="float"/>
                            <param name="Y" type="float"/>
                            <param name="Z" type="float"/>
                        </accessor>
                    </technique_common>
                </source>
                <source id="shape0-lib-normals" name="normal">
                    <float_array id="shape0-lib-normals-array" count="23238">0 0 -1 0 0 -1 0 0 -1 0 0 -1 0 0 -1 0 0 -1 0 0 -1 0 0 -1 0 0 -1 0 0 -1 0 0 -1 0 0 -1 0 0 -1 0 0 -1 0 0 -1 0 0 -1 0 0 -1 0 0 -1 0 0 -1 0 0 -1 0 0 -1 0 0 -1 0 0 -1 0 0 -1 0 0 -1 0 0 -1 0 0 -1 0 0 -1 0 0 -1 0 0 -1 0 0 -1 0 0 -1 0 0 -1 0 0 -1 0 0 -1 0 0 -1 0 0 -1 0 0 -1 0 0 -1 0 0 -1 0 0 -1 0 0 -1 0 0 -1 0 0 -1 0 0 -1 0 0 -1 0 0 -1 0 0 -1 0 0 -1 0 0 -1 0 0 -1 0 0 -1 0 0 -1 0 0 -1 0 0 -1 0 0 -1 0 0 -1 0 0 -1 0 0 -1 0 0 -1 0 0 -1 0 0 -1 0 0 -1 0 0 -1 0 0 -1 0 0 -1 0 0 -1 0 0 -1 0 0 -1 0 0 -1 0 0 -1 0 0 -1 0 0 -1 0 0 -1 0 0 -1 0 0 -1 0 0 -1 0 0 -1 0 0 -1 0 0 -1 0 0 -1 0 0 -1 0 0 -1 0 0 -1 0 0 -1 0 0 -1 0 0 -1 0 0 -1 0 0 -1 0 0 -1 0 0 -1 0 0 -1 0 0 -1 0 0 -1 0 0 -1 0 0 -1 0 0 -1 0 0 -1 0 0 -1 0 0 -1 0 0 -1 0 0 -1 0 0 -1 0 0 -1 0 0 -1 0 0 -1 0 0 -1 0 0 -1 0 0 -1 0 0 -1 0 0 -1 0 0 -1 0 0 -1 0 0 -1 0 0 -1 0 0 -1 0 0 -1 0 0 -1 0 0 -1 0 0 -1 0 0 -1 0 0 -1 0 0 -1 0 0 -1 0 0 -1 0 0 -1 0 0 -1 0 0 -1 0 0 -1 0 0 -1 0 0 -1 0 0 -1 0 0 -1 0 0 -1 0 0 -1 0 0 -1 0 0 -1 0 0 -1 0 0 -1 0 0 -1 0 0 -1 0 0 -1 0 0 -1 0 0 -1 0 0 -1 0 0 -1 0 0 -1 0 0 -1 0 0 -1 0 0 -1 0 0 -1 0 0 -1 0 0 -1 0 0 -1 0 0 -1 0 0 -1 -1 0 0 -1 0 0 -1 0 0 -1 0 0 -1 0 0 -1 0 0 -1 0 0 -1 0 0 -1 0 0 -1 0 0 -1 0 0 -1 0 0 -1 0 0 -1 0 0 -1 0 0 -1 0 0 -1 0 0 -1 0 0 -1 0 0 -1 0 0 -1 0 0 -1 0 0 -1 0 0 -1 0 0 -1 0 0 -1 0 0 -1 0 0 -1 0 0 -1 0 0 -1 0 0 -1 0 0 -1 0 0 -1 0 0 -1 0 0 -1 0 0 -1 0 0 -1 0 0 -1 0 0 -1 0 0 -1 0 0 -1 0 0 -1 0 0 0 0 -1 0 0 -1 0 0.649445 -0.760409 0 0.522497 -0.852641 0 0.649445 -0.760409 0 0.382688 -0.923878 0 0.522497 -0.852641 0 0.233427 -0.972374 0 0.382688 -0.923878 0 0.0784727 -0.996916 0 0.233427 -0.972374 0 0.0784727 -0.996916 0 0.760414 -0.649439 0 0.852638 -0.522503 0 0.760414 -0.649439 0 0.923878 -0.382688 0 0.852638 -0.522503 0 0.972372 -0.233436 0 0.923878 -0.382688 0 0.996917 -0.0784615 0 0.972372 -0.233436 0 0.996917 -0.0784615 0 1 0 0 1 0 0 0.760403 0.649451 0 0.852641 0.522497 0 0.760403 0.649451 0 0.923878 0.382688 0 0.852641 0.522497 0 0.972372 0.233439 0 0.923878 0.382688 0 0.996917 0.0784606 0 0.972372 0.233439 0 0.996917 0.0784606 0 0.649452 0.760403 0 0.522497 0.852641 0 0.649452 0.760403 0 0.382678 0.923882 0 0.522497 0.852641 0 0.23345 0.972369 0 0.382678 0.923882 0 0.0784606 0.996917 0 0.23345 0.972369 0 0.0784606 0.996917 0 0 1 0 0 1 0 -0.649452 0.760403 0 -0.522497 0.852641 0 -0.649452 0.760403 0 -0.382678 0.923882 0 -0.522497 0.852641 0 -0.23345 0.972369 0 -0.382678 0.923882 0 -0.0784606 0.996917 0 -0.23345 0.972369 0 -0.0784606 0.996917 0 -0.760403 0.649451 0 -0.852641 0.522497 0 -0.760403 0.649451 0 -0.923878 0.382688 0 -0.852641 0.522497 0 -0.972372 0.233439 0 -0.923878 0.382688 0 -0.996917 0.0784606 0 -0.972372 0.233439 0 -0.996917 0.0784606 0 -1 0 0 -1 0 0 -0.760414 -0.649439 0 -0.852638 -0.522503 0 -0.760414 -0.649439 0 -0.923878 -0.382688 0 -0.852638 -0.522503 0 -0.972372 -0.233436 0 -0.923878 -0.382688 0 -0.996917 -0.0784615 0 -0.972372 -0.233436 0 -0.996917 -0.0784615 0 -0.649445 -0.760409 0 -0.522497 -0.852641 0 -0.649445 -0.760409 0 -0.382688 -0.923878 0 -0.522497 -0.852641 0 -0.233427 -0.972374 0 -0.382688 -0.923878 0 -0.0784727 -0.996916 0 -0.233427 -0.972374 0 -0.0784727 -0.996916 0 0 1 0 0 1 0 0 1 0 0 1 0 0 1 0 0 1 0 0 1 0 0 1 0 0 1 0 0 1 0 0 1 0 0 1 0 0 1 0 0 1 0 0 1 0 0 1 0 0 1 0 0 1 0 0 1 0 0 1 0 0 1 0 0 1 0 0 1 0 0 1 0 0 1 0 0 1 0 0 1 0 0 1 0 0 1 0 0 1 0 0 1 0 0 1 0 0 1 0 0 1 0 0 1 0 0 1 0 0 1 0 0 1 0 0 1 0 0 1 0 0 1 0 0 1 0 0 1 0 0 1 0 0 1 0 0 1 0 0 1 0 0 1 0 0 1 0 0 1 0 0 1 0 0 1 0 0 1 0 0 1 0 0 1 0 0 1 0 0 1 0 0 1 0 0 1 0 0 1 0 0 1 0 0 1 0 0 1 0 0 1 0 0 1 0 0 1 0 0 1 0 0 1 0 0 1 0 0 1 0 0 1 0 0 1 0 0 1 0 0 1 0 0 1 0 0 1 0 0 1 0 0 1 0 0 1 0 0 1 0 0 1 0 0 1 0 0 1 0 0 1 0 0 1 0 0 1 0 0 1 0 0 1 0 0 1 0 0 1 0 0 1 0 0 1 0 0 1 0 0 1 0 0 1 0 0 1 0 0 1 0 0 1 0 0 1 0 0 1 0 0 1 0 0 1 0 0 1 0 0 1 0 0 1 0 0 1 0 0 1 0 0 1 0 0 1 0 0 1 0 0 1 0 0 1 0 0 1 0 0 1 0 0 1 0 0 1 0 0 1 0 0 1 0 0 1 0 0 1 0 0 1 0 0 1 0 0 1 0 0 1 0 0 1 0 0 1 0 0 1 0 0 1 0 0 1 0 0 1 0 0 1 0 0 1 0 0 1 0 0 1 0 0 1 0 0 1 0 0 1 0 0 1 0 0 1 0 0 1 0 0 1 0 0 1 0 0 1 0 0 1 0 0 1 0 0 1 0 0 1 0 0 1 0 0 1 0 0 1 0 0 1 0 0 1 0 0 1 0 0 1 0 0 1 0 0 1 0 0 1 0 0 1 0 0 1 0 0 1 0 0 1 0 0 1 0 0 1 0 0 1 0 0 1 0 0 1 0 0 1 0 0 1 0 0 1 0 0 1 0 0 1 0 0 1 0 0 1 0 0 1 0 0 1 0 0 1 -1 0 0 -1 0 0 -0.63978 -0.768558 0.000405988 -0.565157 -0.824983 0.000467363 -0.638801 -0.76937 -0.00182687 -0.707236 -0.706976 -0.00139278 -0.564667 -0.825319 -0.000582448 -0.400194 -0.91643 0.000905572 -0.313689 -0.949513 0.00484118 -0.400293 -0.916387 0.00109554 -0.312485 -0.949919 0.00259996 -0.227913 -0.973644 0.0085829 -0.226798 -0.97392 0.00654823 -0.485344 -0.874323 -0.000897577 -0.143673 -0.989584 0.0089922 -0.0830927 -0.996384 0.0177136 -0.148308 -0.988789 0.0173286 -0.0343567 -0.999354 0.0105307 -0.0789205 -0.996828 0.0102845 -0.486079 -0.873915 0.000587743 0.00236308 -0.999997 0 0.00241966 -0.999997 0.000100924 -0.0403205 -0.999187 -0.000109606 -0.708255 -0.705955 0.00114648 -0.770345 -0.637624 0.00202882 -0.769388 -0.638781 -0.000609156 -0.826036 -0.563615 0.00164707 -0.82529 -0.564709 -0.000674057 -0.875076 -0.483983 0.00157155 -0.874409 -0.485188 -0.00083532 -0.917078 -0.398706 -0.000927136 -0.916923 -0.399062 -0.00160858 -0.949984 -0.312273 -0.00405618 -0.950109 -0.311899 -0.00336614 -0.974034 -0.226261 -0.00793294 -0.974115 -0.225934 -0.00734719 -0.98902 -0.146826 -0.0167552 -0.989639 -0.143205 -0.0103399 -0.996867 -0.078445 -0.0101702 -0.996378 -0.0830483 -0.0182811 -0.999419 -0.0340815 0.000387464 -0.999131 -0.0403035 -0.0106061 -0.999997 0.00230595 0.000238506 -0.999997 0.00243997 0 0 -1 0 0 -1 0 0.768558 -0.63978 0.000405988 0.824983 -0.565157 0.000467363 0.76937 -0.638801 -0.00182687 0.949919 -0.312485 0.00259996 0.825319 -0.564667 -0.000582448 0.91643 -0.400194 0.000905572 0.874323 -0.485344 -0.000897575 0.973644 -0.227913 0.00858293 0.916387 -0.400293 0.00109554 0.949513 -0.313689 0.00484118 0.97392 -0.226798 0.00654823 0.873915 -0.486079 0.000587752 0.989584 -0.143673 0.0089922 0.996828 -0.0789205 0.0102845 0.996384 -0.0830927 0.0177136 0.988789 -0.148308 0.0173286 0.999354 -0.0343567 0.0105307 0.706976 -0.707236 -0.00139281 0.999997 0.00241966 0.000100924 0.999187 -0.0403205 -0.000109606 0.999997 0.00236308 0 0.705955 -0.708255 0.00114643 0.637624 -0.770345 0.00202882 0.638781 -0.769388 -0.000609156 0.563615 -0.826036 0.00164707 0.564709 -0.82529 -0.000674057 0.483983 -0.875076 0.00157155 0.485188 -0.874409 -0.00083532 0.398706 -0.917078 -0.000927136 0.399062 -0.916923 -0.00160858 0.312273 -0.949984 -0.00405618 0.311899 -0.950109 -0.00336614 0.226261 -0.974034 -0.00793294 0.225934 -0.974115 -0.00734719 0.146826 -0.98902 -0.0167552 0.143205 -0.989639 -0.0103399 0.078445 -0.996867 -0.0101702 0.0830483 -0.996378 -0.0182811 0.0340815 -0.999419 0.000387464 0.0403035 -0.999131 -0.0106061 -0.00230595 -0.999997 0.000238506 -0.00243997 -0.999997 0 1 0 0 1 0 0 0.63978 0.768558 0.000405988 0.565157 0.824983 0.000467363 0.638801 0.76937 -0.00182687 0.143673 0.989584 0.0089922 0.485344 0.874323 -0.000897577 0.486079 0.873915 0.000587743 0.400293 0.916387 0.00109555 0.400194 0.91643 0.000905572 0.227913 0.973644 0.00858293 0.313689 0.949513 0.00484118 0.226798 0.97392 0.00654823 0.564667 0.825319 -0.000582449 0.312485 0.949919 0.00259999 0.148308 0.988789 0.0173286 0.0789205 0.996828 0.0102845 0.0343567 0.999354 0.0105307 0.0403205 0.999187 -0.000109606 -0.00241966 0.999997 0.000100924 0.707236 0.706976 -0.00139278 0.0830927 0.996384 0.0177136 -0.00236308 0.999997 0 0.708255 0.705955 0.00114648 0.770345 0.637624 0.00202882 0.769388 0.638781 -0.000609156 0.826036 0.563615 0.00164707 0.82529 0.564709 -0.000674057 0.875076 0.483983 0.00157155 0.874409 0.485188 -0.00083532 0.917078 0.398706 -0.000927136 0.916923 0.399062 -0.00160858 0.949984 0.312273 -0.00405618 0.950109 0.311899 -0.00336614 0.974034 0.226261 -0.00793294 0.974115 0.225934 -0.00734719 0.98902 0.146826 -0.0167552 0.989639 0.143205 -0.0103399 0.996867 0.078445 -0.0101702 0.996378 0.0830483 -0.0182811 0.999419 0.0340815 0.000387464 0.999131 0.0403035 -0.0106061 0.999997 -0.00230595 0.000238506 0.999997 -0.00243997 0 -0.768558 0.63978 0.000405988 -0.824983 0.565157 0.000467363 -0.76937 0.638801 -0.00182687 -0.873915 0.486079 0.000587752 -0.825319 0.564667 -0.000582448 -0.988789 0.148308 0.0173286 -0.916387 0.400293 0.00109555 -0.91643 0.400194 0.000905572 -0.949919 0.312485 0.00259996 -0.97392 0.226798 0.00654823 -0.949513 0.313689 0.00484118 -0.973644 0.227913 0.0085829 -0.999997 -0.00241966 0.000100924 -0.996384 0.0830927 0.0177136 -0.989584 0.143673 0.0089922 -0.999187 0.0403205 -0.000109606 -0.999354 0.0343567 0.0105307 -0.874323 0.485344 -0.000897577 -0.996828 0.0789205 0.0102845 -0.706976 0.707236 -0.00139278 -0.999997 -0.00236308 0 -0.705955 0.708255 0.00114648 -0.637624 0.770345 0.00202882 -0.638781 0.769388 -0.000609156 -0.563615 0.826036 0.00164707 -0.564709 0.82529 -0.000674057 -0.483983 0.875076 0.00157155 -0.485188 0.874409 -0.00083532 -0.398706 0.917078 -0.000927136 -0.399062 0.916923 -0.00160858 -0.312273 0.949984 -0.00405618 -0.311899 0.950109 -0.00336614 -0.226261 0.974034 -0.00793294 -0.225934 0.974115 -0.00734719 -0.146826 0.98902 -0.0167552 -0.143205 0.989639 -0.0103399 -0.078445 0.996867 -0.0101702 -0.0830483 0.996378 -0.0182811 -0.0340815 0.999419 0.000387464 -0.0403035 0.999131 -0.0106061 0.00230595 0.999997 0.000238506 0.00243997 0.999997 0 0 1 0 0 1 0 -0.0154106 0.923785 0.382602 -0.414924 0.17097 0.893648 -0.390139 0.334808 0.857727 -0.204039 0.0840751 0.975346 -0.280517 0.240733 0.92917 -0.21918 0.0220892 0.975434 -0.214463 0.0514618 0.975376 -0.960225 0.230413 0.157726 -0.247666 0.0249599 0.968524 -0.0643995 0.00279311 0.99792 -0.078456 -0.000171099 0.996918 -0.336274 0.553319 0.762075 -0.57979 0.497562 0.645194 -0.243958 0.59976 0.762085 -0.142922 0.16814 0.975347 -0.197027 0.836188 0.51183 -0.287889 0.707758 0.645134 -0.205081 0.50418 0.838895 -0.0152602 0.929443 0.368649 -0.0107476 0.646381 0.76294 -0.0126386 0.760347 0.649394 -0.0107391 0.649404 0.760368 -0.0364316 0.367315 0.929383 -0.0753694 0.759727 0.64586 -0.00857863 0.512976 0.85836 -0.0126186 0.763059 0.646205 -0.00623052 0.38271 0.923848 -0.00620182 0.368771 0.9295 -0.00375228 0.233436 0.972365 -0.00438484 0.258117 0.966104 -0.0364483 0.367517 0.929302 0.000157936 0.078456 0.996918 -0.0160089 0.975379 0.219953 -0.433527 0.739582 0.514853 -0.016176 0.972231 0.233465 -0.329052 0.871691 0.363152 -0.0133806 0.775333 0.631411 -0.0684342 0.982455 0.173491 -0.302854 0.498329 0.812372 -0.0356752 0.990457 0.133123 -0.0142174 0.852533 0.52248 0.00398146 0.996914 0.0783998 -0.0638643 0.643849 0.762482 -0.0141316 0.858473 0.512664 -0.148466 0.630101 0.762188 -0.0753891 0.75999 0.645548 -0.175212 0.743605 0.645253 -0.59224 0.142125 0.793128 -0.287908 0.707809 0.645071 -0.396842 0.65298 0.645084 -0.323732 0.795876 0.511644 -0.167439 0.143692 0.975355 -0.556432 0.654612 0.511729 -0.446196 0.734191 0.511735 -0.493024 0.302711 0.815655 -0.651972 0.559507 0.511747 -0.83541 0.200479 0.51176 -0.530474 0.218585 0.819035 -0.97223 0.0162135 0.233465 -0.970634 0.0978613 0.219756 -0.772116 0.0135142 0.635337 -0.997282 0.0380052 0.0631178 -0.996914 -0.00398146 0.0783998 -0.135384 0.99007 0.03786 -0.193613 0.949521 0.246826 -0.0596012 0.600724 0.797232 -0.126242 0.535763 0.834878 -0.0963186 0.970825 0.219595 -0.0847927 0.854714 0.512126 -0.0917905 0.925216 0.368171 -0.175209 0.743591 0.645271 -0.084785 0.854602 0.512315 -0.100763 0.427659 0.898306 -0.0217404 0.219214 0.975435 -0.00858062 0.522463 0.852619 -0.0638492 0.643657 0.762646 -0.0508915 0.513198 -0.85676 -0.0506939 0.511113 0.858018 -0.00811992 0.10035 0.994919 -0.00282292 0.0726702 0.997352 -0.00371332 0.220063 0.975479 -0.0963173 0.970787 0.219761 -0.276055 0.955539 -0.103626 -0.462386 0.548427 0.696725 -0.0917862 0.925141 0.36836 -0.223761 0.949634 0.219379 -0.415391 0.488684 0.767227 -0.213272 0.905131 0.367768 -0.0847539 0.359707 0.929208 -0.197026 0.836181 0.511842 -0.154108 0.37887 -0.912528 -0.050587 0.2147 0.975369 -0.0506758 0.510889 0.858152 -0.148452 0.630035 0.762246 -0.0505903 0.214715 0.975366 -0.117878 0.500289 0.857797 -0.084766 0.359762 0.929186 -0.00879135 0.0581492 0.998269 -0.0217518 0.219348 0.975404 -0.223759 0.949621 0.219437 -0.420246 0.878684 -0.226512 -0.439129 0.370256 0.818582 -0.213259 0.905065 0.367938 -0.367604 0.903731 0.219403 -0.567602 0.487102 0.663747 -0.35039 0.861411 0.367692 -0.114608 0.18858 0.975347 -0.323718 0.795839 0.51171 -0.139304 0.342472 0.929143 -0.0831405 0.204398 0.975351 -0.11786 0.500204 0.857849 -0.243958 0.59976 0.762084 -0.0831496 0.204421 0.975345 -0.193716 0.476243 0.857711 -0.0567693 0.248828 -0.966883 -0.139305 0.342475 0.929142 -0.0156248 0.048974 0.998678 -0.36761 0.903749 0.219319 -0.547267 0.772943 -0.321027 -0.785935 0.461077 0.411963 -0.350394 0.861421 0.367666 -0.506703 0.833754 0.219333 -0.39682 0.652942 0.645136 -0.482969 0.7947 0.367686 -0.494847 0.582161 0.645147 -0.446218 0.734228 0.511663 -0.192009 0.315939 0.929148 -0.114608 0.18858 0.975347 -0.193708 0.476221 0.857724 -0.336262 0.553298 0.762095 -0.10476 0.172376 -0.979445 -0.266992 0.439319 0.857738 -0.118687 0.28588 0.950887 -0.192 0.315923 0.929155 -0.0241318 0.0462451 0.998639 -0.506695 0.833738 0.219412 -0.663552 0.662445 -0.347657 -0.914561 0.346804 0.208099 -0.482966 0.794694 0.367703 -0.63188 0.743371 0.219378 -0.494846 0.582159 0.64515 -0.602294 0.708565 0.367665 -0.419327 0.493314 0.762106 -0.556431 0.654611 0.511732 -0.239429 0.281675 0.929157 -0.142909 0.168124 0.975352 -0.267008 0.439345 0.857719 -0.419349 0.493341 0.762077 -0.108696 0.127874 -0.985816 -0.332978 0.39173 0.857714 -0.0589399 0.0924071 0.993975 -0.239419 0.281663 0.929163 -0.0355808 0.0463093 0.998293 -0.631885 0.743377 0.219345 -0.775379 0.546705 -0.316071 -0.973765 0.203021 0.102779 -0.602288 0.708557 0.36769 -0.740387 0.635382 0.219357 -0.5798 0.497571 0.645178 -0.705715 0.605628 0.36767 -0.491317 0.421636 0.762122 -0.651976 0.559511 0.511737 -0.315051 0.193439 0.929153 -0.315085 0.193461 0.929136 -0.332949 0.391695 0.857741 -0.491334 0.421652 0.762103 -0.120778 0.103649 -0.987253 -0.39012 0.334791 0.857742 -0.0490363 0.0537095 0.997352 -0.28053 0.240744 0.929164 -0.0534428 0.049321 0.997352 -0.740383 0.635379 0.219378 -0.880142 0.41763 -0.225687 -0.732172 0.449546 0.511696 -0.70571 0.605623 0.367688 -0.831444 0.510497 0.2193 -0.651113 0.399775 0.64516 -0.792505 0.486589 0.367651 -0.551785 0.338791 0.762072 -0.732156 0.449535 0.511729 -0.43812 0.269003 0.857723 -0.651173 0.399814 0.645076 -0.188054 0.115465 0.975348 -0.551835 0.338823 0.762022 -0.17118 0.105104 -0.979618 -0.438112 0.268998 0.857728 -0.0920525 0.0592783 0.993988 -0.0460462 0.0356135 0.998304 -0.167445 0.143697 0.975353 -0.831438 0.510493 0.219335 -0.956804 0.270694 -0.106072 -0.794344 0.327314 0.511745 -0.792504 0.486588 0.367653 -0.902081 0.37171 0.219274 -0.706476 0.291109 0.645094 -0.85979 0.354281 0.367758 -0.598696 0.246697 0.762039 -0.794386 0.327333 0.511669 -0.475319 0.195857 0.857737 -0.706451 0.291098 0.645127 -0.341837 0.140855 0.929143 -0.598641 0.246673 0.76209 -0.204016 0.0840651 0.975352 -0.475299 0.195848 0.85775 -0.341832 0.140853 0.929145 -0.0457166 0.0240851 0.998664 -0.188072 0.115476 0.975343 -0.902075 0.371706 0.219308 -0.991586 0.125309 -0.0324807 -0.742921 0.178281 0.645201 -0.859824 0.354297 0.367663 -0.948698 0.227665 0.21941 -0.629512 0.151065 0.762164 -0.904215 0.21699 0.367845 -0.499803 0.119937 0.857795 -0.835321 0.200454 0.511916 -0.359438 0.0862527 0.929174 -0.742859 0.178265 0.645277 -0.0880766 0.00786064 0.996083 -0.62944 0.151046 0.762227 -0.214523 0.0514771 0.975362 -0.499716 0.119914 0.857849 -0.231456 0.0972947 -0.967968 -0.359351 0.0862303 0.92921 -0.0460746 0.014705 0.99883 -0.948718 0.227672 0.219317 -0.992893 0.0793927 0.0886547 -0.925037 0.0932614 0.36825 -0.904223 0.216993 0.367824 -0.925103 0.0932707 0.368084 -0.854467 0.0861445 0.512313 -0.854538 0.0861538 0.512194 -0.75961 0.0765754 0.645855 -0.75986 0.0766065 0.645558 -0.643558 0.064872 0.762643 -0.643769 0.0648975 0.762463 -0.510814 0.0514871 0.858148 -0.511035 0.0515134 0.858015 -0.367302 0.0370195 0.929365 -0.367455 0.0370374 0.929304 -0.2038 0.0475882 0.977855 -0.219284 0.0221011 0.975411 -0.0487606 0.0071103 0.998785 -0.746133 0.0752288 0.661533 -0.970677 0.0978684 0.219562 -0.923785 0.0154093 0.382602 -0.975371 0.0164481 0.219957 -0.852533 0.0142476 0.52248 -0.929474 0.015706 0.368553 -0.760346 0.0127568 0.649393 -0.858461 0.0145056 0.512673 -0.649402 0.0109566 0.760366 -0.763048 0.012863 0.646213 -0.522462 0.00887532 0.852617 -0.646372 0.0108446 0.762945 -0.382709 0.00654538 0.923846 -0.512973 0.00853934 0.858362 -0.233436 0.00400459 0.972364 -0.368814 0.0060708 0.929483 -0.220067 0.00356464 0.975478 -0.277448 0.00479154 0.960729 -0.64631 0 0.763075 -0.512877 2.70981e-06 0.858462 -0.649441 -2.61012e-06 0.760412 -0.368698 4.73013e-06 0.929549 -0.522482 -4.67845e-06 0.85265 -0.220014 5.15458e-06 0.975497 -0.382717 -5.32474e-06 0.923866 -0.0726513 3.51347e-06 0.997357 -0.233438 -3.77951e-06 0.972372 -0.078456 2.19543e-16 0.996918 -0.760408 0 0.649446 -0.852619 2.34362e-06 0.522533 -0.763081 -2.49001e-06 0.646303 -0.923895 3.91258e-06 0.382647 -0.858422 -4.06766e-06 0.512943 -0.972358 4.32053e-06 0.233496 -0.929566 -4.37487e-06 0.368656 -0.996922 3.25609e-06 0.0784004 -0.975487 -3.16237e-06 0.220059 -0.997362 0 0.0725907 -0.929456 -0.0153753 0.368612 -0.17097 -0.414924 0.893648 -0.334808 -0.390139 0.857727 -0.0840751 -0.204039 0.975346 -0.240733 -0.280517 0.92917 -0.0220892 -0.21918 0.975434 -0.0514618 -0.214463 0.975376 -0.230413 -0.960225 0.157726 -0.0249599 -0.247666 0.968524 -0.00279311 -0.0643995 0.99792 0.000171099 -0.078456 0.996918 -0.553319 -0.336274 0.762075 -0.497562 -0.57979 0.645194 -0.59976 -0.243958 0.762085 -0.16814 -0.142922 0.975347 -0.836188 -0.197027 0.51183 -0.707758 -0.287889 0.645134 -0.50418 -0.205081 0.838895 -0.929441 -0.0153756 0.368651 -0.646383 -0.010687 0.762939 -0.76302 -0.0126189 0.646252 -0.646273 -0.0106874 0.763031 -0.367315 -0.0364316 0.929383 -0.759727 -0.0753694 0.64586 -0.51298 -0.00847918 0.858359 -0.763059 -0.0126186 0.646205 -0.368691 -0.00609419 0.929532 -0.368775 -0.00609423 0.929499 -0.220013 -0.00363584 0.97549 -0.272545 -0.00450299 0.962132 -0.367517 -0.0364483 0.929302 -0.0726513 0.000146251 0.997357 -0.975377 -0.0161349 0.219953 -0.739582 -0.433527 0.514853 -0.97536 -0.0161357 0.22003 -0.871691 -0.329052 0.363152 -0.765541 -0.0126646 0.643262 -0.982455 -0.0684342 0.173491 -0.498329 -0.302854 0.812372 -0.990457 -0.0356752 0.133123 -0.858336 -0.0141993 0.512892 -0.997354 0.00398322 0.0725901 -0.643849 -0.0638643 0.762482 -0.858472 -0.0141975 0.512664 -0.630101 -0.148466 0.762188 -0.75999 -0.0753891 0.645548 -0.743605 -0.175212 0.645253 -0.142125 -0.59224 0.793128 -0.707809 -0.287908 0.645071 -0.65298 -0.396842 0.645084 -0.795876 -0.323732 0.511644 -0.143692 -0.167439 0.975355 -0.654612 -0.556432 0.511729 -0.734191 -0.446196 0.511735 -0.302711 -0.493024 0.815655 -0.559507 -0.651972 0.511747 -0.200479 -0.83541 0.51176 -0.218585 -0.530474 0.819035 -0.0162135 -0.97223 0.233465 -0.0978613 -0.970634 0.219756 -0.0135142 -0.772116 0.635337 -0.0380052 -0.997282 0.0631178 0.00398146 -0.996914 0.0783998 -0.99007 -0.135384 0.03786 -0.949521 -0.193613 0.246826 -0.600724 -0.0596012 0.797232 -0.535763 -0.126242 0.834878 -0.970825 -0.0963186 0.219595 -0.854714 -0.0847927 0.512126 -0.925216 -0.0917905 0.368171 -0.743591 -0.175209 0.645271 -0.854602 -0.084785 0.512315 -0.427659 -0.100763 0.898306 -0.219214 -0.0217404 0.975435 -0.512858 -0.00847934 0.858431 -0.643657 -0.0638492 0.762646 -0.513198 -0.0508915 -0.85676 -0.511113 -0.0506939 0.858018 -0.10035 -0.00811992 0.994919 -0.0726702 -0.00282292 0.997352 -0.220066 -0.00363594 0.975478 -0.970787 -0.0963173 0.219761 -0.955539 -0.276055 -0.103626 -0.548427 -0.462386 0.696725 -0.925141 -0.0917862 0.36836 -0.949634 -0.223761 0.219379 -0.488684 -0.415391 0.767227 -0.905131 -0.213272 0.367768 -0.359707 -0.0847539 0.929208 -0.836181 -0.197026 0.511842 -0.37887 -0.154108 -0.912528 -0.2147 -0.050587 0.975369 -0.510889 -0.0506758 0.858152 -0.630035 -0.148452 0.762246 -0.214715 -0.0505903 0.975366 -0.500289 -0.117878 0.857797 -0.359762 -0.084766 0.929186 -0.0581492 -0.00879135 0.998269 -0.219348 -0.0217518 0.975404 -0.949621 -0.223759 0.219437 -0.878684 -0.420246 -0.226512 -0.370256 -0.439129 0.818582 -0.905065 -0.213259 0.367938 -0.903731 -0.367604 0.219403 -0.487102 -0.567602 0.663747 -0.861411 -0.35039 0.367692 -0.18858 -0.114608 0.975347 -0.795839 -0.323718 0.51171 -0.342472 -0.139304 0.929143 -0.204398 -0.0831405 0.975351 -0.500204 -0.11786 0.857849 -0.59976 -0.243958 0.762084 -0.204421 -0.0831496 0.975345 -0.476243 -0.193716 0.857711 -0.248828 -0.0567693 -0.966883 -0.342475 -0.139305 0.929142 -0.048974 -0.0156248 0.998678 -0.903749 -0.36761 0.219319 -0.772943 -0.547267 -0.321027 -0.461077 -0.785935 0.411963 -0.861421 -0.350394 0.367666 -0.833754 -0.506703 0.219333 -0.652942 -0.39682 0.645136 -0.7947 -0.482969 0.367686 -0.582161 -0.494847 0.645147 -0.734228 -0.446218 0.511663 -0.315939 -0.192009 0.929148 -0.18858 -0.114608 0.975347 -0.476221 -0.193708 0.857724 -0.553298 -0.336262 0.762095 -0.172376 -0.10476 -0.979445 -0.439319 -0.266992 0.857738 -0.28588 -0.118687 0.950887 -0.315923 -0.192 0.929155 -0.0462451 -0.0241318 0.998639 -0.833738 -0.506695 0.219412 -0.662445 -0.663552 -0.347657 -0.346804 -0.914561 0.208099 -0.794694 -0.482966 0.367703 -0.743371 -0.63188 0.219378 -0.582159 -0.494846 0.64515 -0.708565 -0.602294 0.367665 -0.493314 -0.419327 0.762106 -0.654611 -0.556431 0.511732 -0.281675 -0.239429 0.929157 -0.168124 -0.142909 0.975352 -0.439345 -0.267008 0.857719 -0.493341 -0.419349 0.762077 -0.127874 -0.108696 -0.985816 -0.39173 -0.332978 0.857714 -0.0924071 -0.0589399 0.993975 -0.281663 -0.239419 0.929163 -0.0463093 -0.0355808 0.998293 -0.743377 -0.631885 0.219345 -0.546705 -0.775379 -0.316071 -0.203021 -0.973765 0.102779 -0.708557 -0.602288 0.36769 -0.635382 -0.740387 0.219357 -0.497571 -0.5798 0.645178 -0.605628 -0.705715 0.36767 -0.421636 -0.491317 0.762122 -0.559511 -0.651976 0.511737 -0.193439 -0.315051 0.929153 -0.193461 -0.315085 0.929136 -0.391695 -0.332949 0.857741 -0.421652 -0.491334 0.762103 -0.103649 -0.120778 -0.987253 -0.334791 -0.39012 0.857742 -0.0537095 -0.0490363 0.997352 -0.240744 -0.28053 0.929164 -0.049321 -0.0534428 0.997352 -0.635379 -0.740383 0.219378 -0.41763 -0.880142 -0.225687 -0.449546 -0.732172 0.511696 -0.605623 -0.70571 0.367688 -0.510497 -0.831444 0.2193 -0.399775 -0.651113 0.64516 -0.486589 -0.792505 0.367651 -0.338791 -0.551785 0.762072 -0.449535 -0.732156 0.511729 -0.269003 -0.43812 0.857723 -0.399814 -0.651173 0.645076 -0.115465 -0.188054 0.975348 -0.338823 -0.551835 0.762022 -0.105104 -0.17118 -0.979618 -0.268998 -0.438112 0.857728 -0.0592783 -0.0920525 0.993988 -0.0356135 -0.0460462 0.998304 -0.143697 -0.167445 0.975353 -0.510493 -0.831438 0.219335 -0.270694 -0.956804 -0.106072 -0.327314 -0.794344 0.511745 -0.486588 -0.792504 0.367653 -0.37171 -0.902081 0.219274 -0.291109 -0.706476 0.645094 -0.354281 -0.85979 0.367758 -0.246697 -0.598696 0.762039 -0.327333 -0.794386 0.511669 -0.195857 -0.475319 0.857737 -0.291098 -0.706451 0.645127 -0.140855 -0.341837 0.929143 -0.246673 -0.598641 0.76209 -0.0840651 -0.204016 0.975352 -0.195848 -0.475299 0.85775 -0.140853 -0.341832 0.929145 -0.0240851 -0.0457166 0.998664 -0.115476 -0.188072 0.975343 -0.371706 -0.902075 0.219308 -0.125309 -0.991586 -0.0324807 -0.178281 -0.742921 0.645201 -0.354297 -0.859824 0.367663 -0.227665 -0.948698 0.21941 -0.151065 -0.629512 0.762164 -0.21699 -0.904215 0.367845 -0.119937 -0.499803 0.857795 -0.200454 -0.835321 0.511916 -0.0862527 -0.359438 0.929174 -0.178265 -0.742859 0.645277 -0.00786064 -0.0880766 0.996083 -0.151046 -0.62944 0.762227 -0.0514771 -0.214523 0.975362 -0.119914 -0.499716 0.857849 -0.0972947 -0.231456 -0.967968 -0.0862303 -0.359351 0.92921 -0.014705 -0.0460746 0.99883 -0.227672 -0.948718 0.219317 -0.0793927 -0.992893 0.0886547 -0.0932614 -0.925037 0.36825 -0.216993 -0.904223 0.367824 -0.0932707 -0.925103 0.368084 -0.0861445 -0.854467 0.512313 -0.0861538 -0.854538 0.512194 -0.0765754 -0.75961 0.645855 -0.0766065 -0.75986 0.645558 -0.064872 -0.643558 0.762643 -0.0648975 -0.643769 0.762463 -0.0514871 -0.510814 0.858148 -0.0515134 -0.511035 0.858015 -0.0370195 -0.367302 0.929365 -0.0370374 -0.367455 0.929304 -0.0475882 -0.2038 0.977855 -0.0221011 -0.219284 0.975411 -0.0071103 -0.0487606 0.998785 -0.0752288 -0.746133 0.661533 -0.0978684 -0.970677 0.219562 -0.0154093 -0.923785 0.382602 -0.0164481 -0.975371 0.219957 -0.0142476 -0.852533 0.52248 -0.015706 -0.929474 0.368553 -0.0127568 -0.760346 0.649393 -0.0145056 -0.858461 0.512673 -0.0109566 -0.649402 0.760366 -0.012863 -0.763048 0.646213 -0.00887532 -0.522462 0.852617 -0.0108446 -0.646372 0.762945 -0.00654538 -0.382709 0.923846 -0.00853934 -0.512973 0.858362 -0.00400459 -0.233436 0.972364 -0.0060708 -0.368814 0.929483 -0.00356464 -0.220067 0.975478 -0.00479154 -0.277448 0.960729 0 -0.64631 0.763075 -2.70981e-06 -0.512877 0.858462 2.61012e-06 -0.649441 0.760412 -4.73013e-06 -0.368698 0.929549 4.67845e-06 -0.522482 0.85265 -5.15458e-06 -0.220014 0.975497 5.32474e-06 -0.382717 0.923866 -3.51347e-06 -0.0726513 0.997357 3.77951e-06 -0.233438 0.972372 -2.20849e-16 -0.078456 0.996918 0 -0.760408 0.649446 -2.34362e-06 -0.852619 0.522533 2.49001e-06 -0.763081 0.646303 -3.91258e-06 -0.923895 0.382647 4.06766e-06 -0.858422 0.512943 -4.32053e-06 -0.972358 0.233496 4.37487e-06 -0.929566 0.368656 -3.25609e-06 -0.996922 0.0784004 3.16237e-06 -0.975487 0.220059 0 -0.997362 0.0725907 0.0153753 -0.929456 0.368612 0.414924 -0.17097 0.893648 0.390139 -0.334808 0.857727 0.204039 -0.0840751 0.975346 0.280517 -0.240733 0.92917 0.21918 -0.0220892 0.975434 0.214463 -0.0514618 0.975376 0.960225 -0.230413 0.157726 0.247666 -0.0249599 0.968524 0.0643995 -0.00279311 0.99792 0.078456 0.000171099 0.996918 0.336274 -0.553319 0.762075 0.57979 -0.497562 0.645194 0.243958 -0.59976 0.762085 0.142922 -0.16814 0.975347 0.197027 -0.836188 0.51183 0.287889 -0.707758 0.645134 0.205081 -0.50418 0.838895 0.0153756 -0.929441 0.368651 0.010687 -0.646383 0.762939 0.0126189 -0.76302 0.646252 0.0106874 -0.646273 0.763031 0.0364316 -0.367315 0.929383 0.0753694 -0.759727 0.64586 0.00847918 -0.51298 0.858359 0.0126186 -0.763059 0.646205 0.00609419 -0.368691 0.929532 0.00609423 -0.368775 0.929499 0.00363584 -0.220013 0.97549 0.00450299 -0.272545 0.962132 0.0364483 -0.367517 0.929302 -0.000146251 -0.0726513 0.997357 0.0161349 -0.975377 0.219953 0.433527 -0.739582 0.514853 0.0161357 -0.97536 0.22003 0.329052 -0.871691 0.363152 0.0126646 -0.765541 0.643262 0.0684342 -0.982455 0.173491 0.302854 -0.498329 0.812372 0.0356752 -0.990457 0.133123 0.0141993 -0.858336 0.512892 -0.00398322 -0.997354 0.0725901 0.0638643 -0.643849 0.762482 0.0141975 -0.858472 0.512664 0.148466 -0.630101 0.762188 0.0753891 -0.75999 0.645548 0.175212 -0.743605 0.645253 0.59224 -0.142125 0.793128 0.287908 -0.707809 0.645071 0.396842 -0.65298 0.645084 0.323732 -0.795876 0.511644 0.167439 -0.143692 0.975355 0.556432 -0.654612 0.511729 0.446196 -0.734191 0.511735 0.493024 -0.302711 0.815655 0.651972 -0.559507 0.511747 0.83541 -0.200479 0.51176 0.530474 -0.218585 0.819035 0.97223 -0.0162135 0.233465 0.970634 -0.0978613 0.219756 0.772116 -0.0135142 0.635337 0.997282 -0.0380052 0.0631178 0.996914 0.00398146 0.0783998 0.135384 -0.99007 0.03786 0.193613 -0.949521 0.246826 0.0596012 -0.600724 0.797232 0.126242 -0.535763 0.834878 0.0963186 -0.970825 0.219595 0.0847927 -0.854714 0.512126 0.0917905 -0.925216 0.368171 0.175209 -0.743591 0.645271 0.084785 -0.854602 0.512315 0.100763 -0.427659 0.898306 0.0217404 -0.219214 0.975435 0.00847934 -0.512858 0.858431 0.0638492 -0.643657 0.762646 0.0508915 -0.513198 -0.85676 0.0506939 -0.511113 0.858018 0.00811992 -0.10035 0.994919 0.00282292 -0.0726702 0.997352 0.00363594 -0.220066 0.975478 0.0963173 -0.970787 0.219761 0.276055 -0.955539 -0.103626 0.462386 -0.548427 0.696725 0.0917862 -0.925141 0.36836 0.223761 -0.949634 0.219379 0.415391 -0.488684 0.767227 0.213272 -0.905131 0.367768 0.0847539 -0.359707 0.929208 0.197026 -0.836181 0.511842 0.154108 -0.37887 -0.912528 0.050587 -0.2147 0.975369 0.0506758 -0.510889 0.858152 0.148452 -0.630035 0.762246 0.0505903 -0.214715 0.975366 0.117878 -0.500289 0.857797 0.084766 -0.359762 0.929186 0.00879135 -0.0581492 0.998269 0.0217518 -0.219348 0.975404 0.223759 -0.949621 0.219437 0.420246 -0.878684 -0.226512 0.439129 -0.370256 0.818582 0.213259 -0.905065 0.367938 0.367604 -0.903731 0.219403 0.567602 -0.487102 0.663747 0.35039 -0.861411 0.367692 0.114608 -0.18858 0.975347 0.323718 -0.795839 0.51171 0.139304 -0.342472 0.929143 0.0831405 -0.204398 0.975351 0.11786 -0.500204 0.857849 0.243958 -0.59976 0.762084 0.0831496 -0.204421 0.975345 0.193716 -0.476243 0.857711 0.0567693 -0.248828 -0.966883 0.139305 -0.342475 0.929142 0.0156248 -0.048974 0.998678 0.36761 -0.903749 0.219319 0.547267 -0.772943 -0.321027 0.785935 -0.461077 0.411963 0.350394 -0.861421 0.367666 0.506703 -0.833754 0.219333 0.39682 -0.652942 0.645136 0.482969 -0.7947 0.367686 0.494847 -0.582161 0.645147 0.446218 -0.734228 0.511663 0.192009 -0.315939 0.929148 0.114608 -0.18858 0.975347 0.193708 -0.476221 0.857724 0.336262 -0.553298 0.762095 0.10476 -0.172376 -0.979445 0.266992 -0.439319 0.857738 0.118687 -0.28588 0.950887 0.192 -0.315923 0.929155 0.0241318 -0.0462451 0.998639 0.506695 -0.833738 0.219412 0.663552 -0.662445 -0.347657 0.914561 -0.346804 0.208099 0.482966 -0.794694 0.367703 0.63188 -0.743371 0.219378 0.494846 -0.582159 0.64515 0.602294 -0.708565 0.367665 0.419327 -0.493314 0.762106 0.556431 -0.654611 0.511732 0.239429 -0.281675 0.929157 0.142909 -0.168124 0.975352 0.267008 -0.439345 0.857719 0.419349 -0.493341 0.762077 0.108696 -0.127874 -0.985816 0.332978 -0.39173 0.857714 0.0589399 -0.0924071 0.993975 0.239419 -0.281663 0.929163 0.0355808 -0.0463093 0.998293 0.631885 -0.743377 0.219345 0.775379 -0.546705 -0.316071 0.973765 -0.203021 0.102779 0.602288 -0.708557 0.36769 0.740387 -0.635382 0.219357 0.5798 -0.497571 0.645178 0.705715 -0.605628 0.36767 0.491317 -0.421636 0.762122 0.651976 -0.559511 0.511737 0.315051 -0.193439 0.929153 0.315085 -0.193461 0.929136 0.332949 -0.391695 0.857741 0.491334 -0.421652 0.762103 0.120778 -0.103649 -0.987253 0.39012 -0.334791 0.857742 0.0490363 -0.0537095 0.997352 0.28053 -0.240744 0.929164 0.0534428 -0.049321 0.997352 0.740383 -0.635379 0.219378 0.880142 -0.41763 -0.225687 0.732172 -0.449546 0.511696 0.70571 -0.605623 0.367688 0.831444 -0.510497 0.2193 0.651113 -0.399775 0.64516 0.792505 -0.486589 0.367651 0.551785 -0.338791 0.762072 0.732156 -0.449535 0.511729 0.43812 -0.269003 0.857723 0.651173 -0.399814 0.645076 0.188054 -0.115465 0.975348 0.551835 -0.338823 0.762022 0.17118 -0.105104 -0.979618 0.438112 -0.268998 0.857728 0.0920525 -0.0592783 0.993988 0.0460462 -0.0356135 0.998304 0.167445 -0.143697 0.975353 0.831438 -0.510493 0.219335 0.956804 -0.270694 -0.106072 0.794344 -0.327314 0.511745 0.792504 -0.486588 0.367653 0.902081 -0.37171 0.219274 0.706476 -0.291109 0.645094 0.85979 -0.354281 0.367758 0.598696 -0.246697 0.762039 0.794386 -0.327333 0.511669 0.475319 -0.195857 0.857737 0.706451 -0.291098 0.645127 0.341837 -0.140855 0.929143 0.598641 -0.246673 0.76209 0.204016 -0.0840651 0.975352 0.475299 -0.195848 0.85775 0.341832 -0.140853 0.929145 0.0457166 -0.0240851 0.998664 0.188072 -0.115476 0.975343 0.902075 -0.371706 0.219308 0.991586 -0.125309 -0.0324807 0.742921 -0.178281 0.645201 0.859824 -0.354297 0.367663 0.948698 -0.227665 0.21941 0.629512 -0.151065 0.762164 0.904215 -0.21699 0.367845 0.499803 -0.119937 0.857795 0.835321 -0.200454 0.511916 0.359438 -0.0862527 0.929174 0.742859 -0.178265 0.645277 0.0880766 -0.00786064 0.996083 0.62944 -0.151046 0.762227 0.214523 -0.0514771 0.975362 0.499716 -0.119914 0.857849 0.231456 -0.0972947 -0.967968 0.359351 -0.0862303 0.92921 0.0460746 -0.014705 0.99883 0.948718 -0.227672 0.219317 0.992893 -0.0793927 0.0886547 0.925037 -0.0932614 0.36825 0.904223 -0.216993 0.367824 0.925103 -0.0932707 0.368084 0.854467 -0.0861445 0.512313 0.854538 -0.0861538 0.512194 0.75961 -0.0765754 0.645855 0.75986 -0.0766065 0.645558 0.643558 -0.064872 0.762643 0.643769 -0.0648975 0.762463 0.510814 -0.0514871 0.858148 0.511035 -0.0515134 0.858015 0.367302 -0.0370195 0.929365 0.367455 -0.0370374 0.929304 0.2038 -0.0475882 0.977855 0.219284 -0.0221011 0.975411 0.0487606 -0.0071103 0.998785 0.746133 -0.0752288 0.661533 0.970677 -0.0978684 0.219562 0.923785 -0.0154093 0.382602 0.975371 -0.0164481 0.219957 0.852533 -0.0142476 0.52248 0.929474 -0.015706 0.368553 0.760346 -0.0127568 0.649393 0.858461 -0.0145056 0.512673 0.649402 -0.0109566 0.760366 0.763048 -0.012863 0.646213 0.522462 -0.00887532 0.852617 0.646372 -0.0108446 0.762945 0.382709 -0.00654538 0.923846 0.512973 -0.00853934 0.858362 0.233436 -0.00400459 0.972364 0.368814 -0.0060708 0.929483 0.220067 -0.00356464 0.975478 0.277448 -0.00479154 0.960729 0.760408 0 0.649446 0.852619 -2.34362e-06 0.522533 0.763081 2.49001e-06 0.646303 0.923895 -3.91257e-06 0.382647 0.858422 4.06766e-06 0.512943 0.972358 -4.32053e-06 0.233496 0.929566 4.37487e-06 0.368656 0.996922 -3.25609e-06 0.0784004 0.975487 3.16237e-06 0.220059 0.997362 0 0.0725907 0.64631 0 0.763075 0.512877 -2.70981e-06 0.858462 0.649441 2.61016e-06 0.760412 0.368698 -4.73012e-06 0.929549 0.522482 4.67846e-06 0.85265 0.220014 -5.15458e-06 0.975497 0.382717 5.32474e-06 0.923866 0.0726513 -3.51347e-06 0.997357 0.233438 3.77951e-06 0.972372 0.078456 0 0.996918 0.50418 0.205081 0.838895 0.929441 0.0153756 0.36865 0.600724 0.0596012 0.797232 0.871691 0.329052 0.363152 0.975377 0.0161349 0.219953 0.739582 0.433527 0.514853 0.949521 0.193613 0.246826 0.765541 0.0126646 0.643262 0.982455 0.0684342 0.173491 0.990457 0.0356752 0.133123 0.498329 0.302854 0.812372 0.997354 -0.00398322 0.0725901 0.858472 0.0141975 0.512664 0.858336 0.0141993 0.512892 0.707758 0.287889 0.645135 0.142125 0.59224 0.793128 0.334809 0.39014 0.857726 0.59976 0.243958 0.762085 0.795876 0.323732 0.511644 0.553319 0.336274 0.762075 0.654612 0.556432 0.511729 0.734191 0.446196 0.511735 0.302711 0.493024 0.815655 0.559507 0.651972 0.511747 0.200479 0.83541 0.51176 0.218585 0.530474 0.819035 0.0978612 0.970634 0.219756 0.143692 0.167439 0.975355 0.0380052 0.997282 0.0631178 0.0162135 0.97223 0.233465 -0.00398146 0.996914 0.0783998 0.0135142 0.772116 0.635337 0.240733 0.280517 0.92917 0.17097 0.414924 0.893648 0.0514618 0.214463 0.975376 0.230413 0.960225 0.157726 0.0249599 0.247666 0.968524 0.0840751 0.204039 0.975346 0.00279311 0.0643995 0.99792 0.0220892 0.21918 0.975434 0.16814 0.142922 0.975347 0.497562 0.57979 0.645194 -0.000171099 0.078456 0.996918 0.652979 0.396841 0.645085 0.707808 0.287908 0.645071 0.630101 0.148466 0.762188 0.743605 0.175212 0.645253 0.836188 0.197027 0.51183 0.75999 0.0753891 0.645548 0.763059 0.0126186 0.646205 0.643849 0.0638643 0.762482 0.367315 0.0364316 0.929383 0.76302 0.0126189 0.646252 0.646273 0.0106874 0.763031 0.646383 0.010687 0.762939 0.51298 0.00847918 0.858359 0.759727 0.0753694 0.64586 0.220013 0.00363584 0.97549 0.368691 0.00609419 0.929532 0.367517 0.0364483 0.929302 0.368775 0.00609423 0.929499 0.0726513 -0.000146251 0.997357 0.272545 0.00450299 0.962132 0.97536 0.0161357 0.22003 0.99007 0.135384 0.03786 0.535763 0.126242 0.834878 0.929456 0.0153753 0.368612 0.970825 0.0963186 0.219595 0.854714 0.0847927 0.512126 0.925216 0.0917905 0.368171 0.743591 0.175209 0.645271 0.854602 0.084785 0.512315 0.427659 0.100763 0.898306 0.219214 0.0217404 0.975435 0.512858 0.00847934 0.858431 0.643657 0.0638492 0.762646 0.513198 0.0508915 -0.85676 0.511113 0.0506939 0.858018 0.10035 0.00811992 0.994919 0.0726702 0.00282292 0.997352 0.220066 0.00363594 0.975478 0.970787 0.0963173 0.219761 0.955539 0.276055 -0.103626 0.548427 0.462386 0.696725 0.925141 0.0917862 0.36836 0.949634 0.223761 0.219379 0.488684 0.415391 0.767227 0.905131 0.213272 0.367768 0.359707 0.0847539 0.929208 0.836181 0.197026 0.511842 0.37887 0.154108 -0.912528 0.2147 0.050587 0.975369 0.510889 0.0506758 0.858152 0.630035 0.148452 0.762246 0.214715 0.0505903 0.975366 0.500289 0.117878 0.857797 0.359762 0.084766 0.929186 0.0581492 0.00879135 0.998269 0.219348 0.0217518 0.975404 0.949621 0.223759 0.219437 0.878684 0.420246 -0.226512 0.370256 0.439129 0.818582 0.905065 0.213259 0.367938 0.903731 0.367604 0.219403 0.487102 0.567602 0.663747 0.861411 0.35039 0.367692 0.18858 0.114608 0.975347 0.795839 0.323718 0.51171 0.342472 0.139304 0.929143 0.204398 0.0831405 0.975351 0.500204 0.11786 0.857849 0.59976 0.243958 0.762084 0.204421 0.0831496 0.975345 0.476243 0.193716 0.857711 0.248828 0.0567693 -0.966883 0.342475 0.139305 0.929142 0.048974 0.0156248 0.998678 0.903749 0.36761 0.219319 0.772943 0.547267 -0.321027 0.461077 0.785935 0.411963 0.861421 0.350394 0.367666 0.833754 0.506703 0.219333 0.652942 0.39682 0.645136 0.7947 0.482969 0.367686 0.582161 0.494847 0.645147 0.734228 0.446218 0.511663 0.315939 0.192009 0.929148 0.18858 0.114608 0.975347 0.476221 0.193708 0.857724 0.553298 0.336262 0.762095 0.172376 0.10476 -0.979445 0.439319 0.266992 0.857738 0.28588 0.118687 0.950887 0.315923 0.192 0.929155 0.0462451 0.0241318 0.998639 0.833738 0.506695 0.219412 0.662445 0.663552 -0.347657 0.346804 0.914561 0.208099 0.794694 0.482966 0.367703 0.743371 0.63188 0.219378 0.582159 0.494846 0.64515 0.708565 0.602294 0.367665 0.493314 0.419327 0.762106 0.654611 0.556431 0.511732 0.281675 0.239429 0.929157 0.168124 0.142909 0.975352 0.439345 0.267008 0.857719 0.493341 0.419349 0.762077 0.127874 0.108696 -0.985816 0.39173 0.332978 0.857714 0.0924071 0.0589399 0.993975 0.281663 0.239419 0.929163 0.0463093 0.0355808 0.998293 0.743377 0.631885 0.219345 0.546705 0.775379 -0.316071 0.203021 0.973765 0.102779 0.708557 0.602288 0.36769 0.635382 0.740387 0.219357 0.497571 0.5798 0.645178 0.605628 0.705715 0.36767 0.421636 0.491317 0.762122 0.559511 0.651976 0.511737 0.193439 0.315051 0.929153 0.193461 0.315085 0.929136 0.391695 0.332949 0.857741 0.421652 0.491334 0.762103 0.103649 0.120778 -0.987253 0.334791 0.39012 0.857742 0.0537095 0.0490363 0.997352 0.240744 0.28053 0.929164 0.049321 0.0534428 0.997352 0.635379 0.740383 0.219378 0.41763 0.880142 -0.225687 0.449546 0.732172 0.511696 0.605623 0.70571 0.367688 0.510497 0.831444 0.2193 0.399775 0.651113 0.64516 0.486589 0.792505 0.367651 0.338791 0.551785 0.762072 0.449535 0.732156 0.511729 0.269003 0.43812 0.857723 0.399814 0.651173 0.645076 0.115465 0.188054 0.975348 0.338823 0.551835 0.762022 0.105104 0.17118 -0.979618 0.268998 0.438112 0.857728 0.0592783 0.0920525 0.993988 0.0356135 0.0460462 0.998304 0.143697 0.167445 0.975353 0.510493 0.831438 0.219335 0.270694 0.956804 -0.106072 0.327314 0.794344 0.511745 0.486588 0.792504 0.367653 0.37171 0.902081 0.219274 0.291109 0.706476 0.645094 0.354281 0.85979 0.367758 0.246697 0.598696 0.762039 0.327333 0.794386 0.511669 0.195857 0.475319 0.857737 0.291098 0.706451 0.645127 0.140855 0.341837 0.929143 0.246673 0.598641 0.76209 0.0840651 0.204016 0.975352 0.195848 0.475299 0.85775 0.140853 0.341832 0.929145 0.0240851 0.0457166 0.998664 0.115476 0.188072 0.975343 0.371706 0.902075 0.219308 0.125309 0.991586 -0.0324807 0.178281 0.742921 0.645201 0.354297 0.859824 0.367663 0.227665 0.948698 0.21941 0.151065 0.629512 0.762164 0.21699 0.904215 0.367845 0.119937 0.499803 0.857795 0.200454 0.835321 0.511916 0.0862527 0.359438 0.929174 0.178265 0.742859 0.645277 0.00786064 0.0880766 0.996083 0.151046 0.62944 0.762227 0.0514771 0.214523 0.975362 0.119914 0.499716 0.857849 0.0972947 0.231456 -0.967968 0.0862303 0.359351 0.92921 0.014705 0.0460746 0.99883 0.227672 0.948718 0.219317 0.0793927 0.992893 0.0886547 0.0932614 0.925037 0.36825 0.216993 0.904223 0.367824 0.0932707 0.925103 0.368084 0.0861445 0.854467 0.512313 0.0861538 0.854538 0.512194 0.0765754 0.75961 0.645855 0.0766065 0.75986 0.645558 0.064872 0.643558 0.762643 0.0648975 0.643769 0.762463 0.0514871 0.510814 0.858148 0.0515134 0.511035 0.858015 0.0370195 0.367302 0.929365 0.0370374 0.367455 0.929304 0.0475882 0.2038 0.977855 0.0221011 0.219284 0.975411 0.0071103 0.0487606 0.998785 0.0752288 0.746133 0.661533 0.0978684 0.970677 0.219562 0.0154093 0.923785 0.382602 0.0164481 0.975371 0.219957 0.0142476 0.852533 0.52248 0.015706 0.929474 0.368553 0.0127568 0.760346 0.649393 0.0145056 0.858461 0.512673 0.0109566 0.649402 0.760366 0.012863 0.763048 0.646213 0.00887532 0.522462 0.852617 0.0108446 0.646372 0.762945 0.00654538 0.382709 0.923846 0.00853934 0.512973 0.858362 0.00400459 0.233436 0.972364 0.0060708 0.368814 0.929483 0.00356464 0.220067 0.975478 0.00479154 0.277448 0.960729 0 0.760408 0.649446 0 0.852619 0.522533 0 0.760408 0.649446 0 0.923895 0.382647 0 0.852619 0.522533 0 0.972358 0.233496 0 0.923895 0.382647 0 0.996922 0.0784004 0 0.972358 0.233496 0 0.996922 0.0784004 0 0.649441 0.760412 0 0.522482 0.85265 0 0.649441 0.760412 0 0.382717 0.923866 0 0.522482 0.85265 0 0.233438 0.972372 0 0.382717 0.923866 0 0.078456 0.996918 0 0.233438 0.972372 0 0.078456 0.996918 -7.00211e-16 -4.80689e-15 1 -4.15581e-15 -2.31645e-15 1 -3.82118e-15 -2.9386e-15 1 -2.94519e-15 -3.79748e-15 1 -3.27378e-15 -3.53034e-15 1 -3.56338e-15 -3.25044e-15 1 -2.60118e-15 -4.037e-15 1 -4.77535e-15 -3.80119e-16 1 -1.05681e-15 -4.63343e-15 1 -2.23415e-15 -4.25172e-15 1 -1.85097e-15 -4.42763e-15 1 -4.29116e-16 -5.11127e-15 1 -3.62347e-18 -4.9066e-15 1 -4.06035e-15 -2.58981e-15 1 -2.31449e-16 -5.6376e-15 1 5.68339e-16 -5.20635e-15 1 1.16386e-15 -5.70429e-15 1 -4.36293e-15 -1.91374e-15 1 1.02009e-17 -6.39981e-15 1 -4.52077e-15 -1.50157e-15 1 -4.728e-15 -7.03446e-16 1 -4.63593e-15 -1.09279e-15 1 -4.47734e-15 -7.41243e-15 1 2.94014e-15 -3.81326e-15 1 2.31535e-15 -4.15383e-15 1 3.79748e-15 -2.94519e-15 1 3.53034e-15 -3.27378e-15 1 4.037e-15 -2.60118e-15 1 3.25287e-15 -3.55903e-15 1 4.79198e-15 -6.9804e-16 1 4.62516e-15 -1.06728e-15 1 5.09629e-15 -4.27858e-16 1 4.73176e-15 -5.54949e-16 1 4.42918e-15 -1.85099e-15 1 4.89157e-15 -2.28266e-18 1 2.58148e-15 -4.06089e-15 1 4.25327e-15 -2.23301e-15 1 5.62257e-15 -2.30832e-16 1 5.19131e-15 5.68991e-16 1 5.68923e-15 1.16383e-15 1 1.91676e-15 -4.36981e-15 1 6.38475e-15 1.01769e-17 1 1.50832e-15 -4.54108e-15 1 4.45485e-15 7.37513e-15 1 1.09939e-15 -4.66395e-15 1 3.12812e-17 4.78868e-15 1 4.16006e-15 2.31882e-15 1 3.82857e-15 2.94735e-15 1 2.95706e-15 3.82059e-15 1 3.27767e-15 3.55379e-15 1 3.57027e-15 3.26307e-15 1 2.6178e-15 4.05613e-15 1 1.05362e-15 4.61911e-15 1 6.97956e-16 4.79141e-15 1 1.87596e-15 4.41076e-15 1 5.53625e-16 4.73067e-15 1 6.31341e-18 4.89041e-15 1 2.2601e-15 4.25328e-15 1 4.06159e-15 2.60079e-15 1 4.27587e-16 5.09305e-15 1 2.30502e-16 5.61452e-15 1 -5.61713e-16 5.18736e-15 1 -1.15307e-15 5.68065e-15 1 4.36365e-15 1.91405e-15 1 -1.01529e-17 6.36969e-15 1 4.52867e-15 1.5042e-15 1 4.64825e-15 1.09569e-15 1 0 4.80362e-15 1 -1.0926e-15 4.63513e-15 1 -7.09993e-16 4.71938e-15 1 -5.18763e-15 -5.58713e-16 1 -5.67937e-15 -1.15519e-15 1 -3.80901e-15 2.94705e-15 1 -2.31364e-15 4.15077e-15 1 -3.54195e-15 3.26776e-15 1 -2.93703e-15 3.82123e-15 1 -4.0457e-15 2.60817e-15 1 -3.25154e-15 3.56141e-15 1 -4.79716e-15 6.98793e-16 1 -4.62622e-15 1.04654e-15 1 -5.0936e-15 4.27633e-16 1 -3.77828e-16 4.7631e-15 1 -4.4106e-15 1.86566e-15 1 -4.89505e-15 1.48687e-17 1 -2.59457e-15 4.05267e-15 1 -4.2473e-15 2.24946e-15 1 -1.90943e-15 4.3531e-15 1 -5.61314e-15 2.30445e-16 1 -6.36969e-15 -1.01529e-17 1 -1.49992e-15 4.5158e-15 1 -2.21532e-16 -6.39981e-15 1 7.26003e-16 -4.74003e-15 1 -1.0856e-15 -4.64368e-15 1 -5.54435e-16 -4.74554e-15 1 -1.49462e-15 -4.53139e-15 1 -1.49846e-15 -4.52717e-15 1 -1.90374e-15 -4.36291e-15 1 -2.30815e-15 -4.15057e-15 1 -2.68057e-15 -3.91466e-15 1 -3.02994e-15 -3.65223e-15 1 -3.36016e-15 -3.36398e-15 1 -3.66081e-15 -3.03855e-15 1 -3.92169e-15 -2.68706e-15 1 -4.2677e-15 -2.22981e-15 1 -4.43282e-15 -1.85344e-15 1 -4.56057e-15 -1.46336e-15 1 -4.67116e-15 -1.05497e-15 1 -4.73385e-15 -7.16799e-16 1 -4.79302e-15 -1.78045e-16 1 -4.77601e-15 -3.81452e-16 1 -7.70989e-18 2.20222e-16 1 -4.7876e-15 -1.68132e-16 1 -7.70989e-18 1.0441e-20 1 -6.36969e-15 0 1 -4.6398e-15 1.08469e-15 1 -4.7399e-15 5.62732e-16 1 -4.51975e-15 1.49078e-15 1 -4.51922e-15 1.49127e-15 1 -4.36355e-15 1.90402e-15 1 -4.15995e-15 2.31337e-15 1 -3.92413e-15 2.68705e-15 1 -3.6583e-15 3.03498e-15 1 -3.36398e-15 3.36016e-15 1 -3.03767e-15 3.65976e-15 1 -2.68675e-15 3.92124e-15 1 -2.2323e-15 4.25583e-15 1 -1.84305e-15 4.43004e-15 1 -1.45639e-15 4.56114e-15 1 -1.06352e-15 4.66222e-15 1 -7.14936e-16 4.72155e-15 1 -1.71152e-16 4.78194e-15 1 -3.80527e-16 4.76443e-15 1 -1.67871e-16 4.78015e-15 1 6.50519e-18 4.80362e-15 1 5.42101e-17 6.36969e-15 1 4.72452e-15 7.22351e-16 1 4.76158e-15 3.87779e-16 1 1.08224e-15 4.6293e-15 1 1.49173e-15 4.52263e-15 1 1.50212e-15 4.5112e-15 1 1.90765e-15 4.37188e-15 1 2.31985e-15 4.17161e-15 1 2.69547e-15 3.93642e-15 1 3.04483e-15 3.67018e-15 1 3.37073e-15 3.37456e-15 1 3.67001e-15 3.04618e-15 1 3.93024e-15 2.69292e-15 1 4.26654e-15 2.23637e-15 1 4.44344e-15 1.84522e-15 1 4.57402e-15 1.46065e-15 1 4.6675e-15 1.07502e-15 1 4.72126e-15 7.14893e-16 1 4.77394e-15 1.86286e-16 1 4.75774e-15 3.79992e-16 1 4.76355e-15 1.67288e-16 1 7.70989e-18 -1.0441e-20 1 7.70989e-18 -2.20744e-16 1 7.41038e-15 -4.46839e-15 1 6.38475e-15 0 1 3.88993e-16 -4.7766e-15 1 4.63059e-15 -1.08254e-15 1 4.53281e-15 -1.49509e-15 1 4.51926e-15 -1.5074e-15 1 4.36393e-15 -1.90418e-15 1 4.15057e-15 -2.30815e-15 1 3.91466e-15 -2.68057e-15 1 3.65223e-15 -3.02994e-15 1 3.36398e-15 -3.36016e-15 1 3.03661e-15 -3.65848e-15 1 2.68314e-15 -3.91596e-15 1 2.21851e-15 -4.2789e-15 1 1.84066e-15 -4.45802e-15 1 1.46096e-15 -4.59041e-15 1 1.07899e-15 -4.68295e-15 1 7.17147e-16 -4.73615e-15 1 1.86871e-16 -4.789e-15 1 3.81191e-16 -4.77275e-15 1 1.67815e-16 -4.77858e-15 1 0 0 1 0 0 1 -0.999054 0.0434762 -0.000201656 -0.999992 -0.00399376 0 -0.973795 0.227429 -0.000529854 -0.992109 0.125375 0.000226628 -0.884746 0.466072 -0.000720043 -0.935031 0.354566 0.000715758 -0.734871 0.678206 -0.000651079 -0.817276 0.576246 0.000753953 -0.537747 0.843106 -0.000727538 -0.644586 0.764531 0.000673702 -0.353162 0.935562 0.000554405 -0.431461 0.902132 0.000621533 -0.222439 0.974946 -0.000631051 -0.277549 0.960711 0.000520254 -0.149562 0.988752 -0.000412139 -0.199795 0.979838 0.000444936 -0.0806517 0.996742 -0.000422597 -0.135481 0.99078 0.000293452 -0.0388985 0.999243 -0.000102609 -0.069488 0.997583 0.000172904 0.00213806 0.999998 -0.000114206 -0.0359956 0.999352 6.3366e-05 -0.303978 0.952679 -0.000683433 0.00399376 0.999992 0 -0.383438 0.923566 -0.000774455 -0.505701 0.862709 0.000675929 -0.462633 0.886549 -0.000725826 -0.609259 0.792971 -0.000730909 -0.577853 0.816141 0.000703209 -0.707697 0.706516 0.000730619 -0.674248 0.738504 -0.000731606 -0.791023 0.611786 -0.000683266 -0.764513 0.644608 0.000778048 -0.862527 0.506011 0.000736649 -0.840761 0.541406 -0.000668705 -0.921862 0.387518 -0.000597248 -0.903451 0.42869 0.000754714 -0.962232 0.27223 0.000573143 -0.952681 0.30397 -0.000752242 -0.989543 0.144234 -0.000679221 -0.97895 0.204102 0.000509939 -0.996818 0.0797065 0.000165502 -0.996031 0.0890071 -0.000319812 -0.999997 -0.00230759 -0.000103772 -0.999275 0.0380811 0.000104102 -1 0 0 -1 0 0 -0.0434762 -0.999054 -0.000201656 0.00399376 -0.999992 0 -0.227429 -0.973795 -0.000529854 -0.125375 -0.992109 0.000226628 -0.466072 -0.884746 -0.000720043 -0.354566 -0.935031 0.000715758 -0.678206 -0.734871 -0.000651079 -0.576246 -0.817276 0.000753953 -0.843106 -0.537747 -0.000727538 -0.764531 -0.644586 0.000673702 -0.935562 -0.353162 0.000554405 -0.902132 -0.431461 0.000621533 -0.974946 -0.222439 -0.000631051 -0.960711 -0.277549 0.000520254 -0.988752 -0.149562 -0.000412139 -0.979838 -0.199795 0.000444936 -0.996742 -0.0806517 -0.000422597 -0.99078 -0.135481 0.000293452 -0.999243 -0.0388985 -0.000102609 -0.997583 -0.069488 0.000172904 -0.999998 0.00213806 -0.000114206 -0.999352 -0.0359956 6.3366e-05 -0.952679 -0.303978 -0.000683433 -0.999992 0.00399376 0 -0.923566 -0.383438 -0.000774455 -0.862709 -0.505701 0.000675929 -0.886549 -0.462633 -0.000725826 -0.792971 -0.609259 -0.000730909 -0.816141 -0.577853 0.000703209 -0.706516 -0.707697 0.000730619 -0.738504 -0.674248 -0.000731606 -0.611786 -0.791023 -0.000683266 -0.644608 -0.764513 0.000778048 -0.506011 -0.862527 0.000736649 -0.541406 -0.840761 -0.000668705 -0.387518 -0.921862 -0.000597248 -0.42869 -0.903451 0.000754714 -0.27223 -0.962232 0.000573143 -0.30397 -0.952681 -0.000752242 -0.144234 -0.989543 -0.000679221 -0.204102 -0.97895 0.000509939 -0.0797065 -0.996818 0.000165502 -0.0890071 -0.996031 -0.000319812 0.00230759 -0.999997 -0.000103772 -0.0380811 -0.999275 0.000104102 0 -1 0 0 -1 0 0.999054 -0.0434762 -0.000201656 0.999992 0.00399376 0 0.973795 -0.227429 -0.000529854 0.992109 -0.125375 0.000226628 0.884746 -0.466072 -0.000720043 0.935031 -0.354566 0.000715758 0.734871 -0.678206 -0.000651079 0.817276 -0.576246 0.000753953 0.537747 -0.843106 -0.000727538 0.644586 -0.764531 0.000673702 0.353162 -0.935562 0.000554405 0.431461 -0.902132 0.000621533 0.222439 -0.974946 -0.000631051 0.277549 -0.960711 0.000520254 0.149562 -0.988752 -0.000412139 0.199795 -0.979838 0.000444936 0.0806517 -0.996742 -0.000422597 0.135481 -0.99078 0.000293452 0.0388985 -0.999243 -0.000102609 0.069488 -0.997583 0.000172904 -0.00213806 -0.999998 -0.000114206 0.0359956 -0.999352 6.3366e-05 0.303978 -0.952679 -0.000683433 -0.00399376 -0.999992 0 0.383438 -0.923566 -0.000774455 0.505701 -0.862709 0.000675929 0.462633 -0.886549 -0.000725826 0.609259 -0.792971 -0.000730909 0.577853 -0.816141 0.000703209 0.707697 -0.706516 0.000730619 0.674248 -0.738504 -0.000731606 0.791023 -0.611786 -0.000683266 0.764513 -0.644608 0.000778048 0.862527 -0.506011 0.000736649 0.840761 -0.541406 -0.000668705 0.921862 -0.387518 -0.000597248 0.903451 -0.42869 0.000754714 0.962232 -0.27223 0.000573143 0.952681 -0.30397 -0.000752242 0.989543 -0.144234 -0.000679221 0.97895 -0.204102 0.000509939 0.996818 -0.0797065 0.000165502 0.996031 -0.0890071 -0.000319812 0.999997 0.00230759 -0.000103772 0.999275 -0.0380811 0.000104102 1 0 0 1 0 0 0.0434762 0.999054 -0.000201656 -0.00399376 0.999992 0 0.227429 0.973795 -0.000529854 0.125375 0.992109 0.000226628 0.466072 0.884746 -0.000720043 0.354566 0.935031 0.000715758 0.678206 0.734871 -0.000651079 0.576246 0.817276 0.000753953 0.843106 0.537747 -0.000727538 0.764531 0.644586 0.000673702 0.935562 0.353162 0.000554405 0.902132 0.431461 0.000621533 0.974946 0.222439 -0.000631051 0.960711 0.277549 0.000520254 0.988752 0.149562 -0.000412139 0.979838 0.199795 0.000444936 0.996742 0.0806517 -0.000422597 0.99078 0.135481 0.000293452 0.999243 0.0388985 -0.000102609 0.997583 0.069488 0.000172904 0.999998 -0.00213806 -0.000114206 0.999352 0.0359956 6.3366e-05 0.952679 0.303978 -0.000683433 0.999992 -0.00399376 0 0.923566 0.383438 -0.000774455 0.862709 0.505701 0.000675929 0.886549 0.462633 -0.000725826 0.792971 0.609259 -0.000730909 0.816141 0.577853 0.000703209 0.706516 0.707697 0.000730619 0.738504 0.674248 -0.000731606 0.611786 0.791023 -0.000683266 0.644608 0.764513 0.000778048 0.506011 0.862527 0.000736649 0.541406 0.840761 -0.000668705 0.387518 0.921862 -0.000597248 0.42869 0.903451 0.000754714 0.27223 0.962232 0.000573143 0.30397 0.952681 -0.000752242 0.144234 0.989543 -0.000679221 0.204102 0.97895 0.000509939 0.0797065 0.996818 0.000165502 0.0890071 0.996031 -0.000319812 -0.00230759 0.999997 -0.000103772 0.0380811 0.999275 0.000104102 0 1 0 0 1 0 0 -1 0 0 -1 0 -0.706705 -0.707509 0 -0.769474 -0.638678 0 -0.769474 -0.638678 0 -0.824935 -0.565228 0 -0.824935 -0.565228 0 -0.873473 -0.486874 0 -0.873473 -0.486874 0 -0.915775 -0.401692 0 -0.915775 -0.401692 0 -0.94902 -0.315216 0 -0.94902 -0.315216 0 -0.973324 -0.229434 0 -0.973324 -0.229434 0 -0.988729 -0.149713 0 -0.988729 -0.149713 0 -0.996826 -0.0796148 0 -0.996826 -0.0796148 0 -0.999384 -0.0350966 0 -0.999384 -0.0350966 0 -0.999999 0.00135423 0 -0.999999 0.00135423 0 -0.706705 -0.707509 0 -0.638493 -0.769628 0 -0.638493 -0.769628 0 -0.564988 -0.825099 0 -0.564988 -0.825099 0 -0.486009 -0.873954 0 -0.486009 -0.873954 0 -0.399931 -0.916545 0 -0.399931 -0.916545 0 -0.313238 -0.949675 0 -0.313238 -0.949675 0 -0.227642 -0.973745 0 -0.227642 -0.973745 0 -0.144147 -0.989556 0 -0.144147 -0.989556 0 -0.0836606 -0.996494 0 -0.0836606 -0.996494 0 -0.04102 -0.999158 0 -0.04102 -0.999158 0 0.00159394 -0.999999 0 0.00159394 -0.999999 0 -1 0 0 -1 0 0 -0.707509 0.706705 0 -0.638678 0.769474 0 -0.638678 0.769474 0 -0.565228 0.824935 0 -0.565228 0.824935 0 -0.486874 0.873473 0 -0.486874 0.873473 0 -0.401692 0.915775 0 -0.401692 0.915775 0 -0.315216 0.94902 0 -0.315216 0.94902 0 -0.229434 0.973324 0 -0.229434 0.973324 0 -0.149713 0.988729 0 -0.149713 0.988729 0 -0.0796148 0.996826 0 -0.0796148 0.996826 0 -0.0350966 0.999384 0 -0.0350966 0.999384 0 0.00135423 0.999999 0 0.00135423 0.999999 0 -0.707509 0.706705 0 -0.769628 0.638493 0 -0.769628 0.638493 0 -0.825099 0.564988 0 -0.825099 0.564988 0 -0.873954 0.486009 0 -0.873954 0.486009 0 -0.916545 0.399931 0 -0.916545 0.399931 0 -0.949675 0.313238 0 -0.949675 0.313238 0 -0.973745 0.227642 0 -0.973745 0.227642 0 -0.989556 0.144147 0 -0.989556 0.144147 0 -0.996494 0.0836606 0 -0.996494 0.0836606 0 -0.999158 0.04102 0 -0.999158 0.04102 0 -0.999999 -0.00159394 0 -0.999999 -0.00159394 0 0 1 0 0 1 0 0.706705 0.707509 0 0.769474 0.638678 0 0.769474 0.638678 0 0.824935 0.565228 0 0.824935 0.565228 0 0.873473 0.486874 0 0.873473 0.486874 0 0.915775 0.401692 0 0.915775 0.401692 0 0.94902 0.315216 0 0.94902 0.315216 0 0.973324 0.229434 0 0.973324 0.229434 0 0.988729 0.149713 0 0.988729 0.149713 0 0.996826 0.0796148 0 0.996826 0.0796148 0 0.999384 0.0350966 0 0.999384 0.0350966 0 0.999999 -0.00135423 0 0.999999 -0.00135423 0 0.706705 0.707509 0 0.638493 0.769628 0 0.638493 0.769628 0 0.564988 0.825099 0 0.564988 0.825099 0 0.486009 0.873954 0 0.486009 0.873954 0 0.399931 0.916545 0 0.399931 0.916545 0 0.313238 0.949675 0 0.313238 0.949675 0 0.227642 0.973745 0 0.227642 0.973745 0 0.144147 0.989556 0 0.144147 0.989556 0 0.0836606 0.996494 0 0.0836606 0.996494 0 0.04102 0.999158 0 0.04102 0.999158 0 -0.00159394 0.999999 0 -0.00159394 0.999999 0 1 0 0 1 0 0 0.707509 -0.706705 0 0.638678 -0.769474 0 0.638678 -0.769474 0 0.565228 -0.824935 0 0.565228 -0.824935 0 0.486874 -0.873473 0 0.486874 -0.873473 0 0.401692 -0.915775 0 0.401692 -0.915775 0 0.315216 -0.94902 0 0.315216 -0.94902 0 0.229434 -0.973324 0 0.229434 -0.973324 0 0.149713 -0.988729 0 0.149713 -0.988729 0 0.0796148 -0.996826 0 0.0796148 -0.996826 0 0.0350966 -0.999384 0 0.0350966 -0.999384 0 -0.00135423 -0.999999 0 -0.00135423 -0.999999 0 0.707509 -0.706705 0 0.769628 -0.638493 0 0.769628 -0.638493 0 0.825099 -0.564988 0 0.825099 -0.564988 0 0.873954 -0.486009 0 0.873954 -0.486009 0 0.916545 -0.399931 0 0.916545 -0.399931 0 0.949675 -0.313238 0 0.949675 -0.313238 0 0.973745 -0.227642 0 0.973745 -0.227642 0 0.989556 -0.144147 0 0.989556 -0.144147 0 0.996494 -0.0836606 0 0.996494 -0.0836606 0 0.999158 -0.04102 0 0.999158 -0.04102 0 0.999999 0.00159394 0 0.999999 0.00159394 0 -0.0575493 0.24425 -0.968003 -0.00375217 0.233429 -0.972367 -0.0232152 0.234105 -0.971934 -0.10667 0.257122 -0.960474 -0.00438505 0.258126 -0.966101 -0.152202 0.663749 0.732306 -0.00769212 0.0876266 -0.996124 0.000157939 0.0784577 -0.996917 -0.00275337 0.0646072 -0.997907 -0.00620196 0.368778 -0.929497 -0.00857866 0.512984 -0.858355 -0.191818 0.47158 0.860708 -0.148449 0.630024 -0.762255 -0.101971 0.167787 0.980535 -0.902076 0.371707 -0.219301 -0.446193 0.734185 -0.511746 -0.332983 0.391736 -0.857709 -0.193711 0.476229 -0.857719 -0.438118 0.269001 -0.857724 -0.267012 0.439352 -0.857715 -0.175743 0.107906 0.978504 -0.12453 0.106869 0.986444 -0.477231 0.196644 -0.856494 -0.214455 0.0514598 -0.975377 -0.556428 0.654607 -0.51174 -0.219172 0.0220883 -0.975436 -0.233429 0.00400449 -0.972366 -0.367462 0.0370381 -0.929301 -0.277458 0.00479176 -0.960726 -0.0726948 0.00287296 -0.99735 -0.0784577 -0.000171102 -0.996917 -0.494848 0.582161 -0.645147 -0.792506 0.48659 -0.367647 -0.651971 0.559507 -0.511748 -0.780353 0.0786789 -0.62037 -0.904216 0.216991 -0.367842 -0.997499 0.0434085 0.0557782 -0.904225 0.216993 -0.367821 -0.99692 -0.00230049 -0.0783971 -0.332954 0.391701 -0.857736 -0.740385 0.63538 -0.21937 -0.243954 0.59975 -0.762094 -0.350391 0.861413 -0.367688 -0.117861 0.500212 -0.857844 -0.0638481 0.643646 -0.762655 -0.0506766 0.510897 -0.858147 -0.213272 0.905132 -0.367765 -0.105782 0.124446 0.986572 -0.0107391 0.649402 -0.76037 -0.00858065 0.522453 -0.852625 -0.0506947 0.511121 -0.858013 -0.0107476 0.64637 -0.762949 -0.0126387 0.760353 -0.649387 -0.197024 0.836174 -0.511853 -0.0142173 0.852526 -0.522491 -0.0141314 0.858467 -0.512674 -0.0847844 0.854596 -0.512325 -0.0152602 0.929445 -0.368646 -0.0161761 0.972229 -0.233471 -0.0160089 0.975381 -0.219946 0.00213148 0.99692 -0.0783971 -0.0134612 0.78067 -0.624798 -0.00371321 0.220055 -0.97548 -0.00707885 0.0493161 -0.998758 -0.0591398 0.0926957 -0.993937 -0.00623068 0.382726 -0.923841 -0.0217396 0.219205 -0.975437 -0.11788 0.500297 -0.857792 -0.036449 0.367523 -0.9293 -0.0847921 0.854708 -0.512137 -0.0917907 0.925217 -0.368168 -0.0126187 0.763063 -0.646201 -0.0638633 0.643839 -0.762492 -0.0963174 0.970789 -0.219755 -0.0753697 0.75973 -0.645856 -0.0629863 0.634842 -0.77007 -0.0759758 0.938954 -0.335549 -0.0154105 0.923789 -0.382593 -0.0963187 0.970826 -0.219588 -0.0387877 0.996397 -0.0754257 -0.0217509 0.21934 -0.975406 -0.0144028 0.0458056 -0.998847 -0.0490387 0.0537131 -0.997352 -0.0364323 0.367322 -0.92938 -0.050585 0.214692 -0.975371 -0.193719 0.47625 -0.857705 -0.0847675 0.359768 -0.929183 -0.197026 0.836182 -0.511841 -0.323716 0.795833 -0.51172 -0.0753894 0.759993 -0.645544 -0.148464 0.63009 -0.762197 -0.223759 0.949622 -0.21943 -0.17521 0.743594 -0.645267 -0.145344 0.616834 -0.773557 -0.170507 0.74733 -0.642203 -0.0917863 0.925143 -0.368356 -0.223761 0.949635 -0.219372 -0.147566 0.975553 0.162853 -0.0505883 0.214707 -0.975368 -0.0235891 0.0453899 -0.998691 -0.0534593 0.0493106 -0.997352 -0.0847555 0.359713 -0.929206 -0.0831374 0.20439 -0.975353 -0.266996 0.439326 -0.857733 -0.139307 0.342481 -0.929139 -0.323729 0.79587 -0.511654 -0.295828 0.486768 -0.821914 -0.175213 0.743609 -0.645249 -0.243954 0.59975 -0.762093 -0.446214 0.734223 -0.511673 -0.28789 0.707761 -0.645131 -0.36761 0.90375 -0.219312 -0.223147 0.537481 -0.813215 -0.21326 0.905066 -0.367935 -0.367604 0.903732 -0.219396 -0.287098 0.899776 0.328599 -0.0831465 0.204414 -0.975347 -0.0356797 0.0465097 -0.99828 -0.205974 0.0866332 0.974715 -0.139306 0.342478 -0.929141 -0.114604 0.188573 -0.975349 -0.336256 0.553289 -0.762104 -0.192003 0.315928 -0.929152 -0.631885 0.743378 -0.21934 -0.482969 0.794701 -0.367683 -0.287909 0.707811 -0.645067 -0.336268 0.553308 -0.762085 -0.556427 0.654606 -0.511742 -0.396843 0.652982 -0.645082 -0.506696 0.833739 -0.219404 -0.272479 0.669874 -0.690669 -0.350394 0.861422 -0.367663 -0.506704 0.833755 -0.219327 -0.439612 0.842434 0.311523 -0.114604 0.188573 -0.975349 -0.0919942 0.0592358 -0.993996 -0.275257 0.0640221 -0.959237 -0.192013 0.315945 -0.929145 -0.142917 0.168133 -0.975349 -0.41932 0.493306 -0.762116 -0.239433 0.28168 -0.929154 -0.794339 0.327312 -0.511755 -0.602295 0.708567 -0.367659 -0.396821 0.652945 -0.645132 -0.419342 0.493333 -0.762086 -0.651967 0.559503 -0.511757 -0.49485 0.582164 -0.645142 -0.356235 0.419091 -0.83514 -0.496598 0.778592 -0.383647 -0.482966 0.794696 -0.367699 -0.631881 0.743372 -0.219372 -0.599983 0.780898 0.173837 -0.142903 0.168117 -0.975354 -0.0462087 0.035792 -0.99829 -0.390126 0.334797 -0.857737 -0.239423 0.281668 -0.929161 -0.167432 0.143687 -0.975357 -0.491326 0.421644 -0.762112 -0.280523 0.240738 -0.929167 -0.579793 0.497564 -0.64519 -0.390146 0.334814 -0.857721 -0.705716 0.605629 -0.367667 -0.491309 0.421629 -0.762132 -0.732167 0.449542 -0.511706 -0.579803 0.497574 -0.645174 -0.412716 0.354183 -0.839178 -0.732931 0.676416 -0.0726164 -0.602289 0.708558 -0.367687 -0.740388 0.635383 -0.21935 -0.672469 0.736555 -0.0726072 -0.167438 0.143692 -0.975355 -0.0459714 0.0243079 -0.998647 -0.551825 0.338817 -0.762031 -0.280535 0.240749 -0.929161 -0.188047 0.11546 -0.97535 -0.651176 0.399816 -0.645072 -0.315057 0.193443 -0.92915 -0.73215 0.449531 -0.511739 -0.438127 0.269007 -0.857718 -0.948719 0.227672 -0.219311 -0.551776 0.338785 -0.762081 -0.831439 0.510494 -0.219328 -0.651115 0.399777 -0.645157 -0.485029 0.297802 -0.822229 -0.776627 0.500107 -0.383071 -0.705711 0.605624 -0.367685 -0.831446 0.510498 -0.219294 -0.778435 0.602051 0.17769 -0.188065 0.115471 -0.975345 -0.0490294 0.0158251 -0.998672 -0.475306 0.195852 -0.857745 -0.315091 0.193464 -0.929134 -0.204032 0.084072 -0.975348 -0.598631 0.246669 -0.762099 -0.341844 0.140858 -0.929141 -0.706454 0.291099 -0.645124 -0.475326 0.19586 -0.857732 -0.79438 0.32733 -0.511679 -0.598686 0.246693 -0.762048 -0.859791 0.354282 -0.367754 -0.706479 0.29111 -0.645091 -0.584992 0.24105 -0.774389 -0.705923 0.296745 -0.64313 -0.792505 0.486589 -0.36765 -0.902083 0.37171 -0.219268 -0.837102 0.440974 0.323733 -0.204008 0.0840619 -0.975353 -0.0566499 0.0087641 -0.998356 -0.359445 0.0862542 -0.929172 -0.341838 0.140856 -0.929143 -0.359357 0.0862318 -0.929207 -0.499811 0.119939 -0.85779 -0.499724 0.119916 -0.857844 -0.629502 0.151062 -0.762173 -0.629429 0.151043 -0.762237 -0.742924 0.178282 -0.645197 -0.742862 0.178265 -0.645273 -0.835404 0.200477 -0.51177 -0.835315 0.200453 -0.511926 -0.965706 0.0862972 -0.244875 -0.625313 0.146041 -0.766587 -0.859825 0.354298 -0.36766 -0.948699 0.227666 -0.219404 -0.871569 0.27809 0.403774 -0.476077 0.114238 0.871952 -0.101513 0.00834646 -0.994799 -0.511043 0.0515142 -0.85801 -0.214515 0.0514752 -0.975363 -0.367309 0.0370202 -0.929362 -0.643758 0.0648965 -0.762472 -0.510822 0.051488 -0.858143 -0.759863 0.0766068 -0.645554 -0.643547 0.0648709 -0.762652 -0.854532 0.0861531 -0.512204 -0.759613 0.0765757 -0.645851 -0.925104 0.0932708 -0.36808 -0.854461 0.0861439 -0.512323 -0.970679 0.0978685 -0.219556 -0.925039 0.0932616 -0.368247 -0.752072 0.180481 -0.633889 -0.970636 0.0978614 -0.219749 -0.914757 0.133333 0.381369 -0.42379 0.0427099 0.904753 -0.219276 0.0221003 -0.975413 -0.382725 0.00654568 -0.923839 -0.220059 0.00356451 -0.97548 -0.522452 0.00887502 -0.852623 -0.368821 0.0060708 -0.929481 -0.6494 0.0109567 -0.760368 -0.512981 0.00853968 -0.858357 -0.760352 0.0127569 -0.649386 -0.646362 0.0108444 -0.762954 -0.852526 0.0142475 -0.522491 -0.763052 0.012863 -0.64621 -0.923789 0.0154094 -0.382593 -0.858455 0.0145055 -0.512684 -0.972229 0.0162135 -0.233471 -0.929475 0.0157059 -0.36855 -0.772533 0.0135209 -0.634831 -0.975372 0.0164482 -0.219951 -0.649439 0 -0.760414 -0.522472 2.34781e-06 -0.852656 -0.646299 -2.48745e-06 -0.763084 -0.382733 3.90904e-06 -0.923859 -0.512885 -4.06188e-06 -0.858457 -0.23343 4.31066e-06 -0.972374 -0.368705 -4.40015e-06 -0.929547 -0.0784577 3.25188e-06 -0.996917 -0.220006 -3.16456e-06 -0.975499 -0.0726556 0 -0.997357 -0.763084 0 -0.646299 -0.858416 2.69868e-06 -0.512954 -0.760414 -2.61743e-06 -0.649439 -0.929567 4.73787e-06 -0.368653 -0.852613 -4.67769e-06 -0.522544 -0.975488 5.16757e-06 -0.220052 -0.923898 -5.29217e-06 -0.382638 -0.997362 3.51486e-06 -0.0725903 -0.972356 -3.78376e-06 -0.233502 -0.996922 0 -0.0783973 -0.24425 -0.0575493 -0.968003 -0.220004 -0.0036357 -0.975492 -0.234105 -0.0232152 -0.971934 -0.257122 -0.10667 -0.960474 -0.27256 -0.00450324 -0.962128 -0.663749 -0.152202 0.732306 -0.0876266 -0.00769212 -0.996124 -0.0726556 0.000146259 -0.997357 -0.0646072 -0.00275337 -0.997907 -0.368782 -0.00609434 -0.929496 -0.512988 -0.00847931 -0.858354 -0.47158 -0.191818 0.860708 -0.630024 -0.148449 -0.762255 -0.167787 -0.101971 0.980535 -0.371707 -0.902076 -0.219301 -0.734185 -0.446193 -0.511746 -0.391736 -0.332983 -0.857709 -0.476229 -0.193711 -0.857719 -0.269001 -0.438118 -0.857724 -0.439352 -0.267012 -0.857715 -0.107906 -0.175743 0.978504 -0.106869 -0.12453 0.986444 -0.196644 -0.477231 -0.856494 -0.0514598 -0.214455 -0.975377 -0.654607 -0.556428 -0.51174 -0.0220883 -0.219172 -0.975436 -0.00400449 -0.233429 -0.972366 -0.0370381 -0.367462 -0.929301 -0.00479176 -0.277458 -0.960726 -0.00287296 -0.0726948 -0.99735 0.000171102 -0.0784577 -0.996917 -0.582161 -0.494848 -0.645147 -0.48659 -0.792506 -0.367647 -0.559507 -0.651971 -0.511748 -0.0786789 -0.780353 -0.62037 -0.216991 -0.904216 -0.367842 -0.0434085 -0.997499 0.0557782 -0.216993 -0.904225 -0.367821 0.00230049 -0.99692 -0.0783971 -0.391701 -0.332954 -0.857736 -0.63538 -0.740385 -0.21937 -0.59975 -0.243954 -0.762094 -0.861413 -0.350391 -0.367688 -0.500212 -0.117861 -0.857844 -0.643646 -0.0638481 -0.762655 -0.510897 -0.0506766 -0.858147 -0.905132 -0.213272 -0.367765 -0.124446 -0.105782 0.986572 -0.646263 -0.0106872 -0.76304 -0.512866 -0.00847947 -0.858427 -0.511121 -0.0506947 -0.858013 -0.646372 -0.0106868 -0.762948 -0.763023 -0.012619 -0.646248 -0.836174 -0.197024 -0.511853 -0.85833 -0.0141992 -0.512902 -0.858465 -0.0141974 -0.512675 -0.854596 -0.0847844 -0.512325 -0.929442 -0.0153756 -0.368647 -0.975361 -0.0161358 -0.220023 -0.975378 -0.0161349 -0.219947 -0.99736 0.00213242 -0.0725901 -0.771795 -0.0127681 -0.635743 -0.220058 -0.0036358 -0.97548 -0.0493161 -0.00707885 -0.998758 -0.0926957 -0.0591398 -0.993937 -0.368698 -0.0060943 -0.929529 -0.219205 -0.0217396 -0.975437 -0.500297 -0.11788 -0.857792 -0.367523 -0.036449 -0.9293 -0.854708 -0.0847921 -0.512137 -0.925217 -0.0917907 -0.368168 -0.763063 -0.0126187 -0.646201 -0.643839 -0.0638633 -0.762492 -0.970789 -0.0963174 -0.219755 -0.75973 -0.0753697 -0.645856 -0.634842 -0.0629863 -0.77007 -0.938954 -0.0759758 -0.335549 -0.929457 -0.0153753 -0.368609 -0.970826 -0.0963187 -0.219588 -0.996397 -0.0387877 -0.0754257 -0.21934 -0.0217509 -0.975406 -0.0458056 -0.0144028 -0.998847 -0.0537131 -0.0490387 -0.997352 -0.367322 -0.0364323 -0.92938 -0.214692 -0.050585 -0.975371 -0.47625 -0.193719 -0.857705 -0.359768 -0.0847675 -0.929183 -0.836182 -0.197026 -0.511841 -0.795833 -0.323716 -0.51172 -0.759993 -0.0753894 -0.645544 -0.63009 -0.148464 -0.762197 -0.949622 -0.223759 -0.21943 -0.743594 -0.17521 -0.645267 -0.616834 -0.145344 -0.773557 -0.74733 -0.170507 -0.642203 -0.925143 -0.0917863 -0.368356 -0.949635 -0.223761 -0.219372 -0.975553 -0.147566 0.162853 -0.214707 -0.0505883 -0.975368 -0.0453899 -0.0235891 -0.998691 -0.0493106 -0.0534593 -0.997352 -0.359713 -0.0847555 -0.929206 -0.20439 -0.0831374 -0.975353 -0.439326 -0.266996 -0.857733 -0.342481 -0.139307 -0.929139 -0.79587 -0.323729 -0.511654 -0.486768 -0.295828 -0.821914 -0.743609 -0.175213 -0.645249 -0.59975 -0.243954 -0.762093 -0.734223 -0.446214 -0.511673 -0.707761 -0.28789 -0.645131 -0.90375 -0.36761 -0.219312 -0.537481 -0.223147 -0.813215 -0.905066 -0.21326 -0.367935 -0.903732 -0.367604 -0.219396 -0.899776 -0.287098 0.328599 -0.204414 -0.0831465 -0.975347 -0.0465097 -0.0356797 -0.99828 -0.0866332 -0.205974 0.974715 -0.342478 -0.139306 -0.929141 -0.188573 -0.114604 -0.975349 -0.553289 -0.336256 -0.762104 -0.315928 -0.192003 -0.929152 -0.743378 -0.631885 -0.21934 -0.794701 -0.482969 -0.367683 -0.707811 -0.287909 -0.645067 -0.553308 -0.336268 -0.762085 -0.654606 -0.556427 -0.511742 -0.652982 -0.396843 -0.645082 -0.833739 -0.506696 -0.219404 -0.669874 -0.272479 -0.690669 -0.861422 -0.350394 -0.367663 -0.833755 -0.506704 -0.219327 -0.842434 -0.439612 0.311523 -0.188573 -0.114604 -0.975349 -0.0592358 -0.0919942 -0.993996 -0.0640221 -0.275257 -0.959237 -0.315945 -0.192013 -0.929145 -0.168133 -0.142917 -0.975349 -0.493306 -0.41932 -0.762116 -0.28168 -0.239433 -0.929154 -0.327312 -0.794339 -0.511755 -0.708567 -0.602295 -0.367659 -0.652945 -0.396821 -0.645132 -0.493333 -0.419342 -0.762086 -0.559503 -0.651967 -0.511757 -0.582164 -0.49485 -0.645142 -0.419091 -0.356235 -0.83514 -0.778592 -0.496598 -0.383647 -0.794696 -0.482966 -0.367699 -0.743372 -0.631881 -0.219372 -0.780898 -0.599983 0.173837 -0.168117 -0.142903 -0.975354 -0.035792 -0.0462087 -0.99829 -0.334797 -0.390126 -0.857737 -0.281668 -0.239423 -0.929161 -0.143687 -0.167432 -0.975357 -0.421644 -0.491326 -0.762112 -0.240738 -0.280523 -0.929167 -0.497564 -0.579793 -0.64519 -0.334814 -0.390146 -0.857721 -0.605629 -0.705716 -0.367667 -0.421629 -0.491309 -0.762132 -0.449542 -0.732167 -0.511706 -0.497574 -0.579803 -0.645174 -0.354183 -0.412716 -0.839178 -0.676416 -0.732931 -0.0726164 -0.708558 -0.602289 -0.367687 -0.635383 -0.740388 -0.21935 -0.736555 -0.672469 -0.0726072 -0.143692 -0.167438 -0.975355 -0.0243079 -0.0459714 -0.998647 -0.338817 -0.551825 -0.762031 -0.240749 -0.280535 -0.929161 -0.11546 -0.188047 -0.97535 -0.399816 -0.651176 -0.645072 -0.193443 -0.315057 -0.92915 -0.449531 -0.73215 -0.511739 -0.269007 -0.438127 -0.857718 -0.227672 -0.948719 -0.219311 -0.338785 -0.551776 -0.762081 -0.510494 -0.831439 -0.219328 -0.399777 -0.651115 -0.645157 -0.297802 -0.485029 -0.822229 -0.500107 -0.776627 -0.383071 -0.605624 -0.705711 -0.367685 -0.510498 -0.831446 -0.219294 -0.602051 -0.778435 0.17769 -0.115471 -0.188065 -0.975345 -0.0158251 -0.0490294 -0.998672 -0.195852 -0.475306 -0.857745 -0.193464 -0.315091 -0.929134 -0.084072 -0.204032 -0.975348 -0.246669 -0.598631 -0.762099 -0.140858 -0.341844 -0.929141 -0.291099 -0.706454 -0.645124 -0.19586 -0.475326 -0.857732 -0.32733 -0.79438 -0.511679 -0.246693 -0.598686 -0.762048 -0.354282 -0.859791 -0.367754 -0.29111 -0.706479 -0.645091 -0.24105 -0.584992 -0.774389 -0.296745 -0.705923 -0.64313 -0.486589 -0.792505 -0.36765 -0.37171 -0.902083 -0.219268 -0.440974 -0.837102 0.323733 -0.0840619 -0.204008 -0.975353 -0.0087641 -0.0566499 -0.998356 -0.0862542 -0.359445 -0.929172 -0.140856 -0.341838 -0.929143 -0.0862318 -0.359357 -0.929207 -0.119939 -0.499811 -0.85779 -0.119916 -0.499724 -0.857844 -0.151062 -0.629502 -0.762173 -0.151043 -0.629429 -0.762237 -0.178282 -0.742924 -0.645197 -0.178265 -0.742862 -0.645273 -0.200477 -0.835404 -0.51177 -0.200453 -0.835315 -0.511926 -0.0862972 -0.965706 -0.244875 -0.146041 -0.625313 -0.766587 -0.354298 -0.859825 -0.36766 -0.227666 -0.948699 -0.219404 -0.27809 -0.871569 0.403774 -0.114238 -0.476077 0.871952 -0.00834646 -0.101513 -0.994799 -0.0515142 -0.511043 -0.85801 -0.0514752 -0.214515 -0.975363 -0.0370202 -0.367309 -0.929362 -0.0648965 -0.643758 -0.762472 -0.051488 -0.510822 -0.858143 -0.0766068 -0.759863 -0.645554 -0.0648709 -0.643547 -0.762652 -0.0861531 -0.854532 -0.512204 -0.0765757 -0.759613 -0.645851 -0.0932708 -0.925104 -0.36808 -0.0861439 -0.854461 -0.512323 -0.0978685 -0.970679 -0.219556 -0.0932616 -0.925039 -0.368247 -0.180481 -0.752072 -0.633889 -0.0978614 -0.970636 -0.219749 -0.133333 -0.914757 0.381369 -0.0427099 -0.42379 0.904753 -0.0221003 -0.219276 -0.975413 -0.00654568 -0.382725 -0.923839 -0.00356451 -0.220059 -0.97548 -0.00887502 -0.522452 -0.852623 -0.0060708 -0.368821 -0.929481 -0.0109567 -0.6494 -0.760368 -0.00853968 -0.512981 -0.858357 -0.0127569 -0.760352 -0.649386 -0.0108444 -0.646362 -0.762954 -0.0142475 -0.852526 -0.522491 -0.012863 -0.763052 -0.64621 -0.0154094 -0.923789 -0.382593 -0.0145055 -0.858455 -0.512684 -0.0162135 -0.972229 -0.233471 -0.0157059 -0.929475 -0.36855 -0.0135209 -0.772533 -0.634831 -0.0164482 -0.975372 -0.219951 0 -0.763084 -0.646299 -2.69868e-06 -0.858416 -0.512954 2.61741e-06 -0.760414 -0.649439 -4.73787e-06 -0.929567 -0.368653 4.67769e-06 -0.852613 -0.522544 -5.16757e-06 -0.975488 -0.220052 5.29217e-06 -0.923898 -0.382638 -3.51486e-06 -0.997362 -0.0725903 3.78376e-06 -0.972356 -0.233502 0 -0.996922 -0.0783973 0 -0.649439 -0.760414 -2.34781e-06 -0.522472 -0.852656 2.48745e-06 -0.646299 -0.763084 -3.90904e-06 -0.382733 -0.923859 4.06189e-06 -0.512885 -0.858457 -4.31066e-06 -0.23343 -0.972374 4.40014e-06 -0.368705 -0.929547 -3.25188e-06 -0.0784577 -0.996917 3.16456e-06 -0.220006 -0.975499 0 -0.0726556 -0.997357 0.00609434 -0.368782 -0.929496 0.651971 -0.559507 -0.511748 0.494848 -0.582161 -0.645147 0.556428 -0.654607 -0.51174 0.904216 -0.216991 -0.367842 0.792506 -0.48659 -0.367647 0.780353 -0.0786789 -0.62037 0.904225 -0.216993 -0.367821 0.902076 -0.371707 -0.219301 0.997499 -0.0434085 0.0557781 0.332954 -0.391701 -0.857736 0.99692 0.00230049 -0.0783971 0.243954 -0.59975 -0.762093 0.446193 -0.734185 -0.511746 0.00847931 -0.512988 -0.858354 0.105782 -0.124446 0.986572 0.00847947 -0.512866 -0.858427 0.0036357 -0.220004 -0.975492 0.0106868 -0.646372 -0.762948 0.0106872 -0.646263 -0.76304 0.0506947 -0.51112 -0.858013 0.197024 -0.836175 -0.511853 0.0141992 -0.85833 -0.512902 0.012619 -0.763023 -0.646248 0.0153756 -0.929442 -0.368647 0.0141974 -0.858465 -0.512675 0.0847843 -0.854596 -0.512325 0.0575493 -0.24425 -0.968003 0.0161358 -0.975361 -0.220023 0.0161349 -0.975378 -0.219947 -0.00213242 -0.99736 -0.0725901 0.0127681 -0.771795 -0.635743 0.0060943 -0.368698 -0.929529 0.0036358 -0.220058 -0.97548 0.10667 -0.257121 -0.960474 0.00450324 -0.27256 -0.962128 0.00769212 -0.0876266 -0.996124 0.191818 -0.47158 0.860708 0.00275337 -0.0646072 -0.997907 0.101972 -0.167788 0.980535 -0.000146259 -0.0726556 -0.997357 0.0638481 -0.643646 -0.762655 0.213272 -0.905132 -0.367765 0.350391 -0.861413 -0.367688 0.0506766 -0.510897 -0.858147 0.148449 -0.630024 -0.762255 0.117861 -0.500212 -0.857844 0.193711 -0.476229 -0.857719 0.740385 -0.63538 -0.21937 0.267012 -0.439352 -0.857714 0.332983 -0.391736 -0.857709 0.438118 -0.269001 -0.857724 0.12453 -0.106869 0.986444 0.47723 -0.196643 -0.856495 0.175743 -0.107906 0.978504 0.219172 -0.0220883 -0.975436 0.214455 -0.0514599 -0.975377 0.233429 -0.00400449 -0.972366 0.367462 -0.0370381 -0.929301 0.277458 -0.00479177 -0.960726 0.0726948 -0.00287296 -0.99735 0.0784577 0.000171102 -0.996917 0.00707885 -0.0493161 -0.998758 0.152201 -0.663747 0.732308 0.0232152 -0.234105 -0.971934 0.0591398 -0.0926957 -0.993937 0.0217396 -0.219205 -0.975437 0.11788 -0.500297 -0.857792 0.036449 -0.367523 -0.9293 0.0847921 -0.854708 -0.512137 0.0917907 -0.925217 -0.368168 0.0126187 -0.763063 -0.646201 0.0638633 -0.643839 -0.762492 0.0963174 -0.970789 -0.219755 0.0753697 -0.75973 -0.645856 0.0629863 -0.634842 -0.77007 0.0759758 -0.938954 -0.335549 0.0153753 -0.929457 -0.368609 0.0963187 -0.970826 -0.219588 0.0387877 -0.996397 -0.0754257 0.0217509 -0.21934 -0.975406 0.0144028 -0.0458056 -0.998847 0.0490387 -0.0537131 -0.997352 0.0364323 -0.367322 -0.92938 0.050585 -0.214692 -0.975371 0.193719 -0.47625 -0.857705 0.0847675 -0.359768 -0.929183 0.197026 -0.836182 -0.511841 0.323716 -0.795833 -0.51172 0.0753894 -0.759993 -0.645544 0.148464 -0.63009 -0.762197 0.223759 -0.949622 -0.21943 0.17521 -0.743594 -0.645267 0.145344 -0.616834 -0.773557 0.170507 -0.74733 -0.642203 0.0917863 -0.925143 -0.368356 0.223761 -0.949635 -0.219372 0.147566 -0.975553 0.162853 0.0505883 -0.214707 -0.975368 0.0235891 -0.0453899 -0.998691 0.0534593 -0.0493106 -0.997352 0.0847555 -0.359713 -0.929206 0.0831374 -0.20439 -0.975353 0.266996 -0.439326 -0.857733 0.139307 -0.342481 -0.929139 0.323729 -0.79587 -0.511654 0.295828 -0.486768 -0.821914 0.175213 -0.743609 -0.645249 0.243954 -0.59975 -0.762093 0.446214 -0.734223 -0.511673 0.28789 -0.707761 -0.645131 0.36761 -0.90375 -0.219312 0.223147 -0.537481 -0.813215 0.21326 -0.905066 -0.367935 0.367604 -0.903732 -0.219396 0.287098 -0.899776 0.328599 0.0831465 -0.204414 -0.975347 0.0356797 -0.0465097 -0.99828 0.205974 -0.0866332 0.974715 0.139306 -0.342478 -0.929141 0.114604 -0.188573 -0.975349 0.336256 -0.553289 -0.762104 0.192003 -0.315928 -0.929152 0.631885 -0.743378 -0.21934 0.482969 -0.794701 -0.367683 0.287909 -0.707811 -0.645067 0.336268 -0.553308 -0.762085 0.556427 -0.654606 -0.511742 0.396843 -0.652982 -0.645082 0.506696 -0.833739 -0.219404 0.272479 -0.669874 -0.690669 0.350394 -0.861422 -0.367663 0.506704 -0.833755 -0.219327 0.439612 -0.842434 0.311523 0.114604 -0.188573 -0.975349 0.0919942 -0.0592358 -0.993996 0.275257 -0.0640221 -0.959237 0.192013 -0.315945 -0.929145 0.142917 -0.168133 -0.975349 0.41932 -0.493306 -0.762116 0.239433 -0.28168 -0.929154 0.794339 -0.327312 -0.511755 0.602295 -0.708567 -0.367659 0.396821 -0.652945 -0.645132 0.419342 -0.493333 -0.762086 0.651967 -0.559503 -0.511757 0.49485 -0.582164 -0.645142 0.356235 -0.419091 -0.83514 0.496598 -0.778592 -0.383647 0.482966 -0.794696 -0.367699 0.631881 -0.743372 -0.219372 0.599983 -0.780898 0.173837 0.142903 -0.168117 -0.975354 0.0462087 -0.035792 -0.99829 0.390126 -0.334797 -0.857737 0.239423 -0.281668 -0.929161 0.167432 -0.143687 -0.975357 0.491326 -0.421644 -0.762112 0.280523 -0.240738 -0.929167 0.579793 -0.497564 -0.64519 0.390146 -0.334814 -0.857721 0.705716 -0.605629 -0.367667 0.491309 -0.421629 -0.762132 0.732167 -0.449542 -0.511706 0.579803 -0.497574 -0.645174 0.412716 -0.354183 -0.839178 0.732931 -0.676416 -0.0726164 0.602289 -0.708558 -0.367687 0.740388 -0.635383 -0.21935 0.672469 -0.736555 -0.0726072 0.167438 -0.143692 -0.975355 0.0459714 -0.0243079 -0.998647 0.551825 -0.338817 -0.762031 0.280535 -0.240749 -0.929161 0.188047 -0.11546 -0.97535 0.651176 -0.399816 -0.645072 0.315057 -0.193443 -0.92915 0.73215 -0.449531 -0.511739 0.438127 -0.269007 -0.857718 0.948719 -0.227672 -0.219311 0.551776 -0.338785 -0.762081 0.831439 -0.510494 -0.219328 0.651115 -0.399777 -0.645157 0.485029 -0.297802 -0.822229 0.776627 -0.500107 -0.383071 0.705711 -0.605624 -0.367685 0.831446 -0.510498 -0.219294 0.778435 -0.602051 0.17769 0.188065 -0.115471 -0.975345 0.0490294 -0.0158251 -0.998672 0.475306 -0.195852 -0.857745 0.315091 -0.193464 -0.929134 0.204032 -0.084072 -0.975348 0.598631 -0.246669 -0.762099 0.341844 -0.140858 -0.929141 0.706454 -0.291099 -0.645124 0.475326 -0.19586 -0.857732 0.79438 -0.32733 -0.511679 0.598686 -0.246693 -0.762048 0.859791 -0.354282 -0.367754 0.706479 -0.29111 -0.645091 0.584992 -0.24105 -0.774389 0.705923 -0.296745 -0.64313 0.792505 -0.486589 -0.36765 0.902083 -0.37171 -0.219268 0.837102 -0.440974 0.323733 0.204008 -0.0840619 -0.975353 0.0566499 -0.0087641 -0.998356 0.359445 -0.0862542 -0.929172 0.341838 -0.140856 -0.929143 0.359357 -0.0862318 -0.929207 0.499811 -0.119939 -0.85779 0.499724 -0.119916 -0.857844 0.629502 -0.151062 -0.762173 0.629429 -0.151043 -0.762237 0.742924 -0.178282 -0.645197 0.742862 -0.178265 -0.645273 0.835404 -0.200477 -0.51177 0.835315 -0.200453 -0.511926 0.965706 -0.0862972 -0.244875 0.625313 -0.146041 -0.766587 0.859825 -0.354298 -0.36766 0.948699 -0.227666 -0.219404 0.871569 -0.27809 0.403774 0.476077 -0.114238 0.871952 0.101513 -0.00834646 -0.994799 0.511043 -0.0515142 -0.85801 0.214515 -0.0514752 -0.975363 0.367309 -0.0370202 -0.929362 0.643758 -0.0648965 -0.762472 0.510822 -0.051488 -0.858143 0.759863 -0.0766068 -0.645554 0.643547 -0.0648709 -0.762652 0.854532 -0.0861531 -0.512204 0.759613 -0.0765757 -0.645851 0.925104 -0.0932708 -0.36808 0.854461 -0.0861439 -0.512323 0.970679 -0.0978685 -0.219556 0.925039 -0.0932616 -0.368247 0.752072 -0.180481 -0.633889 0.970636 -0.0978614 -0.219749 0.914757 -0.133333 0.381369 0.42379 -0.0427099 0.904753 0.219276 -0.0221003 -0.975413 0.382725 -0.00654568 -0.923839 0.220059 -0.00356451 -0.97548 0.522452 -0.00887502 -0.852623 0.368821 -0.0060708 -0.929481 0.6494 -0.0109567 -0.760368 0.512981 -0.00853968 -0.858357 0.760352 -0.0127569 -0.649386 0.646362 -0.0108444 -0.762954 0.852526 -0.0142475 -0.522491 0.763052 -0.012863 -0.64621 0.923789 -0.0154094 -0.382593 0.858455 -0.0145055 -0.512684 0.972229 -0.0162135 -0.233471 0.929475 -0.0157059 -0.36855 0.772533 -0.0135209 -0.634831 0.975372 -0.0164482 -0.219951 0.763084 0 -0.646299 0.858416 -2.69868e-06 -0.512954 0.760414 2.61741e-06 -0.649439 0.929567 -4.73787e-06 -0.368653 0.852613 4.67769e-06 -0.522544 0.975488 -5.16757e-06 -0.220052 0.923898 5.29217e-06 -0.382638 0.997362 -3.51486e-06 -0.0725903 0.972356 3.78376e-06 -0.233502 0.996922 0 -0.0783973 0.649439 0 -0.760414 0.522472 -2.34781e-06 -0.852656 0.646299 2.48745e-06 -0.763084 0.382733 -3.90904e-06 -0.923859 0.512885 4.06189e-06 -0.858457 0.23343 -4.31066e-06 -0.972374 0.368705 4.40014e-06 -0.929547 0.0784577 -3.25188e-06 -0.996917 0.220006 3.16456e-06 -0.975499 0.0726556 0 -0.997357 0.24425 0.0575493 -0.968003 0.220004 0.0036357 -0.975492 0.234105 0.0232152 -0.971934 0.257122 0.10667 -0.960474 0.27256 0.00450324 -0.962128 0.663749 0.152202 0.732306 0.0876266 0.00769212 -0.996124 0.0726556 -0.000146259 -0.997357 0.0646072 0.00275337 -0.997907 0.368782 0.00609434 -0.929496 0.512988 0.00847931 -0.858354 0.47158 0.191818 0.860708 0.630024 0.148449 -0.762255 0.167787 0.101971 0.980535 0.371707 0.902076 -0.219301 0.734185 0.446193 -0.511746 0.391736 0.332983 -0.857709 0.476229 0.193711 -0.857719 0.269001 0.438118 -0.857724 0.439352 0.267012 -0.857715 0.107906 0.175743 0.978504 0.106869 0.12453 0.986444 0.196644 0.477231 -0.856494 0.0514598 0.214455 -0.975377 0.654607 0.556428 -0.51174 0.0220883 0.219172 -0.975436 0.00400449 0.233429 -0.972366 0.0370381 0.367462 -0.929301 0.00479176 0.277458 -0.960726 0.00287296 0.0726948 -0.99735 -0.000171102 0.0784577 -0.996917 0.582161 0.494848 -0.645147 0.48659 0.792506 -0.367647 0.559507 0.651971 -0.511748 0.0786789 0.780353 -0.62037 0.216991 0.904216 -0.367842 0.0434085 0.997499 0.0557782 0.216993 0.904225 -0.367821 -0.00230049 0.99692 -0.0783971 0.391701 0.332954 -0.857736 0.63538 0.740385 -0.21937 0.59975 0.243954 -0.762094 0.861413 0.350391 -0.367688 0.500212 0.117861 -0.857844 0.643646 0.0638481 -0.762655 0.510897 0.0506766 -0.858147 0.905132 0.213272 -0.367765 0.124446 0.105782 0.986572 0.646263 0.0106872 -0.76304 0.512866 0.00847947 -0.858427 0.511121 0.0506947 -0.858013 0.646372 0.0106868 -0.762948 0.763023 0.012619 -0.646248 0.836174 0.197024 -0.511853 0.85833 0.0141992 -0.512902 0.858465 0.0141974 -0.512675 0.854596 0.0847844 -0.512325 0.929442 0.0153756 -0.368647 0.975361 0.0161358 -0.220023 0.975378 0.0161349 -0.219947 0.99736 -0.00213242 -0.0725901 0.771795 0.0127681 -0.635743 0.220058 0.0036358 -0.97548 0.0493161 0.00707885 -0.998758 0.0926957 0.0591398 -0.993937 0.368698 0.0060943 -0.929529 0.219205 0.0217396 -0.975437 0.500297 0.11788 -0.857792 0.367523 0.036449 -0.9293 0.854708 0.0847921 -0.512137 0.925217 0.0917907 -0.368168 0.763063 0.0126187 -0.646201 0.643839 0.0638633 -0.762492 0.970789 0.0963174 -0.219755 0.75973 0.0753697 -0.645856 0.634842 0.0629863 -0.77007 0.938954 0.0759758 -0.335549 0.929457 0.0153753 -0.368609 0.970826 0.0963187 -0.219588 0.996397 0.0387877 -0.0754257 0.21934 0.0217509 -0.975406 0.0458056 0.0144028 -0.998847 0.0537131 0.0490387 -0.997352 0.367322 0.0364323 -0.92938 0.214692 0.050585 -0.975371 0.47625 0.193719 -0.857705 0.359768 0.0847675 -0.929183 0.836182 0.197026 -0.511841 0.795833 0.323716 -0.51172 0.759993 0.0753894 -0.645544 0.63009 0.148464 -0.762197 0.949622 0.223759 -0.21943 0.743594 0.17521 -0.645267 0.616834 0.145344 -0.773557 0.74733 0.170507 -0.642203 0.925143 0.0917863 -0.368356 0.949635 0.223761 -0.219372 0.975553 0.147566 0.162853 0.214707 0.0505883 -0.975368 0.0453899 0.0235891 -0.998691 0.0493106 0.0534593 -0.997352 0.359713 0.0847555 -0.929206 0.20439 0.0831374 -0.975353 0.439326 0.266996 -0.857733 0.342481 0.139307 -0.929139 0.79587 0.323729 -0.511654 0.486768 0.295828 -0.821914 0.743609 0.175213 -0.645249 0.59975 0.243954 -0.762093 0.734223 0.446214 -0.511673 0.707761 0.28789 -0.645131 0.90375 0.36761 -0.219312 0.537481 0.223147 -0.813215 0.905066 0.21326 -0.367935 0.903732 0.367604 -0.219396 0.899776 0.287098 0.328599 0.204414 0.0831465 -0.975347 0.0465097 0.0356797 -0.99828 0.0866332 0.205974 0.974715 0.342478 0.139306 -0.929141 0.188573 0.114604 -0.975349 0.553289 0.336256 -0.762104 0.315928 0.192003 -0.929152 0.743378 0.631885 -0.21934 0.794701 0.482969 -0.367683 0.707811 0.287909 -0.645067 0.553308 0.336268 -0.762085 0.654606 0.556427 -0.511742 0.652982 0.396843 -0.645082 0.833739 0.506696 -0.219404 0.669874 0.272479 -0.690669 0.861422 0.350394 -0.367663 0.833755 0.506704 -0.219327 0.842434 0.439612 0.311523 0.188573 0.114604 -0.975349 0.0592358 0.0919942 -0.993996 0.0640221 0.275257 -0.959237 0.315945 0.192013 -0.929145 0.168133 0.142917 -0.975349 0.493306 0.41932 -0.762116 0.28168 0.239433 -0.929154 0.327312 0.794339 -0.511755 0.708567 0.602295 -0.367659 0.652945 0.396821 -0.645132 0.493333 0.419342 -0.762086 0.559503 0.651967 -0.511757 0.582164 0.49485 -0.645142 0.419091 0.356235 -0.83514 0.778592 0.496598 -0.383647 0.794696 0.482966 -0.367699 0.743372 0.631881 -0.219372 0.780898 0.599983 0.173837 0.168117 0.142903 -0.975354 0.035792 0.0462087 -0.99829 0.334797 0.390126 -0.857737 0.281668 0.239423 -0.929161 0.143687 0.167432 -0.975357 0.421644 0.491326 -0.762112 0.240738 0.280523 -0.929167 0.497564 0.579793 -0.64519 0.334814 0.390146 -0.857721 0.605629 0.705716 -0.367667 0.421629 0.491309 -0.762132 0.449542 0.732167 -0.511706 0.497574 0.579803 -0.645174 0.354183 0.412716 -0.839178 0.676416 0.732931 -0.0726164 0.708558 0.602289 -0.367687 0.635383 0.740388 -0.21935 0.736555 0.672469 -0.0726072 0.143692 0.167438 -0.975355 0.0243079 0.0459714 -0.998647 0.338817 0.551825 -0.762031 0.240749 0.280535 -0.929161 0.11546 0.188047 -0.97535 0.399816 0.651176 -0.645072 0.193443 0.315057 -0.92915 0.449531 0.73215 -0.511739 0.269007 0.438127 -0.857718 0.227672 0.948719 -0.219311 0.338785 0.551776 -0.762081 0.510494 0.831439 -0.219328 0.399777 0.651115 -0.645157 0.297802 0.485029 -0.822229 0.500107 0.776627 -0.383071 0.605624 0.705711 -0.367685 0.510498 0.831446 -0.219294 0.602051 0.778435 0.17769 0.115471 0.188065 -0.975345 0.0158251 0.0490294 -0.998672 0.195852 0.475306 -0.857745 0.193464 0.315091 -0.929134 0.084072 0.204032 -0.975348 0.246669 0.598631 -0.762099 0.140858 0.341844 -0.929141 0.291099 0.706454 -0.645124 0.19586 0.475326 -0.857732 0.32733 0.79438 -0.511679 0.246693 0.598686 -0.762048 0.354282 0.859791 -0.367754 0.29111 0.706479 -0.645091 0.24105 0.584992 -0.774389 0.296745 0.705923 -0.64313 0.486589 0.792505 -0.36765 0.37171 0.902083 -0.219268 0.440974 0.837102 0.323733 0.0840619 0.204008 -0.975353 0.0087641 0.0566499 -0.998356 0.0862542 0.359445 -0.929172 0.140856 0.341838 -0.929143 0.0862318 0.359357 -0.929207 0.119939 0.499811 -0.85779 0.119916 0.499724 -0.857844 0.151062 0.629502 -0.762173 0.151043 0.629429 -0.762237 0.178282 0.742924 -0.645197 0.178265 0.742862 -0.645273 0.200477 0.835404 -0.51177 0.200453 0.835315 -0.511926 0.0862972 0.965706 -0.244875 0.146041 0.625313 -0.766587 0.354298 0.859825 -0.36766 0.227666 0.948699 -0.219404 0.27809 0.871569 0.403774 0.114238 0.476077 0.871952 0.00834646 0.101513 -0.994799 0.0515142 0.511043 -0.85801 0.0514752 0.214515 -0.975363 0.0370202 0.367309 -0.929362 0.0648965 0.643758 -0.762472 0.051488 0.510822 -0.858143 0.0766068 0.759863 -0.645554 0.0648709 0.643547 -0.762652 0.0861531 0.854532 -0.512204 0.0765757 0.759613 -0.645851 0.0932708 0.925104 -0.36808 0.0861439 0.854461 -0.512323 0.0978685 0.970679 -0.219556 0.0932616 0.925039 -0.368247 0.180481 0.752072 -0.633889 0.0978614 0.970636 -0.219749 0.133333 0.914757 0.381369 0.0427099 0.42379 0.904753 0.0221003 0.219276 -0.975413 0.00654568 0.382725 -0.923839 0.00356451 0.220059 -0.97548 0.00887502 0.522452 -0.852623 0.0060708 0.368821 -0.929481 0.0109567 0.6494 -0.760368 0.00853968 0.512981 -0.858357 0.0127569 0.760352 -0.649386 0.0108444 0.646362 -0.762954 0.0142475 0.852526 -0.522491 0.012863 0.763052 -0.64621 0.0154094 0.923789 -0.382593 0.0145055 0.858455 -0.512684 0.0162135 0.972229 -0.233471 0.0157059 0.929475 -0.36855 0.0135209 0.772533 -0.634831 0.0164482 0.975372 -0.219951 0 0.649439 -0.760414 0 0.522472 -0.852656 0 0.649439 -0.760414 0 0.382733 -0.923859 0 0.522472 -0.852656 0 0.23343 -0.972374 0 0.382733 -0.923859 0 0.0784577 -0.996917 0 0.23343 -0.972374 0 0.0784577 -0.996917 0 0.760414 -0.649439 0 0.852613 -0.522544 0 0.760414 -0.649439 0 0.923898 -0.382638 0 0.852613 -0.522544 0 0.972356 -0.233502 0 0.923898 -0.382638 0 0.996922 -0.0783973 0 0.972356 -0.233502 0 0.996922 -0.0783973 0 0 -1 0 0 -1 0 0 -1 0 0 -1 0 0 -1 0 0 -1 0 0 -1 0 0 -1 0 0 -1 0 0 -1 0 0 -1 0 0 -1 0 0 -1 0 0 -1 0 0 -1 0 0 -1 0 0 -1 0 0 -1 0 0 -1 0 0 -1 0 0 -1 0 0 -1 0 0 -1 0 0 -1 0 0 -1 0 0 -1 0 0 -1 0 0 -1 0 0 -1 0 0 -1 0 0 -1 0 0 -1 0 0 -1 0 0 -1 0 0 -1 0 0 -1 0 0 -1 0 0 -1 0 0 -1 0 0 -1 0 0 -1 0 0 -1 0 0 -1 0 0 -1 0 0 -1 0 0 -1 0 0 -1 0 0 -1 0 0 -1 0 0 -1 0 0 -1 0 0 -1 0 0 -1 0 0 -1 0 0 -1 0 0 -1 0 0 -1 0 0 -1 0 0 -1 0 0 -1 0 0 -1 0 0 -1 0 0 -1 0 0 -1 0 0 -1 0 0 -1 0 0 -1 0 0 -1 0 0 -1 0 0 -1 0 0 -1 0 0 -1 0 0 -1 0 0 -1 0 0 -1 0 0 -1 0 0 -1 0 0 -1 0 0 -1 0 0 -1 0 0 -1 0 0 -1 0 0 -1 0 0 -1 0 0 -1 0 0 -1 0 0 -1 0 0 -1 0 0 -1 0 0 -1 0 0 -1 0 0 -1 0 0 -1 0 0 -1 0 0 -1 0 0 -1 0 0 -1 0 0 -1 0 0 -1 0 0 -1 0 0 -1 0 0 -1 0 0 -1 0 0 -1 0 0 -1 0 0 -1 0 0 -1 0 0 -1 0 0 -1 0 0 -1 0 0 -1 0 0 -1 0 0 -1 0 0 -1 0 0 -1 0 0 -1 0 0 -1 0 0 -1 0 0 -1 0 0 -1 0 0 -1 0 0 -1 0 0 -1 0 0 -1 0 0 -1 0 0 -1 0 0 -1 0 0 -1 0 0 -1 0 0 -1 0 0 -1 0 0 -1 0 0 -1 0 0 -1 0 0 -1 0 0 -1 0 0 -1 0 0 -1 0 0 -1 0 0 -1 0 0 -1 0 0 -1 0 0 -1 0 0 -1 0 0 -1 0 0 -1 0 0 -1 0 0 -1 0 0 -1 0 0 -1 0 0 -1 0 0 -1 0 0 -1 0 0 -1 0 0 -1 0 0 -1 0 0 -1 0 0 -1 0 0 -1 0 0 -1 0 0 -1 0 0 -1 0 0 -1 0 0 -1 0 0 -1 0 0 -1 0 0 -1 0 0 -1 0 0 -1 0 0 -1 0 0 -1 0 0 -1 0 0 -1 0 0 -1 0 0 -1 0 0 -1 0 0 -1 0 0 -1 0 0 -1 0 0 -1 0 -1 0 0 -1 0 0 -1 0 0 -1 0 0 -1 0 0 -1 0 0 -1 0 0 -1 0 0 -1 0 0 -1 0 0 -1 0 0 -1 0 0 -1 0 0 -1 0 0 -1 0 0 -1 0 0 -1 0 0 -1 0 0 -1 0 0 -1 0 0 -1 0 0 -1 0 0 -1 0 0 -1 0 0 -1 0 0 -1 0 0 -1 0 0 -1 0 0 -1 0 0 -1 0 0 -1 0 0 -1 0 0 -1 0 0 -1 0 0 -1 0 0 -1 0 0 -1 0 0 -1 0 0 -1 0 0 -1 0 0 -1 0 0 -1 0 0 -1 0 0.20816 0 0.978095 0.0698487 -4.36716e-17 0.997558 0.587913 0 0.808924 0.469763 0 0.882793 0.866177 0 0.499738 0.788108 0 0.615537 0.994526 0 0.104489 0.970365 0 0.241644 0.950953 0 -0.309336 0.98477 0 -0.173865 0.743174 0 -0.669098 0.828917 0 -0.559372 0.406411 0 -0.91369 0.529689 0 -0.848192 0 0 -1 0.139054 0 -0.990285 -0.407064 0 -0.9134 -0.275939 0 -0.961175 -0.743188 0 -0.669083 -0.642783 0 -0.766048 -0.951162 0 -0.308692 -0.898945 0 -0.438062 -0.994508 0 0.104665 -0.99939 0 -0.0349312 -0.970226 0 0.242201 -0.994508 0 0.104665 -0.92705 0 0.374939 -0.970226 0 0.242201 -0.865873 0 0.500263 -0.92705 0 0.374939 -0.787961 0 0.615725 -0.865873 0 0.500263 -0.694642 0 0.719356 -0.787961 0 0.615725 -0.587624 0 0.809134 -0.694642 0 0.719356 -0.469186 0 0.883099 -0.587624 0 0.809134 -0.341684 0 0.939815 -0.469186 0 0.883099 -0.207986 0 0.978132 -0.341684 0 0.939815 -0.0698487 0 0.997558 -0.207986 0 0.978132 -0.98484 0 -0.173463 -0.0698487 0 0.997558 -0.99939 0 -0.0349312 -0.951162 0 -0.308692 -0.98484 0 -0.173463 -0.829171 0 -0.558996 -0.898945 0 -0.438062 -0.743188 0 -0.669083 -0.829171 0 -0.558996 -0.530146 0 -0.847906 -0.642783 0 -0.766048 -0.407064 0 -0.9134 -0.530146 0 -0.847906 -0.139352 0 -0.990243 -0.275939 0 -0.961175 0 0 -1 -0.139352 0 -0.990243 0.27533 0 -0.96135 0.139054 0 -0.990285 0.406411 0 -0.91369 0.27533 0 -0.96135 0.642699 0 -0.766118 0.529689 0 -0.848192 0.743174 0 -0.669098 0.642699 0 -0.766118 0.898641 0 -0.438686 0.828917 0 -0.559372 0.950953 0 -0.309336 0.898641 0 -0.438686 0.999389 0 -0.0349409 0.98477 0 -0.173865 0.994526 0 0.104489 0.999389 0 -0.0349409 0.927318 0 0.374274 0.970365 0 0.241644 0.866177 0 0.499738 0.927318 0 0.374274 0.694645 0 0.719352 0.788108 0 0.615537 0.587913 0 0.808924 0.694645 0 0.719352 0.342351 0 0.939572 0.469763 0 0.882793 0.20816 0 0.978095 0.342351 0 0.939572 0.0698487 0 0.997558 0 -1 0 0 -1 0 0 -1 0 0 -1 0 0 -1 0 0 -1 0 0 -1 0 0 -1 0 0 -1 0 0 -1 0 0 -1 0 0 -1 0 0 -1 0 0 -1 0 0 -1 0 0 -1 0 0 -1 0 0 -1 0 0 -1 0 0 -1 0 0 -1 0 0 -1 0 0 -1 0 0 -1 0 0 -1 0 0 -1 0 0 -1 0 0 -1 0 0 -1 0 0 -1 0 0 -1 0 0 -1 0 0 -1 0 0 -1 0 0 -1 0 0 -1 0 0 -1 0 0 -1 0 0 -1 0 0 -1 0 0 -1 0 0 -1 0 0 -1 0 0 -1 0 0 -1 0 0 -1 0 0 -1 0 0 -1 0 0 -1 0 0 -1 0 0 -1 0 0 -1 0 0 -1 0 0 -1 0 0 -1 0 0 -1 0 0 -1 0 0 -1 0 0 -1 0 0 -1 0 0 -1 0 0 -1 0 0 -1 0 0 -1 0 0 -1 0 0 -1 0 0 -1 0 0 -1 0 0 -1 0 0 -1 0 0 -1 0 0 -1 0 0 -1 0 0 -1 0 0 -1 0 0 -1 0 0 -1 0 0 -1 0 0 -1 0 0 -1 0 0 -1 0 0 -1 0 0 -1 0 0 -1 0 0 -1 0 0 -1 0 0 -1 0 0 -1 0 0 -1 0 0 -1 0 0 -1 0 0 -1 0 0 -1 0 0 -1 0 0 -1 0 -0.0629408 0 0.998017 -0.425695 0 0.904867 -0.187427 0 0.982279 -0.72875 0 0.684779 -0.535803 0 0.844343 -0.929637 0 0.368477 -0.80899 0 0.587823 -1 0 0.000184394 -0.968512 0 0.248968 -0.929768 0 -0.368145 -0.992163 0 -0.124952 -0.729115 0 -0.684392 -0.876424 0 -0.48154 -0.426114 0 -0.90467 -0.637389 0 -0.770543 -0.0631206 0 -0.998006 -0.309182 0 -0.951003 0.309034 0 -0.951051 0.0624373 0 -0.998049 0.637371 0 -0.770557 0.425456 0 -0.904979 0.876161 0 -0.482019 0.72892 0 -0.684599 0.992067 0 -0.125713 0.929766 0 -0.36815 0.992114 0 0.125341 1 0 -0.000269919 0.968637 0 0.248482 0.992114 0 0.125341 0.929918 0 0.367768 0.968637 0 0.248482 0.87642 0 0.481547 0.929918 0 0.367768 0.808996 0 0.587814 0.87642 0 0.481547 0.729153 0 0.68435 0.808996 0 0.587814 0.637715 0 0.770272 0.729153 0 0.68435 0.53599 0 0.844224 0.637715 0 0.770272 0.42573 0 0.90485 0.53599 0 0.844224 0.309312 0 0.950961 0.42573 0 0.90485 0.18774 0 0.982219 0.309312 0 0.950961 0.0629408 0 0.998017 0.18774 0 0.982219 0.0629408 0 0.998017 0.992067 0 -0.125713 1 0 -0.000269919 0.968546 0 -0.248835 0.968546 0 -0.248835 0.876161 0 -0.482019 0.929766 0 -0.36815 0.808797 0 -0.588088 0.808797 0 -0.588088 0.637371 0 -0.770557 0.72892 0 -0.684599 0.535547 0 -0.844505 0.535547 0 -0.844505 0.309034 0 -0.951051 0.425456 0 -0.904979 0.187263 0 -0.98231 0.187263 0 -0.98231 -0.0631206 0 -0.998006 0.0624373 0 -0.998049 -0.187319 0 -0.982299 -0.187319 0 -0.982299 -0.426114 0 -0.90467 -0.309182 0 -0.951003 -0.536074 0 -0.844171 -0.536074 0 -0.844171 -0.729115 0 -0.684392 -0.637389 0 -0.770543 -0.809241 0 -0.587476 -0.809241 0 -0.587476 -0.929768 0 -0.368145 -0.876424 0 -0.48154 -0.968646 0 -0.248445 -0.968646 0 -0.248445 -1 0 0.000184394 -0.992163 0 -0.124952 -0.992114 0 0.125342 -0.992114 0 0.125342 -0.929637 0 0.368477 -0.968512 0 0.248968 -0.876252 0 0.481852 -0.876252 0 0.481852 -0.72875 0 0.684779 -0.80899 0 0.587823 -0.637142 0 0.770747 -0.637142 0 0.770747 -0.425695 0 0.904867 -0.535803 0 0.844343 -0.308687 0 0.951164 -0.308687 0 0.951164 -0.0629408 0 0.998017 -0.187427 0 0.982279 0 0.649449 -0.760405 0 0.522498 -0.85264 0 0.649449 -0.760405 0 0.382684 -0.923879 0 0.522498 -0.85264 0 0.233442 -0.972371 0 0.382684 -0.923879 0 0.0784609 -0.996917 0 0.233442 -0.972371 0 0.0784609 -0.996917 0 0.760406 -0.649448 0 0.852641 -0.522497 0 0.760406 -0.649448 0 0.923879 -0.382684 0 0.852641 -0.522497 0 0.97237 -0.233444 0 0.923879 -0.382684 0 0.996917 -0.0784608 0 0.97237 -0.233444 0 0.996917 -0.0784608 0 1 0 0 1 0 0 0.760404 0.64945 0 0.852641 0.522497 0 0.760404 0.64945 0 0.923879 0.382684 0 0.852641 0.522497 0 0.97237 0.233444 0 0.923879 0.382684 0 0.996917 0.0784611 0 0.97237 0.233444 0 0.996917 0.0784611 0 0.649452 0.760403 0 0.522495 0.852642 0 0.649452 0.760403 0 0.382684 0.923879 0 0.522495 0.852642 0 0.233446 0.97237 0 0.382684 0.923879 0 0.0784609 0.996917 0 0.233446 0.97237 0 0.0784609 0.996917 0 0 1 0 0 1 0 -0.649452 0.760403 0 -0.522495 0.852642 0 -0.649452 0.760403 0 -0.382684 0.923879 0 -0.522495 0.852642 0 -0.233446 0.97237 0 -0.382684 0.923879 0 -0.0784609 0.996917 0 -0.233446 0.97237 0 -0.0784609 0.996917 0 -0.760404 0.64945 0 -0.852641 0.522497 0 -0.760404 0.64945 0 -0.923879 0.382684 0 -0.852641 0.522497 0 -0.97237 0.233444 0 -0.923879 0.382684 0 -0.996917 0.0784611 0 -0.97237 0.233444 0 -0.996917 0.0784611 0 -1 0 0 -1 0 0 -0.972371 -0.233443 0 -0.996917 -0.0784609 0 -0.972371 -0.233443 0 -0.996917 -0.0784609 0 -0.923879 -0.382685 0 -0.923879 -0.382685 0 -0.852639 -0.5225 0 -0.852639 -0.5225 0 -0.760406 -0.649448 0 -0.760406 -0.649448 0 -0.707107 -0.707107 0 -0.707107 -0.707107 0 -0.522499 -0.85264 0 -0.64945 -0.760405 0 -0.522499 -0.85264 0 -0.64945 -0.760405 0 -0.382682 -0.92388 0 -0.382682 -0.92388 0 -0.233444 -0.97237 0 -0.233444 -0.97237 0 -0.0784606 -0.996917 0 -0.0784606 -0.996917 0 0 -1 0 0 -1 0 -0.0848043 0.996398 0 -0.559976 0.828508 0 -0.25198 0.967732 0 -0.892924 0.450208 0 -0.691939 0.721956 0 -0.999099 -0.0424444 0 -0.956167 0.292823 0 -0.851531 -0.524304 0 -0.977556 -0.210676 0 -0.487692 -0.873016 0 -0.750669 -0.660678 0 0 -1 0 -0.333144 -0.942876 0 0.487692 -0.873016 0 0.168996 -0.985617 0 0.851531 -0.524304 0 0.628223 -0.778033 0 0.999099 -0.0424444 0 0.927888 -0.37286 0 0.991901 0.127015 0 0.991901 0.127015 0 0.956167 0.292823 0 0.956167 0.292823 0 0.892924 0.450208 0 0.892924 0.450208 0 0.803997 0.594634 0 0.803997 0.594634 0 0.691939 0.721956 0 0.691939 0.721956 0 0.559976 0.828508 0 0.559976 0.828508 0 0.411904 0.911227 0 0.411904 0.911227 0 0.25198 0.967732 0 0.25198 0.967732 0 0.0848043 0.996398 0 0.0848043 0.996398 0 0.977556 -0.210676 0 0.999099 -0.0424444 0 0.927888 -0.37286 0 0.977556 -0.210676 0 0.750669 -0.660678 0 0.851531 -0.524304 0 0.628223 -0.778033 0 0.750669 -0.660678 0 0.333144 -0.942876 0 0.487692 -0.873016 0 0.168996 -0.985617 0 0.333144 -0.942876 0 -0.168996 -0.985617 0 0 -1 0 -0.333144 -0.942876 0 -0.168996 -0.985617 0 -0.628223 -0.778033 0 -0.487692 -0.873016 0 -0.750669 -0.660678 0 -0.628223 -0.778033 0 -0.927888 -0.37286 0 -0.851531 -0.524304 0 -0.977556 -0.210676 0 -0.927888 -0.37286 0 -0.991901 0.127015 0 -0.999099 -0.0424444 0 -0.956167 0.292823 0 -0.991901 0.127015 0 -0.803997 0.594634 0 -0.892924 0.450208 0 -0.691939 0.721956 0 -0.803997 0.594634 0 -0.411904 0.911227 0 -0.559976 0.828508 0 -0.25198 0.967732 0 -0.411904 0.911227 0 -0.0848043 0.996398 0 -0.0848043 0.996398 0 -0.559976 0.828508 0 -0.25198 0.967732 0 -0.892924 0.450208 0 -0.691939 0.721956 0 -0.999099 -0.0424444 0 -0.956167 0.292823 0 -0.851531 -0.524304 0 -0.977556 -0.210676 0 -0.487692 -0.873016 0 -0.750669 -0.660678 0 0 -1 0 -0.333144 -0.942876 0 0.487692 -0.873016 0 0.168996 -0.985617 0 0.851531 -0.524304 0 0.628223 -0.778033 0 0.999099 -0.0424444 0 0.927888 -0.37286 0 0.991901 0.127015 0 0.991901 0.127015 0 0.956167 0.292823 0 0.956167 0.292823 0 0.892924 0.450208 0 0.892924 0.450208 0 0.803997 0.594634 0 0.803997 0.594634 0 0.691939 0.721956 0 0.691939 0.721956 0 0.559976 0.828508 0 0.559976 0.828508 0 0.411904 0.911227 0 0.411904 0.911227 0 0.25198 0.967732 0 0.25198 0.967732 0 0.0848043 0.996398 0 0.0848043 0.996398 0 0.977556 -0.210676 0 0.999099 -0.0424444 0 0.927888 -0.37286 0 0.977556 -0.210676 0 0.750669 -0.660678 0 0.851531 -0.524304 0 0.628223 -0.778033 0 0.750669 -0.660678 0 0.333144 -0.942876 0 0.487692 -0.873016 0 0.168996 -0.985617 0 0.333144 -0.942876 0 -0.168996 -0.985617 0 0 -1 0 -0.333144 -0.942876 0 -0.168996 -0.985617 0 -0.628223 -0.778033 0 -0.487692 -0.873016 0 -0.750669 -0.660678 0 -0.628223 -0.778033 0 -0.927888 -0.37286 0 -0.851531 -0.524304 0 -0.977556 -0.210676 0 -0.927888 -0.37286 0 -0.991901 0.127015 0 -0.999099 -0.0424444 0 -0.956167 0.292823 0 -0.991901 0.127015 0 -0.803997 0.594634 0 -0.892924 0.450208 0 -0.691939 0.721956 0 -0.803997 0.594634 0 -0.411904 0.911227 0 -0.559976 0.828508 0 -0.25198 0.967732 0 -0.411904 0.911227 0 -0.0848043 0.996398 -0.04455 -0.706405 0.706405 -0.299506 -0.710626 0.636637 -0.203382 -0.704465 0.679974 -0.512113 -0.711459 0.481213 -0.424608 -0.702846 0.570715 -0.65434 -0.710333 0.259359 -0.594077 -0.702971 0.39103 -0.707077 -0.707136 0.000104699 -0.700229 -0.708416 0.0884657 -0.65446 -0.710303 -0.259136 -0.690207 -0.704902 -0.163483 -0.512378 -0.711447 -0.480949 -0.594277 -0.702998 -0.390678 -0.281648 -0.703688 -0.652302 -0.376849 -0.71121 -0.593435 -0.0413569 -0.706501 -0.706503 -0.132103 -0.708978 -0.692748 0.217646 -0.709925 -0.669804 0.123068 -0.705387 -0.698057 0.488079 -0.702648 -0.51775 0.376512 -0.711148 -0.593723 0.635073 -0.703387 -0.319263 0.568437 -0.71137 -0.413319 0.703479 -0.705912 -0.0824938 0.682504 -0.709537 -0.175346 0.700228 -0.708417 0.0884648 0.703496 -0.705922 0.0822576 0.682609 -0.709494 0.175108 0.690269 -0.704872 0.163352 0.654528 -0.710342 0.258856 0.667385 -0.704071 0.242653 0.616378 -0.710903 0.338668 0.635159 -0.703431 0.318995 0.568637 -0.711296 0.41317 0.594365 -0.702918 0.390688 0.512351 -0.711521 0.480869 0.545177 -0.702731 0.457112 0.448157 -0.711433 0.541312 0.488275 -0.702696 0.5175 0.376841 -0.711115 0.593553 0.424915 -0.702801 0.570542 0.299526 -0.710638 0.636615 0.35577 -0.70314 0.615647 0.217825 -0.709976 0.669691 0.281473 -0.703729 0.652334 0.132401 -0.70897 0.692699 0.203608 -0.704449 0.679924 0.0444622 -0.7078 0.705012 0.123369 -0.705371 0.69802 0.0412889 -0.706504 0.706504 0.707083 -0.70713 -0.000190855 0.707077 -0.707136 -0.00020595 0.690199 -0.704899 -0.163532 0.70019 -0.708422 -0.0887272 0.654463 -0.710299 -0.259141 0.667247 -0.70407 -0.243036 0.594218 -0.702978 -0.390803 0.616197 -0.710901 -0.339001 0.512208 -0.711492 -0.481064 0.544916 -0.702751 -0.457392 0.424747 -0.702801 -0.570667 0.447938 -0.711397 -0.541541 0.299315 -0.710679 -0.636667 0.355449 -0.703189 -0.615777 0.203428 -0.704401 -0.680026 0.281152 -0.703718 -0.652483 0.0408176 -0.707817 -0.705215 0.132065 -0.708968 -0.692765 -0.0445881 -0.707817 -0.704987 0.0441938 -0.706402 -0.70643 -0.203782 -0.704442 -0.679878 -0.123071 -0.705387 -0.698056 -0.299795 -0.71064 -0.636486 -0.217756 -0.709906 -0.669788 -0.42494 -0.702845 -0.570468 -0.355472 -0.703183 -0.61577 -0.488502 -0.702625 -0.517382 -0.447944 -0.711408 -0.541521 -0.568763 -0.711353 -0.412899 -0.544969 -0.702738 -0.457349 -0.635314 -0.703403 -0.318747 -0.616338 -0.710951 -0.338639 -0.68263 -0.70948 -0.175086 -0.667336 -0.704042 -0.242872 -0.703537 -0.705919 -0.0819467 -0.700246 -0.708434 -0.0881886 -0.703495 -0.705922 0.0822722 -0.707067 -0.707147 0.000130379 -0.682551 -0.709464 0.175458 -0.690143 -0.704881 0.163845 -0.635159 -0.703432 0.318994 -0.667271 -0.704042 0.243052 -0.568639 -0.711288 0.413181 -0.616212 -0.710957 0.338856 -0.488275 -0.702692 0.517505 -0.544898 -0.702684 0.457517 -0.376692 -0.711149 0.593608 -0.447729 -0.711472 0.541615 -0.281443 -0.703723 0.652353 -0.355311 -0.70312 0.615936 -0.132178 -0.708986 0.692725 -0.217396 -0.709943 0.669865 -0.041213 -0.707805 0.705205 -0.123094 -0.705387 0.698052 0.706013 0.65429 -0.271017 0.706014 0.706015 -0.0555644 0.706013 0.459939 -0.538518 0.706012 0.603839 -0.370034 0.706013 0.271018 -0.65429 0.706012 0.370032 -0.60384 0.706014 0.165325 -0.68863 0.706013 0.165323 -0.688632 0.706013 0.0555632 -0.706016 0.706014 0.0555658 -0.706014 0.706013 0.370033 -0.603839 0.706012 0.271017 -0.654291 0.706013 0.53852 -0.459938 0.706013 0.459939 -0.538518 0.706014 0.603839 -0.370031 0.706012 0.538519 -0.459939 0.706013 0.688631 -0.165326 0.706014 0.65429 -0.271015 0.706013 0.706016 -0.0555658 0.706014 0.688631 -0.165325 0.707105 0.707108 0 0.707105 0.707108 0 0.706015 0.271016 0.654289 0.706014 0.0555658 0.706014 0.706014 0.538517 0.459939 0.706011 0.370034 0.60384 0.706013 0.654291 0.271015 0.706015 0.603837 0.370033 0.706014 0.68863 0.165326 0.706013 0.688631 0.165325 0.706013 0.706016 0.0555645 0.706014 0.706015 0.055566 0.706013 0.603839 0.370032 0.706015 0.654289 0.271016 0.706014 0.459937 0.538519 0.706013 0.538518 0.459939 0.706014 0.37003 0.60384 0.706011 0.459942 0.538518 0.706015 0.165325 0.68863 0.706014 0.271018 0.654289 0.706014 0.0555658 0.706014 0.706014 0.165326 0.68863 0.707107 0 0.707107 0.707107 0 0.707107 0.706014 -0.0555658 0.706014 0.706014 -0.271018 0.654288 0.706014 -0.538517 0.459938 0.706011 -0.370031 0.603842 0.706013 -0.65429 0.271017 0.706015 -0.603838 0.370031 0.706014 -0.688631 0.165325 0.706013 -0.688631 0.165326 0.706013 -0.706016 0.0555661 0.706014 -0.706015 0.0555644 0.706014 -0.65429 0.271014 0.706013 -0.538517 0.45994 0.706013 -0.603838 0.370034 0.706012 -0.459938 0.538521 0.706014 -0.45994 0.538516 0.706014 -0.271016 0.65429 0.706013 -0.370033 0.603838 0.706014 -0.165325 0.68863 0.706015 -0.165326 0.68863 0.706014 -0.0555658 0.706014 0.707105 -0.707108 0 0.707105 -0.707108 0 0.706014 -0.706015 -0.0555659 0.706013 -0.654291 -0.271016 0.706014 -0.538517 -0.459939 0.706014 -0.603837 -0.370033 0.706013 -0.538519 -0.459938 0.706013 -0.60384 -0.370032 0.706013 -0.688632 -0.165324 0.706013 -0.65429 -0.271017 0.706013 -0.706016 -0.0555636 0.706014 -0.68863 -0.165327 0.707105 -0.500001 -0.500001 0.707105 -0.500001 -0.500001 0.706013 -0.271015 -0.654291 0.706013 -0.0555658 -0.706016 0.706013 -0.45994 -0.538518 0.706013 -0.370031 -0.60384 0.706012 -0.370034 -0.60384 0.706013 -0.459939 -0.538518 0.706013 -0.165324 -0.688632 0.706012 -0.271018 -0.654291 0.706013 -0.0555657 -0.706016 0.706013 -0.165325 -0.688632 0.707105 0 -0.707108 0.707105 0 -0.707108 0.705829 0.291786 0.645497 0.70583 0.0600733 0.70583 0.705832 0.569535 0.421226 0.70583 0.396676 0.5869 0.70583 0.702643 0.089975 0.705829 0.632534 0.318914 0.705831 0.657298 -0.264127 0.705832 0.707741 -0.0300635 0.705832 0.44502 -0.551142 0.70583 0.603206 -0.371411 0.70583 0.119714 -0.698192 0.705832 0.345473 -0.618425 0.70583 -0.235993 -0.667915 0.705831 0 -0.70838 0.705832 -0.531758 -0.468011 0.705831 -0.345474 -0.618426 0.705831 -0.692482 -0.149239 0.705832 -0.603205 -0.37141 0.705831 -0.702643 0.0899749 0.705831 -0.707742 -0.0300656 0.70583 -0.67733 0.20743 0.705831 -0.702643 0.0899771 0.705829 -0.632531 0.318919 0.705829 -0.67733 0.207433 0.705831 -0.569536 0.421227 0.705831 -0.632532 0.318914 0.705832 -0.490155 0.511419 0.705832 -0.569536 0.421225 0.70583 -0.396677 0.5869 0.70583 -0.490153 0.511423 0.70583 -0.291785 0.645496 0.70583 -0.396676 0.5869 0.705829 -0.178498 0.685525 0.705829 -0.291783 0.645498 0.70583 -0.0600738 0.70583 0.70583 -0.1785 0.685523 0.705831 -0.707742 -0.0300668 0.70583 -0.0600733 0.70583 0.705831 -0.657299 -0.264123 0.705831 -0.692481 -0.149241 0.70583 -0.603209 -0.371407 0.705832 -0.657296 -0.264126 0.705832 -0.445018 -0.551145 0.70583 -0.531763 -0.468008 0.705832 -0.345471 -0.618427 0.705831 -0.445021 -0.551143 0.705831 -0.119716 -0.698191 0.705832 -0.235989 -0.667915 0.705831 0 -0.70838 0.705832 -0.119713 -0.698191 0.705831 0.23599 -0.667916 0.705831 0.119716 -0.698191 0.705831 0.345472 -0.618428 0.705832 0.235993 -0.667914 0.705832 0.531762 -0.468007 0.705831 0.445018 -0.551146 0.705832 0.603207 -0.371406 0.70583 0.53176 -0.468012 0.705831 0.692481 -0.149243 0.705832 0.657298 -0.264123 0.705831 0.707742 -0.0300668 0.705832 0.69248 -0.149238 0.70583 0.67733 0.207433 0.705831 0.702642 0.089977 0.705831 0.632529 0.318918 0.705829 0.677331 0.20743 0.705832 0.490152 0.511422 0.705831 0.569537 0.421225 0.70583 0.396677 0.5869 0.70583 0.490156 0.51142 0.705829 0.178501 0.685524 0.70583 0.291783 0.645498 0.70583 0.0600738 0.70583 0.70583 0.178498 0.685524 0.705829 0.291786 0.645497 0.70583 0.0600733 0.70583 0.705832 0.569535 0.421226 0.70583 0.396676 0.5869 0.70583 0.702643 0.089975 0.705829 0.632534 0.318914 0.705831 0.657298 -0.264127 0.705831 0.707742 -0.0300655 0.705832 0.44502 -0.551142 0.70583 0.603206 -0.371411 0.70583 0.119714 -0.698192 0.705832 0.345473 -0.618425 0.70583 -0.235993 -0.667915 0.705831 0 -0.70838 0.705832 -0.531758 -0.468011 0.705831 -0.345474 -0.618426 0.705831 -0.692482 -0.149239 0.705832 -0.603205 -0.37141 0.705831 -0.702643 0.0899749 0.705831 -0.707742 -0.0300636 0.70583 -0.67733 0.20743 0.705831 -0.702643 0.0899771 0.705829 -0.632531 0.318919 0.705829 -0.67733 0.207433 0.705831 -0.569536 0.421227 0.705831 -0.632532 0.318914 0.705832 -0.490155 0.511419 0.705832 -0.569536 0.421225 0.70583 -0.396677 0.5869 0.70583 -0.490153 0.511423 0.70583 -0.291785 0.645496 0.70583 -0.396676 0.5869 0.705829 -0.178498 0.685525 0.705829 -0.291783 0.645498 0.70583 -0.0600738 0.70583 0.70583 -0.1785 0.685523 0.705832 -0.707741 -0.0300667 0.70583 -0.0600733 0.70583 0.705831 -0.657299 -0.264123 0.705832 -0.69248 -0.149242 0.70583 -0.603209 -0.371407 0.705832 -0.657296 -0.264126 0.705832 -0.445018 -0.551145 0.70583 -0.531763 -0.468008 0.705832 -0.345471 -0.618427 0.705831 -0.445021 -0.551143 0.705831 -0.119716 -0.698191 0.705832 -0.235989 -0.667915 0.705831 0 -0.70838 0.705832 -0.119713 -0.698191 0.705831 0.23599 -0.667916 0.705831 0.119716 -0.698191 0.705831 0.345472 -0.618428 0.705832 0.235993 -0.667914 0.705832 0.531762 -0.468007 0.705831 0.445018 -0.551146 0.705832 0.603207 -0.371406 0.70583 0.53176 -0.468012 0.705831 0.692481 -0.149241 0.705832 0.657298 -0.264123 0.705831 0.707742 -0.0300668 0.705831 0.692481 -0.149238 0.70583 0.67733 0.207433 0.705831 0.702642 0.089977 0.705831 0.632529 0.318918 0.705829 0.677331 0.20743 0.705832 0.490152 0.511422 0.705831 0.569537 0.421225 0.70583 0.396677 0.5869 0.70583 0.490156 0.51142 0.705829 0.178501 0.685524 0.70583 0.291783 0.645498 0.70583 0.0600738 0.70583 0.70583 0.178498 0.685524 0 0 1 0 0 1 0 0 1 0 0 1 0 0 1 0 0 1 0 0 1 0 0 1 0 0 1 0 0 1 0 0 1 0 0 1 0 0 1 0 0 1 0 0 1 0 0 1 0 0 1 0 0 1 0 0 1 0 0 1 0 0 1 0 0 1 0 0 1 0 0 1 0 0 1 0 0 1 0 0 1 0 0 1 0 0 1 0 0 1 0 0 1 0 0 1 0 0 1 0 0 1 0 0 1 0 0 1 0 0 1 0 0 1 0 0 1 0 0 1 0 0 1 0 0 1 0 0 1 0 0 1 0 0 1 0 0 1 0 0 1 0 0 1 0 0 1 0 0 1 0 0 1 0 0 1 0 0 1 0 0 1 0 0 1 0 0 1 0 0 1 0 0 1 0 0 1 0 0 1 0 0 1 0 0 1 0 0 1 0 0 1 0 0 1 0 0 1 0 0 1 0 0 1 0 0 1 0 0 1 0 0 1 0 0 1 0 0 1 0 0 1 0 0 1 0 0 1 0 0 1 0 0 1 0 0 1 0 0 1 0 0 1 0 0 1 0 0 1 0 0 1 0 0 1 0 0 1 0 0 1 0 0 1 0 0 1 0 0 1 0 0 1 0 0 1 0 0 1 0 0 1 0 0 1 0 0 1 0 0 1 0 0 1 0 0 1 0 0 1 0 0 1 0 0 1 0 0 1 0 0 1 0 0 1 0 0 1 0 0 1 0 0 1 0 0 1 0 0 1 0 0 1 0 0 1 0 0 1 0 0 1 0 0 1 0 0 1 0 0 1 0 0 1 0 0 1 0 0 1 0 0 1 0 0 1 0 0 1 0 0 1 0 0 1 0 0 1 0 0 1 0 0 1 0 0 1 0 0 1 0 0 1 0 0 1 0 0 1 0 0 1 0 0 1 0 0 1 0 0 1 0 0 1 0 0 1 0 0 1 0 0 1 0 0 1 0 0 1 0 0 1 0 0 1 0 0 1 0 0 1 0 0 1 0 0 1 0 0 1 0 0 1 0 0 1 0 0 1 0 0 1 0 0 1 0 0 1 0 0 1 0 0 1 0 0 1 0 0 1 0 0 1 0 0 1 0 0 1 0 0 1 0 0 1 0 0 1 0 0 1 0 0 1 0 0 1 0 0 1 0 0 1 0 0 1 0 0 1 0 0 1 0 0 1 0 0 1 0 0 1 0 0 1 0 0 1 0 0 1 -0.81298 0.582291 -0.000450371 0.00771806 0.99997 0 -0.762357 0.647156 -0.000478994 -0.792011 0.610507 0.000642246 -0.840865 0.541245 0.00061847 -0.885216 0.465179 0.00052936 -0.858568 0.512699 -0.000513162 -0.922003 0.387182 0.000417634 -0.974337 0.225096 -0.0001868 -0.959027 0.283314 -0.000917159 -0.951682 0.307085 9.06169e-05 -0.977794 0.209568 -0.000872821 -0.933001 0.359874 -0.00071346 -0.987928 0.154915 -0.000342771 -0.89868 0.438604 -0.00053514 -0.996466 0.0840003 -0.000519436 -0.990501 0.137501 -0.00114094 -0.999105 0.0422928 -0.000410816 -0.999034 0.0439395 -0.000328094 -1 0.000538184 0 -0.999987 -0.00508307 -0.000296036 -0.996804 0.0798894 -0.000716894 -0.737242 0.675628 0.000621684 -0.676751 0.736211 0.000582822 -0.707119 0.707095 -0.000525426 -0.610375 0.792112 0.000590681 -0.647051 0.762447 -0.000548566 -0.540535 0.841321 0.000592233 -0.582254 0.813007 -0.000499041 -0.466273 0.884641 0.000569649 -0.513227 0.858253 -0.00047533 -0.388513 0.921443 0.000519197 -0.440821 0.897595 -0.00045469 -0.302139 0.953264 0.000564739 -0.365618 0.930765 -0.000419619 -0.229737 0.973253 0.000770854 -0.289541 0.957166 2.71599e-05 -0.14257 0.989784 0.000827077 -0.214974 0.97662 0.000119251 -0.0935698 0.995612 0.00124341 -0.14376 0.989612 0.000881872 -0.0442068 0.999022 0.000629585 -0.0774746 0.996994 0.000469252 0.00516453 0.999987 0.000134528 -0.0325031 0.999472 4.12542e-05 -1 0 0 -1 0 0 -1 0 0 -1 0 0 -1 0 0 -1 0 0 -1 0 0 -1 0 0 -1 0 0 -1 0 0 -1 0 0 -1 0 0 -1 0 0 -1 0 0 -1 0 0 -1 0 0 -1 0 0 -1 0 0 -1 0 0 -1 0 0 -1 0 0 -1 0 0 -1 0 0 -1 0 0 -1 0 0 -1 0 0 -1 0 0 -1 0 0 -1 0 0 -1 0 0 -1 0 0 -1 0 0 -1 0 0 -1 0 0 -1 0 0 -1 0 0 -1 0 0 -1 0 0 -1 0 0 -1 0 0 -1 0 0 -1 0 0 -1 0 0 -1 0 0 -1 0 0 -1 0 0 -1 0 0 -1 0 0 -0.582291 -0.81298 -0.000450371 -0.99997 0.00771806 0 -0.647156 -0.762357 -0.000478994 -0.610507 -0.792011 0.000642246 -0.541245 -0.840865 0.00061847 -0.465179 -0.885216 0.00052936 -0.512699 -0.858568 -0.000513162 -0.387182 -0.922003 0.000417634 -0.225096 -0.974337 -0.0001868 -0.283314 -0.959027 -0.000917159 -0.307085 -0.951682 9.06169e-05 -0.209568 -0.977794 -0.000872821 -0.359874 -0.933001 -0.00071346 -0.154915 -0.987928 -0.000342771 -0.438604 -0.89868 -0.00053514 -0.0840003 -0.996466 -0.000519436 -0.137501 -0.990501 -0.00114094 -0.0422928 -0.999105 -0.000410816 -0.0439395 -0.999034 -0.000328094 -0.000538184 -1 0 0.00508307 -0.999987 -0.000296036 -0.0798894 -0.996804 -0.000716894 -0.675628 -0.737242 0.000621684 -0.736211 -0.676751 0.000582822 -0.707095 -0.707119 -0.000525426 -0.792112 -0.610375 0.000590681 -0.762447 -0.647051 -0.000548566 -0.841321 -0.540535 0.000592233 -0.813007 -0.582254 -0.000499041 -0.884641 -0.466273 0.000569649 -0.858253 -0.513227 -0.00047533 -0.921443 -0.388513 0.000519197 -0.897595 -0.440821 -0.00045469 -0.953264 -0.302139 0.000564739 -0.930765 -0.365618 -0.000419619 -0.973253 -0.229737 0.000770854 -0.957166 -0.289541 2.71599e-05 -0.989784 -0.14257 0.000827077 -0.97662 -0.214974 0.000119251 -0.995612 -0.0935698 0.00124341 -0.989612 -0.14376 0.000881872 -0.999022 -0.0442068 0.000629585 -0.996994 -0.0774746 0.000469252 -0.999987 0.00516453 0.000134528 -0.999472 -0.0325031 4.12542e-05 0 -1 0 0 -1 0 0 -1 0 0 -1 0 0 -1 0 0 -1 0 0 -1 0 0 -1 0 0 -1 0 0 -1 0 0 -1 0 0 -1 0 0 -1 0 0 -1 0 0 -1 0 0 -1 0 0 -1 0 0 -1 0 0 -1 0 0 -1 0 0 -1 0 0 -1 0 0 -1 0 0 -1 0 0 -1 0 0 -1 0 0 -1 0 0 -1 0 0 -1 0 0 -1 0 0 -1 0 0 -1 0 0 -1 0 0 -1 0 0 -1 0 0 -1 0 0 -1 0 0 -1 0 0 -1 0 0 -1 0 0 -1 0 0 -1 0 0 -1 0 0 -1 0 0 -1 0 0 -1 0 0 -1 0 0 -1 0 0 -1 0 0 -1 0 0 -1 0 0 -1 0 0 -1 0 0 -1 0 0 -1 0 0 -1 0 0 -1 0 0 -1 0 0.81298 -0.582291 -0.000450371 0.762357 -0.647156 -0.000478994 0.792011 -0.610507 0.000642246 0.840865 -0.541245 0.00061847 0.885216 -0.465179 0.00052936 0.858568 -0.512699 -0.000513162 0.922003 -0.387182 0.000417634 0.974337 -0.225096 -0.0001868 0.959027 -0.283314 -0.000917159 0.951682 -0.307085 9.06169e-05 0.977794 -0.209568 -0.000872821 0.933001 -0.359874 -0.00071346 0.987928 -0.154915 -0.000342771 0.89868 -0.438604 -0.00053514 0.996466 -0.0840003 -0.000519436 0.990501 -0.137501 -0.00114094 0.999105 -0.0422928 -0.000410816 0.999034 -0.0439395 -0.000328094 1 -0.000538184 0 0.999987 0.00508307 -0.000296036 0.996804 -0.0798894 -0.000716894 0.737242 -0.675628 0.000621685 0.707119 -0.707095 -0.000525426 0.647051 -0.762447 -0.000548567 0.676751 -0.736211 0.000582822 0.582254 -0.813007 -0.000499041 0.610375 -0.792112 0.000590681 0.513227 -0.858253 -0.000475331 0.540535 -0.841321 0.000592232 0.440821 -0.897595 -0.00045469 0.466273 -0.884641 0.000569649 0.365618 -0.930765 -0.000419619 0.388513 -0.921443 0.000519197 0.289541 -0.957166 2.71593e-05 0.302139 -0.953264 0.000564738 0.214974 -0.97662 0.000119251 0.229737 -0.973253 0.000770854 0.14376 -0.989612 0.000881872 0.14257 -0.989784 0.000827077 0.0774746 -0.996994 0.000469252 0.0935698 -0.995612 0.00124341 0.0325031 -0.999472 4.12543e-05 0.0442069 -0.999022 0.000629585 -0.00516453 -0.999987 0.000134528 -0.00771806 -0.99997 0 1 0 0 1 0 0 1 0 0 1 0 0 1 0 0 1 0 0 1 0 0 1 0 0 1 0 0 1 0 0 1 0 0 1 0 0 1 0 0 1 0 0 1 0 0 1 0 0 1 0 0 1 0 0 1 0 0 1 0 0 1 0 0 1 0 0 1 0 0 1 0 0 1 0 0 1 0 0 1 0 0 1 0 0 1 0 0 1 0 0 1 0 0 1 0 0 1 0 0 1 0 0 1 0 0 1 0 0 1 0 0 1 0 0 1 0 0 1 0 0 1 0 0 1 0 0 1 0 0 1 0 0 1 0 0 1 0 0 1 0 0 1 0 0 1 0 0 1 0 0 1 0 0 1 0 0 1 0 0 1 0 0 1 0 0 1 0 0 1 0 0 1 0 0 1 0 0 1 0 0 1 0 0 1 0 0 1 0 0 1 0 0 1 0 0 1 0 0 1 0 0 1 0 0 1 0 0 1 0 0 1 0 0 1 0 0 1 0 0 1 0 0 1 0 0 1 0 0 1 0 0 1 0 0 1 0 0 1 0 0 1 0 0 1 0 0 1 0 0 1 0 0 1 0 0 1 0 0 1 0 0 1 0 0 1 0 0 1 0 0 1 0 0 1 0 0 1 0 0 1 0 0 1 0 0 1 0 0 1 0 0 1 0 0 1 0 0 1 0 0 1 0 0 1 0 0 1 0 0 1 0 0 1 0 0 1 0 0 1 0 0 1 0 0 1 0 0 1 0 0 1 0 0 1 0 0 1 0 0 1 0 0 1 0 0 1 0 0 1 0 0 1 0 0 1 0 0 1 0 0 1 0 0 1 0 0 1 0 0 1 0 0 1 0 0 1 0 0 1 0 0 0.582291 0.81298 -0.000450371 0.99997 -0.00771806 0 0.647156 0.762357 -0.000478994 0.610507 0.792011 0.000642246 0.541245 0.840865 0.00061847 0.465179 0.885216 0.00052936 0.512699 0.858568 -0.000513162 0.387182 0.922003 0.000417634 0.225096 0.974337 -0.0001868 0.283314 0.959027 -0.000917159 0.307085 0.951682 9.06169e-05 0.209568 0.977794 -0.000872821 0.359874 0.933001 -0.00071346 0.154915 0.987928 -0.000342771 0.438604 0.89868 -0.00053514 0.0840003 0.996466 -0.000519436 0.137501 0.990501 -0.00114094 0.0422928 0.999105 -0.000410816 0.0439395 0.999034 -0.000328094 0.000538184 1 0 -0.00508307 0.999987 -0.000296036 0.0798894 0.996804 -0.000716894 0.675628 0.737242 0.000621684 0.736211 0.676751 0.000582822 0.707095 0.707119 -0.000525426 0.792112 0.610375 0.000590681 0.762447 0.647051 -0.000548566 0.841321 0.540535 0.000592233 0.813007 0.582254 -0.000499041 0.884641 0.466273 0.000569649 0.858253 0.513227 -0.00047533 0.921443 0.388513 0.000519197 0.897595 0.440821 -0.00045469 0.953264 0.302139 0.000564739 0.930765 0.365618 -0.000419619 0.973253 0.229737 0.000770854 0.957166 0.289541 2.71599e-05 0.989784 0.14257 0.000827077 0.97662 0.214974 0.000119251 0.995612 0.0935698 0.00124341 0.989612 0.14376 0.000881872 0.999022 0.0442068 0.000629585 0.996994 0.0774746 0.000469252 0.999987 -0.00516453 0.000134528 0.999472 0.0325031 4.12542e-05 0 1 0 0 1 0 1 0 0 1 0 0 1 0 0 1 0 0 1 0 0 1 0 0 1 0 0 1 0 0 1 0 0 1 0 0 1 0 0 1 0 0 1 0 0 1 0 0 1 0 0 1 0 0 1 0 0 1 0 0 1 0 0 1 0 0 1 0 0 1 0 0 1 0 0 1 0 0 1 0 0 1 0 0 1 0 0 1 0 0 1 0 0 1 0 0 1 0 0 1 0 0 1 0 0 1 0 0 1 0 0 1 0 0 1 0 0 1 0 0 1 0 0 1 0 0 1 0 0 1 0 0 1 0 0 1 0 0 1 0 0 1 0 0 1 0 0 1 0 0 1 0 0 1 0 0 1 0 0 1 0 0 1 0 0 1 0 0 1 0 0 1 0 0 1 0 0 1 0 0 1 0 0 1 0 0 1 0 0 1 0 0 1 0 0 1 0 0 1 0 0 1 0 0 1 0 0 1 0 0 1 0 0 1 0 0 -0.0174438 -0.852514 -0.522413 0.00308625 -0.896985 -0.44205 0.000631828 -0.831575 -0.555413 -0.285163 -0.952694 -0.105147 -0.147992 -0.984707 -0.0919314 -0.281926 -0.95433 -0.0988481 0.00288602 -0.947016 -0.321174 -0.0528404 -0.994965 -0.0851639 -0.137113 -0.987706 -0.0750832 -0.0838585 -0.994784 -0.0580813 -0.0132539 -0.996406 -0.0836638 -0.0421723 -0.996257 -0.0754529 -0.0450457 -0.8517 -0.52209 -0.00053703 -0.997854 -0.065472 -0.0963667 -0.643159 -0.759644 -0.0567375 -0.379156 -0.923592 -0.21821 -0.7294 -0.648352 -0.97111 -0.0509359 -0.233132 -0.210257 -0.102848 -0.972221 -0.33464 -0.683955 -0.648245 -0.425698 -0.304933 -0.851937 -0.312114 -0.223585 -0.92336 -0.497081 -0.693813 -0.52109 -0.375123 -0.766693 -0.521023 -0.603508 -0.603513 -0.521104 -0.69389 -0.496985 -0.521079 -0.95144 -0.284711 -0.117052 -0.643144 -0.096423 -0.75965 -0.982494 -0.147607 -0.113652 -0.892235 -0.436441 -0.115914 -0.972228 -0.0186711 -0.233288 -0.9711 -0.0509083 -0.233179 -0.997825 0.0077015 -0.0654701 -0.995438 -0.0126531 -0.0945645 -0.618996 -0.443372 -0.648279 -0.379076 -0.52903 -0.759229 -0.224218 -0.0669872 -0.972234 -0.344927 -0.168722 -0.923341 -0.231091 -0.0344404 -0.972322 -0.271452 -0.271472 -0.923372 -0.0791092 -0.00408107 -0.996858 -0.0781573 -0.0108108 -0.996882 -0.0783138 -0.00237048 -0.996926 -0.28606 -0.584663 -0.75917 -0.186477 -0.623503 -0.759256 -0.443444 -0.618948 -0.648275 -0.065472 1.90435e-05 -0.997854 -0.244663 -0.817657 -0.52113 -0.11287 -0.752539 -0.648803 -0.12665 -0.843745 -0.521589 -0.0400657 -0.759476 -0.649301 -0.0124014 -0.76016 -0.649617 -0.0341277 -0.648945 -0.76007 -0.0118408 -0.649414 -0.760343 -0.00498258 -0.751876 -0.659285 -0.0157719 -0.522086 -0.852747 -0.00438278 -0.659306 -0.751862 -0.0342274 -0.648806 -0.760184 0.0026085 -0.55572 -0.831365 0.00735977 -0.321684 -0.946818 -0.0165452 -0.382511 -0.923803 0.00497304 -0.195272 -0.980736 -0.0141494 -0.233 -0.972374 2.73263e-05 -0.065472 -0.997854 -0.0180478 -0.972233 -0.233319 -0.000511185 -0.980773 -0.195151 -0.435766 -0.892864 -0.113593 -0.0192873 -0.923598 -0.382878 -0.0515311 -0.971078 -0.233137 -0.436555 -0.892253 -0.115343 -0.0488925 -0.922619 -0.382602 -0.112941 -0.752416 -0.648934 -0.0451299 -0.851616 -0.52222 -0.0121539 -0.233046 -0.97239 -0.0401619 -0.759359 -0.649431 -0.0566702 -0.379302 -0.923536 -0.00413756 -0.0797493 -0.996806 0.00638538 -0.442526 -0.896733 -0.0273423 -0.521923 -0.852554 -0.00893186 -0.0753532 -0.997117 -0.0199511 -0.382554 -0.923718 -0.00169604 -0.0786047 -0.996904 -0.0515708 -0.971059 -0.233207 -0.209256 -0.976338 -0.0545609 -0.578392 -0.807537 -0.115523 -0.048957 -0.92257 -0.38271 -0.144502 -0.961718 -0.232846 -0.578456 -0.807468 -0.115686 -0.137252 -0.913842 -0.382171 -0.218234 -0.729331 -0.648421 -0.126711 -0.843657 -0.521715 -0.0345258 -0.231086 -0.97232 -0.0200343 -0.382424 -0.92377 -0.02744 -0.521776 -0.852641 -0.0964419 -0.643011 -0.759761 -0.0344755 -0.231192 -0.972297 -0.0774223 -0.517385 -0.852243 -0.0104504 -0.0782868 -0.996876 -0.00550528 -0.0783849 -0.996908 -0.0120957 -0.233138 -0.972368 -0.144534 -0.961696 -0.232916 -0.359204 -0.931263 -0.0610029 -0.702455 -0.702479 -0.114369 -0.137301 -0.91379 -0.382277 -0.278873 -0.931739 -0.232577 -0.702469 -0.702457 -0.114413 -0.264991 -0.885454 -0.381775 -0.33464 -0.683953 -0.648247 -0.244686 -0.817607 -0.521199 -0.109946 -0.367743 -0.923405 -0.0669886 -0.22416 -0.972247 -0.0774975 -0.517225 -0.852334 -0.186503 -0.623415 -0.759322 -0.0231945 -0.0776583 -0.99671 -0.149984 -0.501659 -0.851964 -0.0118384 -0.0793881 -0.996773 -0.109923 -0.367828 -0.923374 -0.0175087 -0.0759073 -0.996961 -0.278887 -0.931725 -0.232616 -0.511574 -0.856684 -0.0662232 -0.807649 -0.578418 -0.114612 -0.26501 -0.885423 -0.381833 -0.427444 -0.873629 -0.232515 -0.80764 -0.578438 -0.114574 -0.406217 -0.830245 -0.381682 -0.168757 -0.344914 -0.923339 -0.375123 -0.766693 -0.521023 -0.102869 -0.210249 -0.972221 -0.102869 -0.210249 -0.972221 -0.150009 -0.501568 -0.852014 -0.28606 -0.584665 -0.759169 -0.0343475 -0.0717885 -0.996828 -0.23016 -0.470412 -0.851903 -0.168757 -0.344914 -0.923339 -0.0255651 -0.073846 -0.996942 -0.06697 -0.224224 -0.972234 -0.427444 -0.87363 -0.232513 -0.645716 -0.760661 -0.0666747 -0.891831 -0.437991 -0.113145 -0.406217 -0.830245 -0.381682 -0.566406 -0.790636 -0.23255 -0.443444 -0.618912 -0.64831 -0.53828 -0.751352 -0.381738 -0.538358 -0.538362 -0.648334 -0.497079 -0.693841 -0.521054 -0.223655 -0.312098 -0.923349 -0.136345 -0.190237 -0.972224 -0.23016 -0.470413 -0.851903 -0.379078 -0.529077 -0.759195 -0.0472532 -0.0659196 -0.996705 -0.305012 -0.425627 -0.851944 -0.0353326 -0.0722147 -0.996763 -0.223652 -0.312053 -0.923365 -0.0414027 -0.0658123 -0.996973 -0.566403 -0.790643 -0.232534 -0.760775 -0.645632 -0.066181 -0.951157 -0.287723 -0.11187 -0.538276 -0.75137 -0.381709 -0.687724 -0.687715 -0.23256 -0.538359 -0.538371 -0.648325 -0.653555 -0.653552 -0.381753 -0.460184 -0.460205 -0.759238 -0.603508 -0.603505 -0.521115 -0.165462 -0.165479 -0.972234 -0.165464 -0.16549 -0.972232 -0.305015 -0.425672 -0.851921 -0.460181 -0.460191 -0.759249 -0.056598 -0.0566068 -0.996791 -0.370243 -0.370269 -0.851951 -0.271455 -0.271484 -0.923368 -0.0486249 -0.0608952 -0.996959 -0.136343 -0.190202 -0.972231 -0.687724 -0.687713 -0.232565 -0.856424 -0.512133 -0.0652537 -0.983995 -0.142944 -0.106396 -0.653556 -0.653548 -0.38176 -0.790706 -0.566315 -0.232533 -0.618989 -0.443351 -0.6483 -0.751427 -0.538194 -0.381712 -0.52911 -0.378989 -0.759217 -0.693894 -0.497002 -0.521057 -0.0789031 -0.0117592 -0.996813 -0.190247 -0.136296 -0.972229 -0.37024 -0.370257 -0.851958 -0.52912 -0.379015 -0.759197 -0.065962 -0.0472612 -0.996702 -0.42571 -0.30496 -0.851922 -0.0565984 -0.0566104 -0.996791 -0.312125 -0.223611 -0.92335 -0.0609202 -0.04862 -0.996958 -0.790706 -0.56631 -0.232545 -0.928708 -0.364811 -0.0664441 -0.766727 -0.375047 -0.521027 -0.751426 -0.538182 -0.381731 -0.873671 -0.42736 -0.232515 -0.683984 -0.334573 -0.648249 -0.830282 -0.406136 -0.381688 -0.584688 -0.286001 -0.759173 -0.766727 -0.375047 -0.521027 -0.470432 -0.230114 -0.851905 -0.683983 -0.334572 -0.64825 -0.210257 -0.102847 -0.972221 -0.584689 -0.286003 -0.759171 -0.072206 -0.0353196 -0.996764 -0.470431 -0.230113 -0.851905 -0.344927 -0.168723 -0.923341 -0.0658706 -0.0413107 -0.996973 -0.190255 -0.136316 -0.972225 -0.873671 -0.42736 -0.232515 -0.973968 -0.214391 -0.0736381 -0.817665 -0.244639 -0.521129 -0.830282 -0.406137 -0.381686 -0.931752 -0.278802 -0.232613 -0.729406 -0.218198 -0.648349 -0.88545 -0.264919 -0.381832 -0.623504 -0.186479 -0.759255 -0.817636 -0.244592 -0.521197 -0.501656 -0.149995 -0.851964 -0.72936 -0.218139 -0.648421 -0.367822 -0.10994 -0.923374 -0.623446 -0.18641 -0.75932 -0.0773672 -0.0231014 -0.996735 -0.501593 -0.149924 -0.852014 -0.0717844 -0.0343418 -0.996829 -0.367762 -0.109872 -0.923406 -0.0739311 -0.0252274 -0.996944 -0.931756 -0.27882 -0.232575 -0.993359 -0.0771921 -0.0853143 -0.843736 -0.126676 -0.521596 -0.885465 -0.264952 -0.381776 -0.961709 -0.144448 -0.232919 -0.752525 -0.112912 -0.648812 -0.913803 -0.137195 -0.382285 -0.648869 -0.0337968 -0.76015 -0.843668 -0.126588 -0.521727 -0.517366 -0.0774841 -0.852249 -0.752428 -0.112807 -0.648943 -0.379282 -0.0567293 -0.92354 -0.64302 -0.0963029 -0.759771 -0.23118 -0.0345222 -0.972298 -0.517233 -0.0773627 -0.852341 -0.379161 -0.0566202 -0.923597 -0.0755819 -0.0171954 -0.996991 -0.224176 -0.0669376 -0.972247 -0.961721 -0.144486 -0.232846 -0.995499 -0.0323739 -0.0890698 -0.922618 -0.048319 -0.382676 -0.913838 -0.137258 -0.382178 -0.922648 -0.0483683 -0.382599 -0.851671 -0.0445415 -0.52218 -0.851724 -0.0446062 -0.522089 -0.75942 -0.0396433 -0.649391 -0.759497 -0.0397208 -0.649297 -0.649453 -0.012146 -0.760305 -0.648958 -0.033877 -0.760069 -0.521837 -0.0271069 -0.852615 -0.521931 -0.0271852 -0.852554 -0.38247 -0.0198036 -0.923756 -0.382556 -0.0198719 -0.923719 -0.233078 -0.012024 -0.972384 -0.233138 -0.0120714 -0.972369 -0.0782777 -0.00491829 -0.99692 -0.992885 -0.052078 -0.107086 -0.980748 -0.00108809 -0.195274 -0.946842 0.00229737 -0.321692 -0.896748 0.0026479 -0.442534 -0.923602 -0.0198641 -0.382838 -0.831368 0.000302554 -0.555722 -0.852531 -0.0179534 -0.522368 -0.751859 -0.00534733 -0.659302 -0.659286 -0.00470266 -0.751877 -0.760192 -0.0128204 -0.649573 -0.555411 0.00229053 -0.831573 -0.52213 -0.0160029 -0.852716 -0.442044 0.00620374 -0.896972 -0.321167 0.00734495 -0.946994 -0.382547 -0.0167048 -0.923785 -0.195148 0.00493361 -0.980761 -0.233027 -0.0142392 -0.972366 -0.0753519 -0.00896689 -0.997117 -0.75187 2.89866e-06 -0.659312 -0.831368 8.13971e-07 -0.555722 -0.751779 8.28411e-07 -0.659415 -0.896751 1.27981e-06 -0.442535 -0.831385 1.2612e-06 -0.555698 -0.946844 2.18221e-06 -0.321693 -0.896778 2.19824e-06 -0.442481 -0.980749 3.45362e-07 -0.195274 -0.946804 3.23386e-07 -0.321809 -0.997854 2.8153e-06 -0.065472 -0.980781 2.83428e-06 -0.195113 -0.997842 0 -0.065658 -0.659433 2.89824e-06 -0.751763 -0.555277 8.14698e-08 -0.831665 -0.659294 9.6731e-08 -0.751886 -0.442157 2.55875e-06 -0.896937 -0.555413 2.54304e-06 -0.831575 -0.321126 7.66443e-07 -0.947036 -0.442052 7.86907e-07 -0.896989 -0.195068 1.5682e-06 -0.98079 -0.321176 1.55318e-06 -0.94702 -0.065658 2.81536e-06 -0.997842 -0.195151 2.83428e-06 -0.980773 -0.065472 0 -0.997854 2.89866e-06 -0.659312 -0.75187 8.14051e-07 -0.555722 -0.831368 8.28197e-07 -0.659415 -0.751779 1.2798e-06 -0.442535 -0.896751 1.26118e-06 -0.555698 -0.831385 2.18221e-06 -0.321693 -0.946844 2.19824e-06 -0.442481 -0.896778 3.45411e-07 -0.195274 -0.980749 3.23678e-07 -0.321809 -0.946804 2.8153e-06 -0.065472 -0.997854 2.83421e-06 -0.195113 -0.980781 0 -0.065658 -0.997842 2.89824e-06 -0.751763 -0.659433 8.14698e-08 -0.831665 -0.555277 9.6731e-08 -0.751886 -0.659294 2.55875e-06 -0.896937 -0.442157 2.54304e-06 -0.831575 -0.555413 7.66443e-07 -0.947036 -0.321126 7.86907e-07 -0.896989 -0.442052 1.5682e-06 -0.98079 -0.195068 1.55318e-06 -0.94702 -0.321176 2.81536e-06 -0.997842 -0.065658 2.83428e-06 -0.980773 -0.195151 0 -0.997854 -0.065472 -0.852515 0.0173959 -0.522413 -0.896773 -0.00319796 -0.442479 -0.831384 -0.000764001 -0.555697 -0.952694 0.285163 -0.105147 -0.984707 0.147992 -0.0919314 -0.95433 0.281926 -0.0988481 -0.946801 -0.00287995 -0.321808 -0.994965 0.0528404 -0.0851639 -0.987706 0.137113 -0.0750832 -0.994784 0.0838585 -0.0580813 -0.996405 0.0131451 -0.0836945 -0.996257 0.0421723 -0.0754529 -0.8517 0.0450457 -0.52209 -0.997842 0.000537021 -0.065658 -0.643159 0.0963667 -0.759644 -0.379156 0.0567375 -0.923592 -0.7294 0.21821 -0.648352 -0.0509359 0.97111 -0.233132 -0.102848 0.210257 -0.972221 -0.683955 0.33464 -0.648245 -0.304933 0.425698 -0.851937 -0.223585 0.312114 -0.92336 -0.693813 0.497081 -0.52109 -0.766693 0.375123 -0.521023 -0.603513 0.603508 -0.521104 -0.496985 0.69389 -0.521079 -0.284711 0.95144 -0.117052 -0.096423 0.643144 -0.75965 -0.147607 0.982494 -0.113652 -0.436441 0.892235 -0.115914 -0.0186711 0.972228 -0.233288 -0.0509083 0.9711 -0.233179 0.0077015 0.997825 -0.0654701 -0.0126531 0.995438 -0.0945645 -0.443372 0.618996 -0.648279 -0.52903 0.379076 -0.759229 -0.0669872 0.224218 -0.972234 -0.168722 0.344927 -0.923341 -0.0344404 0.231091 -0.972322 -0.271472 0.271452 -0.923372 -0.00408107 0.0791092 -0.996858 -0.0108108 0.0781573 -0.996882 -0.00237048 0.0783138 -0.996926 -0.584663 0.28606 -0.75917 -0.623503 0.186477 -0.759256 -0.618948 0.443444 -0.648275 1.90435e-05 0.065472 -0.997854 -0.817657 0.244663 -0.52113 -0.752539 0.11287 -0.648803 -0.843745 0.12665 -0.521589 -0.759476 0.0400657 -0.649301 -0.760161 0.0123688 -0.649617 -0.648945 0.0341277 -0.76007 -0.649414 0.0118386 -0.760343 -0.75177 0.00487085 -0.659407 -0.522089 0.0156731 -0.852747 -0.659427 0.00427256 -0.751756 -0.648806 0.0342274 -0.760184 -0.555276 -0.00253485 -0.831663 -0.321117 -0.00746293 -0.94701 -0.382512 0.0165164 -0.923803 -0.195066 -0.00506332 -0.980777 -0.233002 0.0140863 -0.972374 -0.065658 -2.7404e-05 -0.997842 -0.972233 0.0180362 -0.233319 -0.980781 0.000409775 -0.195113 -0.892864 0.435766 -0.113593 -0.9236 0.0192039 -0.382878 -0.971078 0.0515311 -0.233137 -0.892253 0.436555 -0.115343 -0.922619 0.0488925 -0.382602 -0.752416 0.112941 -0.648934 -0.851616 0.0451299 -0.52222 -0.233046 0.0121539 -0.97239 -0.759359 0.0401619 -0.649431 -0.379302 0.0566702 -0.923536 -0.0797493 0.00413756 -0.996806 -0.442148 -0.00641026 -0.896919 -0.521923 0.0273423 -0.852554 -0.0754072 0.00881192 -0.997114 -0.382554 0.0199511 -0.923718 -0.0786047 0.00169604 -0.996904 -0.971059 0.0515708 -0.233207 -0.976338 0.209256 -0.0545609 -0.807537 0.578392 -0.115523 -0.92257 0.048957 -0.38271 -0.961718 0.144502 -0.232846 -0.807468 0.578456 -0.115686 -0.913842 0.137252 -0.382171 -0.729331 0.218234 -0.648421 -0.843657 0.126711 -0.521715 -0.231086 0.0345258 -0.97232 -0.382424 0.0200343 -0.92377 -0.521776 0.02744 -0.852641 -0.643011 0.0964419 -0.759761 -0.231192 0.0344755 -0.972297 -0.517385 0.0774223 -0.852243 -0.0782868 0.0104504 -0.996876 -0.0783849 0.00550528 -0.996908 -0.233138 0.0120957 -0.972368 -0.961696 0.144534 -0.232916 -0.931263 0.359204 -0.0610029 -0.702479 0.702455 -0.114369 -0.91379 0.137301 -0.382277 -0.931739 0.278873 -0.232577 -0.702457 0.702469 -0.114413 -0.885454 0.264991 -0.381775 -0.683953 0.33464 -0.648247 -0.817607 0.244686 -0.521199 -0.367743 0.109946 -0.923405 -0.22416 0.0669886 -0.972247 -0.517225 0.0774975 -0.852334 -0.623415 0.186503 -0.759322 -0.0776583 0.0231945 -0.99671 -0.501659 0.149984 -0.851964 -0.0793881 0.0118384 -0.996773 -0.367828 0.109923 -0.923374 -0.0759073 0.0175087 -0.996961 -0.931725 0.278887 -0.232616 -0.856684 0.511574 -0.0662232 -0.578418 0.807649 -0.114612 -0.885423 0.26501 -0.381833 -0.873629 0.427444 -0.232515 -0.578438 0.80764 -0.114574 -0.830245 0.406217 -0.381682 -0.344914 0.168757 -0.923339 -0.766693 0.375123 -0.521023 -0.210249 0.102869 -0.972221 -0.210249 0.102869 -0.972221 -0.501568 0.150009 -0.852014 -0.584665 0.28606 -0.759169 -0.0717885 0.0343475 -0.996828 -0.470412 0.23016 -0.851903 -0.344914 0.168757 -0.923339 -0.073846 0.0255651 -0.996942 -0.224224 0.06697 -0.972234 -0.87363 0.427444 -0.232513 -0.760661 0.645716 -0.0666747 -0.437991 0.891831 -0.113145 -0.830245 0.406217 -0.381682 -0.790636 0.566406 -0.23255 -0.618912 0.443444 -0.64831 -0.751352 0.53828 -0.381738 -0.538362 0.538358 -0.648334 -0.693841 0.497079 -0.521054 -0.312098 0.223655 -0.923349 -0.190237 0.136345 -0.972224 -0.470413 0.23016 -0.851903 -0.529077 0.379078 -0.759195 -0.0659196 0.0472532 -0.996705 -0.425627 0.305012 -0.851944 -0.0722147 0.0353326 -0.996763 -0.312053 0.223652 -0.923365 -0.0658123 0.0414027 -0.996973 -0.790643 0.566403 -0.232534 -0.645632 0.760775 -0.066181 -0.287723 0.951157 -0.11187 -0.75137 0.538276 -0.381709 -0.687715 0.687724 -0.23256 -0.538371 0.538359 -0.648325 -0.653552 0.653555 -0.381753 -0.460205 0.460184 -0.759238 -0.603505 0.603508 -0.521115 -0.165479 0.165462 -0.972234 -0.16549 0.165464 -0.972232 -0.425672 0.305015 -0.851921 -0.460191 0.460181 -0.759249 -0.0566068 0.056598 -0.996791 -0.370269 0.370243 -0.851951 -0.271484 0.271455 -0.923368 -0.0608952 0.0486249 -0.996959 -0.190202 0.136343 -0.972231 -0.687713 0.687724 -0.232565 -0.512133 0.856424 -0.0652537 -0.142944 0.983995 -0.106396 -0.653548 0.653556 -0.38176 -0.566315 0.790706 -0.232533 -0.443351 0.618989 -0.6483 -0.538194 0.751427 -0.381712 -0.378989 0.52911 -0.759217 -0.497002 0.693894 -0.521057 -0.0117592 0.0789031 -0.996813 -0.136296 0.190247 -0.972229 -0.370257 0.37024 -0.851958 -0.379015 0.52912 -0.759197 -0.0472612 0.065962 -0.996702 -0.30496 0.42571 -0.851922 -0.0566104 0.0565984 -0.996791 -0.223611 0.312125 -0.92335 -0.04862 0.0609202 -0.996958 -0.56631 0.790706 -0.232545 -0.364811 0.928708 -0.0664441 -0.375047 0.766727 -0.521027 -0.538182 0.751426 -0.381731 -0.42736 0.873671 -0.232515 -0.334573 0.683984 -0.648249 -0.406136 0.830282 -0.381688 -0.286001 0.584688 -0.759173 -0.375047 0.766727 -0.521027 -0.230114 0.470432 -0.851905 -0.334572 0.683983 -0.64825 -0.102847 0.210257 -0.972221 -0.286003 0.584689 -0.759171 -0.0353196 0.072206 -0.996764 -0.230113 0.470431 -0.851905 -0.168723 0.344927 -0.923341 -0.0413107 0.0658706 -0.996973 -0.136316 0.190255 -0.972225 -0.42736 0.873671 -0.232515 -0.214391 0.973968 -0.0736381 -0.244639 0.817665 -0.521129 -0.406137 0.830282 -0.381686 -0.278802 0.931752 -0.232613 -0.218198 0.729406 -0.648349 -0.264919 0.88545 -0.381832 -0.186479 0.623504 -0.759255 -0.244592 0.817636 -0.521197 -0.149995 0.501656 -0.851964 -0.218139 0.72936 -0.648421 -0.10994 0.367822 -0.923374 -0.18641 0.623446 -0.75932 -0.0231014 0.0773672 -0.996735 -0.149924 0.501593 -0.852014 -0.0343418 0.0717844 -0.996829 -0.109872 0.367762 -0.923406 -0.0252274 0.0739311 -0.996944 -0.27882 0.931756 -0.232575 -0.0771921 0.993359 -0.0853143 -0.126676 0.843736 -0.521596 -0.264952 0.885465 -0.381776 -0.144448 0.961709 -0.232919 -0.112912 0.752525 -0.648812 -0.137195 0.913803 -0.382285 -0.0337968 0.648869 -0.76015 -0.126588 0.843668 -0.521727 -0.0774841 0.517366 -0.852249 -0.112807 0.752428 -0.648943 -0.0567293 0.379282 -0.92354 -0.0963029 0.64302 -0.759771 -0.0345222 0.23118 -0.972298 -0.0773627 0.517233 -0.852341 -0.0566202 0.379161 -0.923597 -0.0171954 0.0755819 -0.996991 -0.0669376 0.224176 -0.972247 -0.144486 0.961721 -0.232846 -0.0323739 0.995499 -0.0890698 -0.048319 0.922618 -0.382676 -0.137258 0.913838 -0.382178 -0.0483683 0.922648 -0.382599 -0.0445415 0.851671 -0.52218 -0.0446062 0.851724 -0.522089 -0.0396433 0.75942 -0.649391 -0.0397208 0.759497 -0.649297 -0.012146 0.649453 -0.760305 -0.033877 0.648958 -0.760069 -0.0271069 0.521837 -0.852615 -0.0271852 0.521931 -0.852554 -0.0198036 0.38247 -0.923756 -0.0198719 0.382556 -0.923719 -0.012024 0.233078 -0.972384 -0.0120714 0.233138 -0.972369 -0.00491829 0.0782777 -0.99692 -0.052078 0.992885 -0.107086 -0.00108809 0.980748 -0.195274 0.00229737 0.946842 -0.321692 0.0026479 0.896748 -0.442534 -0.0198641 0.923602 -0.382838 0.000302554 0.831368 -0.555722 -0.0179534 0.852531 -0.522368 -0.00534733 0.751859 -0.659302 -0.00470266 0.659286 -0.751877 -0.0128204 0.760192 -0.649573 0.00229053 0.555411 -0.831573 -0.0160029 0.52213 -0.852716 0.00620374 0.442044 -0.896972 0.00734495 0.321167 -0.946994 -0.0167048 0.382547 -0.923785 0.00493361 0.195148 -0.980761 -0.0142392 0.233027 -0.972366 -0.00896689 0.0753519 -0.997117 0.76016 -0.0124014 -0.649617 0.443372 -0.618996 -0.648279 0.271472 -0.271452 -0.923372 0.102848 -0.210257 -0.972221 0.223585 -0.312114 -0.92336 0.0669872 -0.224218 -0.972234 0.168722 -0.344927 -0.923341 0.0344404 -0.231091 -0.972322 0.0108108 -0.0781573 -0.996882 0.00237048 -0.0783138 -0.996926 0.52903 -0.379076 -0.759229 0.00408107 -0.0791092 -0.996858 -1.90952e-05 -0.065658 -0.997842 0.0509359 -0.97111 -0.233132 0.584663 -0.28606 -0.75917 0.648945 -0.0341277 -0.76007 0.759476 -0.0400657 -0.649301 0.923598 -0.0192873 -0.382877 0.831575 0.000631818 -0.555413 0.649414 -0.0118408 -0.760343 0.952694 -0.285163 -0.105147 0.522086 -0.0157719 -0.852747 0.751876 -0.00498257 -0.659286 0.55572 0.0026085 -0.831365 0.659306 -0.00438279 -0.751862 0.382511 -0.0165452 -0.923803 0.648806 -0.0342274 -0.760184 0.233 -0.0141494 -0.972374 0.321684 0.00735977 -0.946818 0.065472 2.73263e-05 -0.997854 0.195272 0.00497304 -0.980736 0.947016 0.00288602 -0.321174 0.984707 -0.147992 -0.0919314 0.896985 0.00308625 -0.44205 0.954331 -0.281926 -0.0988481 0.980773 -0.000511185 -0.195151 0.994784 -0.0838585 -0.0580813 0.852514 -0.0174438 -0.522413 0.996406 -0.0132539 -0.0836638 0.8517 -0.0450457 -0.52209 0.996257 -0.0421723 -0.0754529 0.843745 -0.12665 -0.521589 0.997854 -0.00053703 -0.065472 0.643159 -0.0963667 -0.759644 0.379156 -0.0567375 -0.923592 0.752539 -0.11287 -0.648803 0.817657 -0.244663 -0.52113 0.7294 -0.21821 -0.648352 0.623503 -0.186477 -0.759256 0.683955 -0.33464 -0.648245 0.618948 -0.443444 -0.648275 0.766693 -0.375123 -0.521023 0.304933 -0.425698 -0.851937 0.603513 -0.603508 -0.521105 0.693813 -0.497081 -0.52109 0.096423 -0.643144 -0.75965 0.496985 -0.69389 -0.521079 0.284711 -0.95144 -0.117052 0.436441 -0.892235 -0.115914 0.0509083 -0.9711 -0.233179 0.147607 -0.982494 -0.113652 0.012544 -0.995437 -0.0945948 0.0186112 -0.97223 -0.233288 -0.0077014 -0.997813 -0.0656561 0.987706 -0.137113 -0.0750831 0.972233 -0.0180478 -0.233319 0.994965 -0.0528404 -0.0851639 0.892864 -0.435766 -0.113593 0.971078 -0.0515311 -0.233137 0.892253 -0.436555 -0.115343 0.922619 -0.0488925 -0.382602 0.752416 -0.112941 -0.648934 0.851616 -0.0451299 -0.52222 0.233046 -0.0121539 -0.97239 0.759359 -0.0401619 -0.649431 0.379302 -0.0566702 -0.923536 0.0797493 -0.00413756 -0.996806 0.442526 0.00638538 -0.896733 0.521923 -0.0273423 -0.852554 0.0753532 -0.00893186 -0.997117 0.382554 -0.0199511 -0.923718 0.0786047 -0.00169604 -0.996904 0.971059 -0.0515708 -0.233207 0.976338 -0.209256 -0.0545609 0.807537 -0.578392 -0.115523 0.92257 -0.048957 -0.38271 0.961718 -0.144502 -0.232846 0.807468 -0.578456 -0.115686 0.913842 -0.137252 -0.382171 0.729331 -0.218234 -0.648421 0.843657 -0.126711 -0.521715 0.231086 -0.0345258 -0.97232 0.382424 -0.0200343 -0.92377 0.521776 -0.02744 -0.852641 0.643011 -0.0964419 -0.759761 0.231192 -0.0344755 -0.972297 0.517385 -0.0774223 -0.852243 0.0782868 -0.0104504 -0.996876 0.0783849 -0.00550528 -0.996908 0.233138 -0.0120957 -0.972368 0.961696 -0.144534 -0.232916 0.931263 -0.359204 -0.0610029 0.702479 -0.702455 -0.114369 0.91379 -0.137301 -0.382277 0.931739 -0.278873 -0.232577 0.702457 -0.702469 -0.114413 0.885454 -0.264991 -0.381775 0.683953 -0.33464 -0.648247 0.817607 -0.244686 -0.521199 0.367743 -0.109946 -0.923405 0.22416 -0.0669886 -0.972247 0.517225 -0.0774975 -0.852334 0.623415 -0.186503 -0.759322 0.0776583 -0.0231945 -0.99671 0.501659 -0.149984 -0.851964 0.0793881 -0.0118384 -0.996773 0.367828 -0.109923 -0.923374 0.0759073 -0.0175087 -0.996961 0.931725 -0.278887 -0.232616 0.856684 -0.511574 -0.0662232 0.578418 -0.807649 -0.114612 0.885423 -0.26501 -0.381833 0.873629 -0.427444 -0.232515 0.578438 -0.80764 -0.114574 0.830245 -0.406217 -0.381682 0.344914 -0.168757 -0.923339 0.766693 -0.375123 -0.521023 0.210249 -0.102869 -0.972221 0.210249 -0.102869 -0.972221 0.501568 -0.150009 -0.852014 0.584665 -0.28606 -0.759169 0.0717885 -0.0343475 -0.996828 0.470412 -0.23016 -0.851903 0.344914 -0.168757 -0.923339 0.073846 -0.0255651 -0.996942 0.224224 -0.06697 -0.972234 0.87363 -0.427444 -0.232513 0.760661 -0.645716 -0.0666747 0.437991 -0.891831 -0.113145 0.830245 -0.406217 -0.381682 0.790636 -0.566406 -0.23255 0.618912 -0.443444 -0.64831 0.751352 -0.53828 -0.381738 0.538362 -0.538358 -0.648334 0.693841 -0.497079 -0.521054 0.312098 -0.223655 -0.923349 0.190237 -0.136345 -0.972224 0.470413 -0.23016 -0.851903 0.529077 -0.379078 -0.759195 0.0659196 -0.0472532 -0.996705 0.425627 -0.305012 -0.851944 0.0722147 -0.0353326 -0.996763 0.312053 -0.223652 -0.923365 0.0658123 -0.0414027 -0.996973 0.790643 -0.566403 -0.232534 0.645632 -0.760775 -0.066181 0.287723 -0.951157 -0.11187 0.75137 -0.538276 -0.381709 0.687715 -0.687724 -0.23256 0.538371 -0.538359 -0.648325 0.653552 -0.653555 -0.381753 0.460205 -0.460184 -0.759238 0.603505 -0.603508 -0.521115 0.165479 -0.165462 -0.972234 0.16549 -0.165464 -0.972232 0.425672 -0.305015 -0.851921 0.460191 -0.460181 -0.759249 0.0566068 -0.056598 -0.996791 0.370269 -0.370243 -0.851951 0.271484 -0.271455 -0.923368 0.0608952 -0.0486249 -0.996959 0.190202 -0.136343 -0.972231 0.687713 -0.687724 -0.232565 0.512133 -0.856424 -0.0652537 0.142944 -0.983995 -0.106396 0.653548 -0.653556 -0.38176 0.566315 -0.790706 -0.232533 0.443351 -0.618989 -0.6483 0.538194 -0.751427 -0.381712 0.378989 -0.52911 -0.759217 0.497002 -0.693894 -0.521057 0.0117592 -0.0789031 -0.996813 0.136296 -0.190247 -0.972229 0.370257 -0.37024 -0.851958 0.379015 -0.52912 -0.759197 0.0472612 -0.065962 -0.996702 0.30496 -0.42571 -0.851922 0.0566104 -0.0565984 -0.996791 0.223611 -0.312125 -0.92335 0.04862 -0.0609202 -0.996958 0.56631 -0.790706 -0.232545 0.364811 -0.928708 -0.0664441 0.375047 -0.766727 -0.521027 0.538182 -0.751426 -0.381731 0.42736 -0.873671 -0.232515 0.334573 -0.683984 -0.648249 0.406136 -0.830282 -0.381688 0.286001 -0.584688 -0.759173 0.375047 -0.766727 -0.521027 0.230114 -0.470432 -0.851905 0.334572 -0.683983 -0.64825 0.102847 -0.210257 -0.972221 0.286003 -0.584689 -0.759171 0.0353196 -0.072206 -0.996764 0.230113 -0.470431 -0.851905 0.168723 -0.344927 -0.923341 0.0413107 -0.0658706 -0.996973 0.136316 -0.190255 -0.972225 0.42736 -0.873671 -0.232515 0.214391 -0.973968 -0.0736381 0.244639 -0.817665 -0.521129 0.406137 -0.830282 -0.381686 0.278802 -0.931752 -0.232613 0.218198 -0.729406 -0.648349 0.264919 -0.88545 -0.381832 0.186479 -0.623504 -0.759255 0.244592 -0.817636 -0.521197 0.149995 -0.501656 -0.851964 0.218139 -0.72936 -0.648421 0.10994 -0.367822 -0.923374 0.18641 -0.623446 -0.75932 0.0231014 -0.0773672 -0.996735 0.149924 -0.501593 -0.852014 0.0343418 -0.0717844 -0.996829 0.109872 -0.367762 -0.923406 0.0252274 -0.0739311 -0.996944 0.27882 -0.931756 -0.232575 0.0771921 -0.993359 -0.0853143 0.126676 -0.843736 -0.521596 0.264952 -0.885465 -0.381776 0.144448 -0.961709 -0.232919 0.112912 -0.752525 -0.648812 0.137195 -0.913803 -0.382285 0.0337968 -0.648869 -0.76015 0.126588 -0.843668 -0.521727 0.0774841 -0.517366 -0.852249 0.112807 -0.752428 -0.648943 0.0567293 -0.379282 -0.92354 0.0963029 -0.64302 -0.759771 0.0345222 -0.23118 -0.972298 0.0773627 -0.517233 -0.852341 0.0566202 -0.379161 -0.923597 0.0171954 -0.0755819 -0.996991 0.0669376 -0.224176 -0.972247 0.144486 -0.961721 -0.232846 0.0323739 -0.995499 -0.0890698 0.048319 -0.922618 -0.382676 0.137258 -0.913838 -0.382178 0.0483683 -0.922648 -0.382599 0.0445415 -0.851671 -0.52218 0.0446062 -0.851724 -0.522089 0.0396433 -0.75942 -0.649391 0.0397208 -0.759497 -0.649297 0.0121125 -0.649453 -0.760305 0.033877 -0.648958 -0.760069 0.0271069 -0.521837 -0.852615 0.0271852 -0.521931 -0.852554 0.0198036 -0.38247 -0.923756 0.0198719 -0.382556 -0.923719 0.012024 -0.233078 -0.972384 0.0120714 -0.233138 -0.972369 0.00491829 -0.0782777 -0.99692 0.052078 -0.992885 -0.107086 0.00100593 -0.980789 -0.195068 -0.00238992 -0.947034 -0.321125 -0.00266816 -0.896934 -0.442156 0.0198359 -0.923602 -0.382838 -0.000225278 -0.831665 -0.555277 0.0178569 -0.852533 -0.522368 0.00523526 -0.751753 -0.659424 0.00459217 -0.659408 -0.751771 0.0128179 -0.760192 -0.649573 -0.00242258 -0.555696 -0.831382 0.0159525 -0.522131 -0.852716 -0.00631601 -0.442472 -0.89676 -0.00733266 -0.321801 -0.946779 0.0166161 -0.382549 -0.923786 -0.00504385 -0.19511 -0.980768 0.0142262 -0.233028 -0.972366 0.00884667 -0.0754059 -0.997114 2.89866e-06 0.75187 -0.659312 8.13971e-07 0.831368 -0.555722 8.28411e-07 0.751779 -0.659415 1.27981e-06 0.896751 -0.442535 1.2612e-06 0.831385 -0.555698 2.18221e-06 0.946844 -0.321693 2.19824e-06 0.896778 -0.442481 3.45362e-07 0.980749 -0.195274 3.23386e-07 0.946804 -0.321809 2.8153e-06 0.997854 -0.065472 2.83428e-06 0.980781 -0.195113 0 0.997842 -0.065658 2.89824e-06 0.659433 -0.751763 8.14698e-08 0.555277 -0.831665 9.6731e-08 0.659294 -0.751886 2.55875e-06 0.442157 -0.896937 2.54304e-06 0.555413 -0.831575 7.66443e-07 0.321126 -0.947036 7.86907e-07 0.442052 -0.896989 1.5682e-06 0.195068 -0.98079 1.55318e-06 0.321176 -0.94702 2.81536e-06 0.065658 -0.997842 2.83428e-06 0.195151 -0.980773 0 0.065472 -0.997854 0.659312 2.89866e-06 -0.75187 0.555722 8.14051e-07 -0.831368 0.659415 8.28197e-07 -0.751779 0.442535 1.2798e-06 -0.896751 0.555698 1.26118e-06 -0.831385 0.321693 2.18221e-06 -0.946844 0.442481 2.19824e-06 -0.896778 0.195274 3.45411e-07 -0.980749 0.321809 3.23678e-07 -0.946804 0.065472 2.8153e-06 -0.997854 0.195113 2.83421e-06 -0.980781 0.065658 0 -0.997842 0.751763 2.89824e-06 -0.659433 0.831665 8.14698e-08 -0.555277 0.751886 9.6731e-08 -0.659294 0.896937 2.55875e-06 -0.442157 0.831575 2.54304e-06 -0.555413 0.947036 7.66443e-07 -0.321126 0.896989 7.86907e-07 -0.442052 0.98079 1.5682e-06 -0.195068 0.94702 1.55318e-06 -0.321176 0.997842 2.81536e-06 -0.065658 0.980773 2.83428e-06 -0.195151 0.997854 0 -0.065472 0.0173959 0.852515 -0.522413 -0.00319796 0.896773 -0.442479 -0.000764001 0.831384 -0.555697 0.285163 0.952694 -0.105147 0.147992 0.984707 -0.0919314 0.281926 0.95433 -0.0988481 -0.00287995 0.946801 -0.321808 0.0528404 0.994965 -0.0851639 0.137113 0.987706 -0.0750832 0.0838585 0.994784 -0.0580813 0.0131451 0.996405 -0.0836945 0.0421723 0.996257 -0.0754529 0.0450457 0.8517 -0.52209 0.000537021 0.997842 -0.065658 0.0963667 0.643159 -0.759644 0.0567375 0.379156 -0.923592 0.21821 0.7294 -0.648352 0.97111 0.0509359 -0.233132 0.210257 0.102848 -0.972221 0.33464 0.683955 -0.648245 0.425698 0.304933 -0.851937 0.312114 0.223585 -0.92336 0.497081 0.693813 -0.52109 0.375123 0.766693 -0.521023 0.603508 0.603513 -0.521104 0.69389 0.496985 -0.521079 0.95144 0.284711 -0.117052 0.643144 0.096423 -0.75965 0.982494 0.147607 -0.113652 0.892235 0.436441 -0.115914 0.97223 0.0186112 -0.233288 0.9711 0.0509083 -0.233179 0.997813 -0.0077014 -0.0656561 0.995437 0.012544 -0.0945948 0.618996 0.443372 -0.648279 0.379076 0.52903 -0.759229 0.224218 0.0669872 -0.972234 0.344927 0.168722 -0.923341 0.231091 0.0344404 -0.972322 0.271452 0.271472 -0.923372 0.0791092 0.00408107 -0.996858 0.0781573 0.0108108 -0.996882 0.0783138 0.00237048 -0.996926 0.28606 0.584663 -0.75917 0.186477 0.623503 -0.759256 0.443444 0.618948 -0.648275 0.065658 -1.90932e-05 -0.997842 0.244663 0.817657 -0.52113 0.11287 0.752539 -0.648803 0.12665 0.843745 -0.521589 0.0400657 0.759476 -0.649301 0.0123688 0.760161 -0.649617 0.0341277 0.648945 -0.76007 0.0118386 0.649414 -0.760343 0.00487085 0.75177 -0.659407 0.0156731 0.522089 -0.852747 0.00427256 0.659427 -0.751756 0.0342274 0.648806 -0.760184 -0.00253485 0.555276 -0.831663 -0.00746293 0.321117 -0.94701 0.0165164 0.382512 -0.923803 -0.00506332 0.195066 -0.980777 0.0140863 0.233002 -0.972374 -2.7404e-05 0.065658 -0.997842 0.0180362 0.972233 -0.233319 0.000409775 0.980781 -0.195113 0.435766 0.892864 -0.113593 0.0192039 0.9236 -0.382878 0.0515311 0.971078 -0.233137 0.436555 0.892253 -0.115343 0.0488925 0.922619 -0.382602 0.112941 0.752416 -0.648934 0.0451299 0.851616 -0.52222 0.0121539 0.233046 -0.97239 0.0401619 0.759359 -0.649431 0.0566702 0.379302 -0.923536 0.00413756 0.0797493 -0.996806 -0.00641026 0.442148 -0.896919 0.0273423 0.521923 -0.852554 0.00881192 0.0754072 -0.997114 0.0199511 0.382554 -0.923718 0.00169604 0.0786047 -0.996904 0.0515708 0.971059 -0.233207 0.209256 0.976338 -0.0545609 0.578392 0.807537 -0.115523 0.048957 0.92257 -0.38271 0.144502 0.961718 -0.232846 0.578456 0.807468 -0.115686 0.137252 0.913842 -0.382171 0.218234 0.729331 -0.648421 0.126711 0.843657 -0.521715 0.0345258 0.231086 -0.97232 0.0200343 0.382424 -0.92377 0.02744 0.521776 -0.852641 0.0964419 0.643011 -0.759761 0.0344755 0.231192 -0.972297 0.0774223 0.517385 -0.852243 0.0104504 0.0782868 -0.996876 0.00550528 0.0783849 -0.996908 0.0120957 0.233138 -0.972368 0.144534 0.961696 -0.232916 0.359204 0.931263 -0.0610029 0.702455 0.702479 -0.114369 0.137301 0.91379 -0.382277 0.278873 0.931739 -0.232577 0.702469 0.702457 -0.114413 0.264991 0.885454 -0.381775 0.33464 0.683953 -0.648247 0.244686 0.817607 -0.521199 0.109946 0.367743 -0.923405 0.0669886 0.22416 -0.972247 0.0774975 0.517225 -0.852334 0.186503 0.623415 -0.759322 0.0231945 0.0776583 -0.99671 0.149984 0.501659 -0.851964 0.0118384 0.0793881 -0.996773 0.109923 0.367828 -0.923374 0.0175087 0.0759073 -0.996961 0.278887 0.931725 -0.232616 0.511574 0.856684 -0.0662232 0.807649 0.578418 -0.114612 0.26501 0.885423 -0.381833 0.427444 0.873629 -0.232515 0.80764 0.578438 -0.114574 0.406217 0.830245 -0.381682 0.168757 0.344914 -0.923339 0.375123 0.766693 -0.521023 0.102869 0.210249 -0.972221 0.102869 0.210249 -0.972221 0.150009 0.501568 -0.852014 0.28606 0.584665 -0.759169 0.0343475 0.0717885 -0.996828 0.23016 0.470412 -0.851903 0.168757 0.344914 -0.923339 0.0255651 0.073846 -0.996942 0.06697 0.224224 -0.972234 0.427444 0.87363 -0.232513 0.645716 0.760661 -0.0666747 0.891831 0.437991 -0.113145 0.406217 0.830245 -0.381682 0.566406 0.790636 -0.23255 0.443444 0.618912 -0.64831 0.53828 0.751352 -0.381738 0.538358 0.538362 -0.648334 0.497079 0.693841 -0.521054 0.223655 0.312098 -0.923349 0.136345 0.190237 -0.972224 0.23016 0.470413 -0.851903 0.379078 0.529077 -0.759195 0.0472532 0.0659196 -0.996705 0.305012 0.425627 -0.851944 0.0353326 0.0722147 -0.996763 0.223652 0.312053 -0.923365 0.0414027 0.0658123 -0.996973 0.566403 0.790643 -0.232534 0.760775 0.645632 -0.066181 0.951157 0.287723 -0.11187 0.538276 0.75137 -0.381709 0.687724 0.687715 -0.23256 0.538359 0.538371 -0.648325 0.653555 0.653552 -0.381753 0.460184 0.460205 -0.759238 0.603508 0.603505 -0.521115 0.165462 0.165479 -0.972234 0.165464 0.16549 -0.972232 0.305015 0.425672 -0.851921 0.460181 0.460191 -0.759249 0.056598 0.0566068 -0.996791 0.370243 0.370269 -0.851951 0.271455 0.271484 -0.923368 0.0486249 0.0608952 -0.996959 0.136343 0.190202 -0.972231 0.687724 0.687713 -0.232565 0.856424 0.512133 -0.0652537 0.983995 0.142944 -0.106396 0.653556 0.653548 -0.38176 0.790706 0.566315 -0.232533 0.618989 0.443351 -0.6483 0.751427 0.538194 -0.381712 0.52911 0.378989 -0.759217 0.693894 0.497002 -0.521057 0.0789031 0.0117592 -0.996813 0.190247 0.136296 -0.972229 0.37024 0.370257 -0.851958 0.52912 0.379015 -0.759197 0.065962 0.0472612 -0.996702 0.42571 0.30496 -0.851922 0.0565984 0.0566104 -0.996791 0.312125 0.223611 -0.92335 0.0609202 0.04862 -0.996958 0.790706 0.56631 -0.232545 0.928708 0.364811 -0.0664441 0.766727 0.375047 -0.521027 0.751426 0.538182 -0.381731 0.873671 0.42736 -0.232515 0.683984 0.334573 -0.648249 0.830282 0.406136 -0.381688 0.584688 0.286001 -0.759173 0.766727 0.375047 -0.521027 0.470432 0.230114 -0.851905 0.683983 0.334572 -0.64825 0.210257 0.102847 -0.972221 0.584689 0.286003 -0.759171 0.072206 0.0353196 -0.996764 0.470431 0.230113 -0.851905 0.344927 0.168723 -0.923341 0.0658706 0.0413107 -0.996973 0.190255 0.136316 -0.972225 0.873671 0.42736 -0.232515 0.973968 0.214391 -0.0736381 0.817665 0.244639 -0.521129 0.830282 0.406137 -0.381686 0.931752 0.278802 -0.232613 0.729406 0.218198 -0.648349 0.88545 0.264919 -0.381832 0.623504 0.186479 -0.759255 0.817636 0.244592 -0.521197 0.501656 0.149995 -0.851964 0.72936 0.218139 -0.648421 0.367822 0.10994 -0.923374 0.623446 0.18641 -0.75932 0.0773672 0.0231014 -0.996735 0.501593 0.149924 -0.852014 0.0717844 0.0343418 -0.996829 0.367762 0.109872 -0.923406 0.0739311 0.0252274 -0.996944 0.931756 0.27882 -0.232575 0.993359 0.0771921 -0.0853143 0.843736 0.126676 -0.521596 0.885465 0.264952 -0.381776 0.961709 0.144448 -0.232919 0.752525 0.112912 -0.648812 0.913803 0.137195 -0.382285 0.648869 0.0337968 -0.76015 0.843668 0.126588 -0.521727 0.517366 0.0774841 -0.852249 0.752428 0.112807 -0.648943 0.379282 0.0567293 -0.92354 0.64302 0.0963029 -0.759771 0.23118 0.0345222 -0.972298 0.517233 0.0773627 -0.852341 0.379161 0.0566202 -0.923597 0.0755819 0.0171954 -0.996991 0.224176 0.0669376 -0.972247 0.961721 0.144486 -0.232846 0.995499 0.0323739 -0.0890698 0.922618 0.048319 -0.382676 0.913838 0.137258 -0.382178 0.922648 0.0483683 -0.382599 0.851671 0.0445415 -0.52218 0.851724 0.0446062 -0.522089 0.75942 0.0396433 -0.649391 0.759497 0.0397208 -0.649297 0.649453 0.0121125 -0.760305 0.648958 0.033877 -0.760069 0.521837 0.0271069 -0.852615 0.521931 0.0271852 -0.852554 0.38247 0.0198036 -0.923756 0.382556 0.0198719 -0.923719 0.233078 0.012024 -0.972384 0.233138 0.0120714 -0.972369 0.0782777 0.00491829 -0.99692 0.992885 0.052078 -0.107086 0.980789 0.00100593 -0.195068 0.947034 -0.00238992 -0.321125 0.896934 -0.00266816 -0.442156 0.923602 0.0198359 -0.382838 0.831665 -0.000225278 -0.555277 0.852533 0.0178569 -0.522368 0.751753 0.00523526 -0.659424 0.659408 0.00459217 -0.751771 0.760192 0.0128179 -0.649573 0.555696 -0.00242258 -0.831382 0.522131 0.0159525 -0.852716 0.442472 -0.00631601 -0.89676 0.321801 -0.00733266 -0.946779 0.382549 0.0166161 -0.923786 0.19511 -0.00504385 -0.980768 0.233028 0.0142262 -0.972366 0.0754059 0.00884667 -0.997114 1 0 0 1 0 0 1 0 0 1 0 0 1 0 0 1 0 0 1 0 0 1 0 0 1 0 0 1 0 0 1 0 0 1 0 0 1 0 0 1 0 0 1 0 0 1 0 0 1 0 0 1 0 0 1 0 0 1 0 0 1 0 0 1 0 0 1 0 0 1 0 0 1 0 0 1 0 0 1 0 0 1 0 0 1 0 0 1 0 0 1 0 0 1 0 0 1 0 0 1 0 0 1 0 0 1 0 0 1 0 0 1 0 0 1 0 0 1 0 0 1 0 0 1 0 0 1 0 0 1 0 0 1 0 0 1 0 0 1 0 0 1 0 0 1 0 0 1 0 0 1 0 0 1 0 0 1 0 0 1 0 0 1 0 0 1 0 0 1 0 0 1 0 0 1 0 0 1 0 0 1 0 0 1 0 0 1 0 0 1 0 0 1 0 0 1 0 0 1 0 0 1 0 0 1 0 0 1 0 0 1 0 0 1 0 0 1 0 0 1 0 0 1 0 0 1 0 0 1 0 0 1 0 0 1 0 0 1 0 0 1 0 0 1 0 0 1 0 0 1 0 0 1 0 0 1 0 0 1 0 0 1 0 0 1 0 0 1 0 0 1 0 0 1 0 0 1 0 0 1 0 0 1 0 0 1 0 0 1 0 0 1 0 0 1 0 0 1 0 0 1 0 0 1 0 0 1 0 0 1 0 0 1 0 0 1 0 0 1 0 0 1 0 0 1 0 0 1 0 0 1 0 0 1 0 0 1 0 0 1 0 0 1 0 0 1 0 0 1 0 0 1 0 0 1 0 0 1 0 0 1 0 0 1 0 0 1 0 0 1 0 0 0 -0.649449 -0.760405 0 -0.233437 -0.972372 0 -0.522501 -0.852639 0 -0.0784609 -0.996917 0 -0.0784609 -0.996917 0 -0.382683 -0.92388 0 -0.233437 -0.972372 0 -0.522501 -0.852639 0 -0.382683 -0.92388 0 -0.649449 -0.760405 0 -0.707107 -0.707107 0 -0.707107 -0.707107 0 -0.996917 -0.0784609 0 -0.852641 -0.522498 0 -0.972371 -0.23344 0 -0.760405 -0.649449 0 -0.760405 -0.649449 0 -0.923878 -0.382687 0 -0.852641 -0.522498 0 -0.972371 -0.23344 0 -0.923878 -0.382687 0 -0.996917 -0.0784609 0 -1 0 0 -1 0 0 -0.0784408 0.996919 0 -0.522505 0.852636 0 -0.233456 0.972367 0 -0.852641 0.522498 0 -0.649444 0.760409 0 -0.972369 0.233449 0 -0.923878 0.382687 0 -0.996917 0.0784609 0 -0.972369 0.233449 0 -0.996917 0.0784609 0 -0.852641 0.522498 0 -0.923878 0.382687 0 -0.760414 0.649439 0 -0.760414 0.649439 0 -0.522505 0.852636 0 -0.649444 0.760409 0 -0.38268 0.923881 0 -0.38268 0.923881 0 -0.0784408 0.996919 0 -0.233456 0.972367 0 0 1 0 0 1 0 0.996917 0.0784609 0 0.852641 0.522498 0 0.972369 0.233449 0 0.522505 0.852636 0 0.760414 0.649439 0 0.233456 0.972367 0 0.38268 0.923881 0 0.0784408 0.996919 0 0.233456 0.972367 0 0.0784408 0.996919 0 0.522505 0.852636 0 0.38268 0.923881 0 0.649444 0.760409 0 0.649444 0.760409 0 0.852641 0.522498 0 0.760414 0.649439 0 0.923878 0.382687 0 0.923878 0.382687 0 0.996917 0.0784609 0 0.972369 0.233449 0 1 0 0 1 0 0 0.0784609 -0.996917 0 0.522505 -0.852636 0 0.233437 -0.972372 0 0.852646 -0.522489 0 0.649444 -0.760409 0 0.97237 -0.233445 0 0.923878 -0.382687 0 0.996917 -0.0784609 0 0.97237 -0.233445 0 0.996917 -0.0784609 0 0.852646 -0.522489 0 0.923878 -0.382687 0 0.760405 -0.649449 0 0.760405 -0.649449 0 0.522505 -0.852636 0 0.649444 -0.760409 0 0.38268 -0.923881 0 0.38268 -0.923881 0 0.0784609 -0.996917 0 0.233437 -0.972372 0 0 -1 0 0 -1 0 -0.996917 -0.0784584 0 -0.852645 -0.522491 0 -0.972371 -0.233442 0 -0.522503 -0.852638 0 -0.760403 -0.649452 0 -0.233438 -0.972372 0 -0.382682 -0.92388 0 -0.0784609 -0.996917 0 -0.233438 -0.972372 0 -0.0784609 -0.996917 0 -0.522503 -0.852638 0 -0.382682 -0.92388 0 -0.649446 -0.760407 0 -0.649446 -0.760407 0 -0.852645 -0.522491 0 -0.760403 -0.649452 0 -0.923877 -0.382689 0 -0.923877 -0.382689 0 -0.996917 -0.0784584 0 -0.972371 -0.233442 0 -1 0 0 -1 0 0 -0.760401 -0.649454 0 -0.852639 -0.5225 0 -0.760401 -0.649454 0 -0.923881 -0.382679 0 -0.852639 -0.5225 0 -0.97237 -0.233445 0 -0.923881 -0.382679 0 -0.996917 -0.0784603 0 -0.97237 -0.233445 0 -0.996917 -0.0784603 0 -0.649454 -0.760401 0 -0.522504 -0.852637 0 -0.649454 -0.760401 0 -0.38267 -0.923885 0 -0.522504 -0.852637 0 -0.233457 -0.972367 0 -0.38267 -0.923885 0 -0.0784676 -0.996917 0 -0.233457 -0.972367 0 -0.0784676 -0.996917 0 0.00166256 -0.999999 0 0.00166256 -0.999999 1.68331e-06 0.400392 -0.916344 -9.62721e-08 0.244741 -0.969588 -2.76022e-06 0.244605 -0.969623 0 0.0818205 -0.996647 -1.6691e-06 0.0817325 -0.996654 -1.01738e-06 0.400262 -0.916401 2.38273e-07 0.545194 -0.83831 1.00752e-06 0.545228 -0.838288 2.63835e-06 0.675373 -0.737477 0 0.67527 -0.737571 0 0.733761 -0.679408 0 0.733761 -0.679408 0 0.0822824 -0.996609 0 0.545247 -0.838275 0 0.244645 -0.969613 0 0.675357 -0.737491 0 0.675357 -0.737491 0 0.400381 -0.916349 0 0.545247 -0.838275 0 0.244645 -0.969613 0 0.400381 -0.916349 0 0.0822824 -0.996609 0 0 -1 0 0 -1 1 0 0 1 0 0 1 0 0 1 0 0 1 0 0 1 0 0 1 0 0 1 0 0 1 0 0 1 0 0 1 0 0 1 0 0 1 0 0 1 0 0 1 0 0 1 0 0 1 0 0 1 0 0 1 0 0 1 0 0 1 0 0 1 0 0 1 0 0 1 0 0 1 0 0 1 0 0 1 0 0 1 0 0 1 0 0 1 0 0 1 0 0 1 0 0 1 0 0 1 0 0 1 0 0 1 0 0 1 0 0 1 0 0 1 0 0 1 0 0 1 0 0 1 0 0 1 0 0 1 0 0 1 0 0 1 0 0 1 0 0 1 0 0 1 0 0 1 0 0 1 0 0 1 0 0 1 0 0 1 0 0 1 0 0 1 0 0 1 0 0 1 0 0 1 0 0 1 0 0 1 0 0 1 0 0 1 0 0 1 0 0 1 0 0 1 0 0 1 0 0 1 0 0 1 0 0 1 0 0 1 0 0 1 0 0 1 0 0 1 0 0 1 0 0 1 0 0 1 0 0 0.999401 -0.0346189 -0.000371598 0.999997 0.0024082 0 0.973352 -0.229311 -0.00165237 0.989203 -0.146547 0.000913581 0.87352 -0.486786 -0.00143687 0.917172 -0.398488 0.00164596 0.705896 -0.708315 -0.00103715 0.770071 -0.637957 0.00122592 0.484108 -0.875008 -0.000311226 0.564647 -0.825332 0.000663187 0.225467 -0.974251 0.000373124 0.311315 -0.950307 8.16378e-05 0.142764 -0.989757 0.000101266 0.225282 -0.974294 0.000227037 0.0826091 -0.996582 1.58013e-05 0.143148 -0.989701 0.000398999 0.0401745 -0.999193 -3.07209e-05 0.0829998 -0.996549 0.000317666 -0.00251121 -0.999997 -0.000203131 0.0402855 -0.999188 5.47324e-05 0.311114 -0.950373 -7.98322e-05 -0.00224625 -0.999997 0 0.398052 -0.917363 -0.000686542 0.485406 -0.874289 0.000815169 0.399258 -0.916838 0.000317733 0.996974 -0.0777409 0.000501194 0.637867 -0.770146 -0.000870699 0.563722 -0.825964 -0.000186514 0.707794 -0.706419 0.000985428 0.639227 -0.769018 0.000458489 0.824673 -0.565609 -0.000841752 0.768568 -0.639768 -0.00054084 0.875191 -0.483777 0.0011351 0.825995 -0.563677 0.00090288 0.949107 -0.314952 -0.000977773 0.915682 -0.401901 -0.00111119 0.974135 -0.225965 0.00087235 0.95011 -0.311913 0.00138509 0.996827 -0.0795965 -0.000876154 0.988689 -0.149972 -0.00164739 0.999997 0.00228386 -9.42593e-05 0.999432 -0.0336973 0.0003176 0 -1 0 0 -1 0 -0.0346189 -0.999401 -0.000371598 0.0024082 -0.999997 0 -0.229311 -0.973352 -0.00165237 -0.146547 -0.989203 0.000913581 -0.486786 -0.87352 -0.00143687 -0.398488 -0.917172 0.00164596 -0.708315 -0.705896 -0.00103715 -0.637957 -0.770071 0.00122592 -0.875008 -0.484108 -0.000311226 -0.825332 -0.564647 0.000663187 -0.974251 -0.225467 0.000373124 -0.950307 -0.311315 8.16378e-05 -0.989757 -0.142764 0.000101266 -0.974294 -0.225282 0.000227037 -0.996582 -0.0826091 1.58013e-05 -0.989701 -0.143148 0.000398999 -0.999193 -0.0401745 -3.07209e-05 -0.996549 -0.0829998 0.000317666 -0.999997 0.00251121 -0.000203131 -0.999188 -0.0402855 5.47324e-05 -0.950373 -0.311114 -7.98322e-05 -0.999997 0.00224625 0 -0.917363 -0.398052 -0.000686542 -0.874289 -0.485406 0.000815169 -0.916838 -0.399258 0.000317733 -0.770146 -0.637867 -0.000870699 -0.825964 -0.563722 -0.000186514 -0.706419 -0.707794 0.000985428 -0.769018 -0.639227 0.000458489 -0.565609 -0.824673 -0.000841752 -0.639768 -0.768568 -0.00054084 -0.563677 -0.825995 0.00090288 -0.401901 -0.915682 -0.00111117 -0.483777 -0.875191 0.0011351 -0.314952 -0.949107 -0.000977773 -0.225965 -0.974135 0.00087235 -0.311913 -0.95011 0.00138509 -0.0777409 -0.996974 0.000501192 -0.0795965 -0.996827 -0.000876154 -0.149972 -0.988689 -0.00164739 0.00228386 -0.999997 -9.42593e-05 -0.0336973 -0.999432 0.0003176 -1 0 0 -1 0 0 -0.999401 0.0346189 -0.000371598 -0.999997 -0.0024082 0 -0.973352 0.229311 -0.00165237 -0.989203 0.146547 0.000913581 -0.87352 0.486786 -0.00143687 -0.917172 0.398488 0.00164596 -0.705896 0.708315 -0.00103715 -0.770071 0.637957 0.00122592 -0.484108 0.875008 -0.000311226 -0.564647 0.825332 0.000663187 -0.225467 0.974251 0.000373124 -0.311315 0.950307 8.16378e-05 -0.142764 0.989757 0.000101266 -0.225282 0.974294 0.000227037 -0.0826091 0.996582 1.58013e-05 -0.143148 0.989701 0.000398999 -0.0401745 0.999193 -3.07209e-05 -0.0829998 0.996549 0.000317666 0.00251121 0.999997 -0.000203131 -0.0402855 0.999188 5.47324e-05 -0.311114 0.950373 -7.98322e-05 0.00224625 0.999997 0 -0.398052 0.917363 -0.000686542 -0.485406 0.874289 0.000815169 -0.399258 0.916838 0.000317733 -0.996974 0.0777409 0.000501192 -0.637867 0.770146 -0.000870699 -0.563722 0.825964 -0.000186514 -0.996827 0.0795965 -0.000876154 -0.707794 0.706419 0.000985428 -0.639227 0.769018 0.000458489 -0.824673 0.565609 -0.000841752 -0.768568 0.639768 -0.00054084 -0.875191 0.483777 0.0011351 -0.825995 0.563677 0.00090288 -0.949107 0.314952 -0.000977773 -0.915682 0.401901 -0.00111119 -0.974135 0.225965 0.00087235 -0.95011 0.311913 0.00138509 -0.988689 0.149972 -0.00164739 -0.999997 -0.00228386 -9.42593e-05 -0.999432 0.0336973 0.0003176 0 1 0 0 1 0 0.0346189 0.999401 -0.000371598 -0.0024082 0.999997 0 0.229311 0.973352 -0.00165237 0.146547 0.989203 0.000913581 0.486786 0.87352 -0.00143687 0.398488 0.917172 0.00164596 0.708315 0.705896 -0.00103715 0.637957 0.770071 0.00122592 0.875008 0.484108 -0.000311226 0.825332 0.564647 0.000663187 0.974251 0.225467 0.000373124 0.950307 0.311315 8.16378e-05 0.989757 0.142764 0.000101266 0.974294 0.225282 0.000227037 0.996582 0.0826091 1.58013e-05 0.989701 0.143148 0.000398999 0.999193 0.0401745 -3.07209e-05 0.996549 0.0829998 0.000317666 0.999997 -0.00251121 -0.000203131 0.999188 0.0402855 5.47324e-05 0.950373 0.311114 -7.98322e-05 0.999997 -0.00224625 0 0.483777 0.875191 0.0011351 0.916838 0.399258 0.000317731 0.917363 0.398052 -0.000686542 0.874289 0.485406 0.000815169 0.770146 0.637867 -0.000870699 0.825964 0.563722 -0.000186514 0.706419 0.707794 0.000985428 0.769018 0.639227 0.000458489 0.565609 0.824673 -0.000841752 0.639768 0.768568 -0.00054084 0.563677 0.825995 0.00090288 0.314952 0.949107 -0.000977764 0.401901 0.915682 -0.00111117 0.0795965 0.996827 -0.000876154 0.311913 0.95011 0.00138509 0.0777409 0.996974 0.000501192 0.149972 0.988689 -0.00164739 0.225965 0.974135 0.00087235 -0.00228386 0.999997 -9.42593e-05 0.0336973 0.999432 0.0003176 1 0 0 1 0 0 0 0 1 0 0 1 0 0 1 0 0 1 0 0 1 0 0 1 0 0 1 0 0 1 0 0 1 0 0 1 0 0 1 0 0 1 0 0 1 0 0 1 0 0 1 0 0 1 0 0 1 0 0 1 0 0 1 0 0 1 0 0 1 0 0 1 0 0 1 0 0 1 0 0 1 0 0 1 0 0 1 0 0 1 0 0 1 0 0 1 0 0 1 0 0 1 0 0 1 0 0 1 0 0 1 0 0 1 0 0 1 0 0 1 0 0 1 0 0 1 0 0 1 0 0 1 0 0 1 0 0 1 0 0 1 0 0 1 0 0 1 0 0 1 0 0 1 0 0 1 0 0 1 0 0 1 0 0 1 0 0 1 0 0 1 0 0 1 0 0 1 0 0 1 0 0 1 0 0 1 0 0 1 0 0 1 0 0 1 0 0 1 0 0 1 0 0 1 0 0 1 0 0 1 0 0 1 0 0 1 0 0 1 0 0 1 0 0 1 0 0 1 0 0 1 0 0 1 0 0 1 0 0 1 0 0 1 0 0 1 0 0 1 0 0 1 0 0 1 0 0 1 0 0 1 0 0 1 -0.71815 -0.0244548 0.695458 -0.719238 -0.103744 0.686975 -0.707104 0.0017757 0.707107 -0.651336 -0.283639 0.703783 -0.694652 -0.16223 0.700814 -0.543893 -0.452097 0.706957 -0.617255 -0.343233 0.707946 -0.399336 -0.585175 0.705763 -0.499229 -0.500575 0.707245 -0.219993 -0.670113 0.708909 -0.341953 -0.619373 0.706714 -0.156111 -0.679702 0.716683 -0.1585 -0.683294 0.712732 -0.0974964 -0.681796 0.725016 -0.102287 -0.690445 0.716117 -0.0568727 -0.693698 0.718017 -0.0535433 -0.686656 0.725008 -0.0280101 -0.706398 0.707261 -0.0234515 -0.695552 0.718093 0.00161813 -0.707105 0.707107 0.00170232 -0.70688 0.707331 -0.217189 -0.66661 0.713064 -0.279395 -0.646275 0.710118 -0.342742 -0.620047 0.70574 -0.281932 -0.648905 0.706708 -0.451498 -0.545122 0.706394 -0.398674 -0.584709 0.706523 -0.698706 -0.161699 0.696896 -0.499915 -0.500888 0.706538 -0.451692 -0.545233 0.706183 -0.583313 -0.399386 0.707274 -0.543739 -0.452044 0.70711 -0.618568 -0.34343 0.706703 -0.584034 -0.399564 0.706579 -0.648214 -0.283476 0.706725 -0.678484 -0.222268 0.700183 -0.674089 -0.22245 0.704358 -0.724366 -0.0570571 0.687051 -0.708241 -0.106124 0.697949 -0.716293 -0.0593752 0.695269 -0.706373 -0.0284011 0.707269 -0.706867 0.00168581 0.707345 0 -0.707105 0.707108 0 -0.707105 0.707108 -0.707105 0 0.707108 -0.707105 0 0.707108 0.0244548 -0.71815 0.695458 0.103744 -0.719238 0.686975 -0.0017757 -0.707104 0.707107 0.283639 -0.651336 0.703783 0.16223 -0.694652 0.700814 0.452097 -0.543893 0.706957 0.343233 -0.617255 0.707946 0.585175 -0.399336 0.705763 0.500575 -0.499229 0.707245 0.670113 -0.219993 0.708909 0.619373 -0.341953 0.706714 0.679702 -0.156111 0.716683 0.683294 -0.1585 0.712732 0.681796 -0.0974964 0.725016 0.690445 -0.102287 0.716117 0.693698 -0.0568727 0.718017 0.686656 -0.0535433 0.725008 0.706398 -0.0280101 0.707261 0.695552 -0.0234515 0.718093 0.707105 0.00161813 0.707107 0.70688 0.00170232 0.707331 0.66661 -0.217189 0.713064 0.646275 -0.279395 0.710118 0.620047 -0.342742 0.70574 0.648905 -0.281932 0.706708 0.545122 -0.451498 0.706394 0.584709 -0.398674 0.706523 0.161699 -0.698706 0.696896 0.500888 -0.499915 0.706538 0.545233 -0.451692 0.706183 0.399386 -0.583313 0.707274 0.452044 -0.543739 0.70711 0.34343 -0.618568 0.706703 0.399564 -0.584034 0.706579 0.283476 -0.648214 0.706725 0.222268 -0.678484 0.700183 0.22245 -0.674089 0.704358 0.0570571 -0.724366 0.687051 0.106124 -0.708241 0.697949 0.0593752 -0.716293 0.695269 -0.0016858 -0.706867 0.707345 0.0284011 -0.706373 0.707269 -0.707105 -0.00161813 0.707107 -0.399386 0.583313 0.707274 -0.695552 0.0234515 0.718093 -0.683294 0.1585 0.712732 -0.681796 0.0974964 0.725016 -0.620047 0.342742 0.70574 -0.646275 0.279395 0.710118 -0.500888 0.499915 0.706538 -0.545122 0.451498 0.706394 -0.22245 0.674089 0.704358 -0.34343 0.618568 0.706703 -0.161699 0.698706 0.696896 -0.16223 0.694652 0.700814 -0.103744 0.719238 0.686975 -0.106124 0.708241 0.697949 -0.0593752 0.716293 0.695269 -0.0570571 0.724366 0.687051 -0.0284011 0.706373 0.707269 -0.0244548 0.71815 0.695458 0.00177569 0.707104 0.707107 0.00168581 0.706867 0.707345 -0.222268 0.678484 0.700183 -0.283639 0.651336 0.703783 -0.283476 0.648214 0.706725 -0.399564 0.584034 0.706579 -0.343233 0.617255 0.707946 -0.452044 0.543739 0.70711 -0.452097 0.543893 0.706957 -0.500575 0.499229 0.707245 -0.545233 0.451692 0.706183 -0.584709 0.398674 0.706523 -0.585175 0.399336 0.705763 -0.693698 0.0568727 0.718017 -0.619373 0.341953 0.706714 -0.670113 0.219993 0.708909 -0.648905 0.281932 0.706708 -0.679702 0.156111 0.716683 -0.66661 0.217189 0.713064 -0.686656 0.0535433 0.725008 -0.690445 0.102287 0.716117 -0.706398 0.0280101 0.707261 -0.70688 -0.00170232 0.707331 0.707105 0 0.707108 0.707105 0 0.707108 0 0.707105 0.707108 0 0.707105 0.707108 0.71815 0.0244548 0.695458 0.719238 0.103744 0.686975 0.707104 -0.0017757 0.707107 0.651336 0.283639 0.703783 0.694652 0.16223 0.700814 0.543893 0.452097 0.706957 0.617255 0.343233 0.707946 0.399336 0.585175 0.705763 0.499229 0.500575 0.707245 0.219993 0.670113 0.708909 0.341953 0.619373 0.706714 0.156111 0.679702 0.716683 0.1585 0.683294 0.712732 0.0974964 0.681796 0.725016 0.102287 0.690445 0.716117 0.0568727 0.693698 0.718017 0.0535433 0.686656 0.725008 0.0280101 0.706398 0.707261 0.0234515 0.695552 0.718093 -0.00161813 0.707105 0.707107 -0.00170232 0.70688 0.707331 0.217189 0.66661 0.713064 0.279395 0.646275 0.710118 0.342742 0.620047 0.70574 0.281932 0.648905 0.706708 0.451498 0.545122 0.706394 0.398674 0.584709 0.706523 0.698706 0.161699 0.696896 0.499915 0.500888 0.706538 0.451692 0.545233 0.706183 0.583313 0.399386 0.707274 0.543739 0.452044 0.70711 0.618568 0.34343 0.706703 0.584034 0.399564 0.706579 0.648214 0.283476 0.706725 0.678484 0.222268 0.700183 0.674089 0.22245 0.704358 0.724366 0.0570571 0.687051 0.708241 0.106124 0.697949 0.716293 0.0593752 0.695269 0.706867 -0.0016858 0.707345 0.706373 0.0284011 0.707269 0.967733 0.251977 0 0.996397 0.0848081 -8.65351e-18 0.721957 0.691938 0 0.82851 0.559975 0 0.292824 0.956166 0 0.450203 0.892926 0 -0.210679 0.977555 0 -0.042441 0.999099 0 -0.660676 0.750671 0 -0.524306 0.85153 0 -0.942877 0.333142 0 -0.873015 0.487694 0 -0.985616 -0.169 0 -1 0 0 -0.778036 -0.62822 0 -0.873015 -0.487694 0 -0.372857 -0.927889 0 -0.524306 -0.85153 0 0.127018 -0.9919 0 -0.042441 -0.999099 0 0.292824 -0.956166 0 0.127018 -0.9919 0 0.450203 -0.892926 0 0.292824 -0.956166 0 0.594632 -0.803998 0 0.450203 -0.892926 0 0.721957 -0.691938 0 0.594632 -0.803998 0 0.82851 -0.559975 0 0.721957 -0.691938 0 0.911229 -0.4119 0 0.82851 -0.559975 0 0.967733 -0.251977 0 0.911229 -0.4119 0 0.996397 -0.0848081 0 0.967733 -0.251977 0 -0.210679 -0.977555 0 0.996397 -0.0848081 0 -0.042441 -0.999099 0 -0.372857 -0.927889 0 -0.210679 -0.977555 0 -0.660676 -0.750671 0 -0.524306 -0.85153 0 -0.778036 -0.62822 0 -0.660676 -0.750671 0 -0.942877 -0.333142 0 -0.873015 -0.487694 0 -0.985616 -0.169 0 -0.942877 -0.333142 0 -0.985616 0.169 0 -1 0 0 -0.942877 0.333142 0 -0.985616 0.169 0 -0.778036 0.62822 0 -0.873015 0.487694 0 -0.660676 0.750671 0 -0.778036 0.62822 0 -0.372857 0.927889 0 -0.524306 0.85153 0 -0.210679 0.977555 0 -0.372857 0.927889 0 0.127018 0.9919 0 -0.042441 0.999099 0 0.292824 0.956166 0 0.127018 0.9919 0 0.594632 0.803998 0 0.450203 0.892926 0 0.721957 0.691938 0 0.594632 0.803998 0 0.911229 0.4119 0 0.82851 0.559975 0 0.967733 0.251977 0 0.911229 0.4119 0 0.996397 0.0848081 0 0 0 -1 0 0 -1 0 0 -1 0 0 -1 0 0 -1 0 0 -1 0 0 -1 0 0 -1 0 0 -1 0 0 -1 0 0 -1 0 0 -1 0 0 -1 0 0 -1 0 0 -1 0 0 -1 0 0 -1 0 0 -1 0 0 -1 0 0 -1 0 0 -1 0 0 -1 0 0 -1 0 0 -1 0 0 -1 0 0 -1 0 0 -1 0 0 -1 0 0 -1 0 0 -1 0 0 -1 0 0 -1 0 0 -1 0 0 -1 0 0 -1 0.967733 0.251977 0 0.996397 0.0848081 -8.65351e-18 0.721957 0.691938 0 0.82851 0.559975 0 0.292824 0.956166 0 0.450203 0.892926 0 -0.210679 0.977555 0 -0.042441 0.999099 0 -0.660676 0.750671 0 -0.524306 0.85153 0 -0.942877 0.333142 0 -0.873015 0.487694 0 -0.985616 -0.169 0 -1 0 0 -0.778036 -0.62822 0 -0.873015 -0.487694 0 -0.372857 -0.927889 0 -0.524306 -0.85153 0 0.127018 -0.9919 0 -0.042441 -0.999099 0 0.292824 -0.956166 0 0.127018 -0.9919 0 0.450203 -0.892926 0 0.292824 -0.956166 0 0.594632 -0.803998 0 0.450203 -0.892926 0 0.721957 -0.691938 0 0.594632 -0.803998 0 0.82851 -0.559975 0 0.721957 -0.691938 0 0.911229 -0.4119 0 0.82851 -0.559975 0 0.967733 -0.251977 0 0.911229 -0.4119 0 0.996397 -0.0848081 0 0.967733 -0.251977 0 -0.210679 -0.977555 0 0.996397 -0.0848081 0 -0.042441 -0.999099 0 -0.372857 -0.927889 0 -0.210679 -0.977555 0 -0.660676 -0.750671 0 -0.524306 -0.85153 0 -0.778036 -0.62822 0 -0.660676 -0.750671 0 -0.942877 -0.333142 0 -0.873015 -0.487694 0 -0.985616 -0.169 0 -0.942877 -0.333142 0 -0.985616 0.169 0 -1 0 0 -0.942877 0.333142 0 -0.985616 0.169 0 -0.778036 0.62822 0 -0.873015 0.487694 0 -0.660676 0.750671 0 -0.778036 0.62822 0 -0.372857 0.927889 0 -0.524306 0.85153 0 -0.210679 0.977555 0 -0.372857 0.927889 0 0.127018 0.9919 0 -0.042441 0.999099 0 0.292824 0.956166 0 0.127018 0.9919 0 0.594632 0.803998 0 0.450203 0.892926 0 0.721957 0.691938 0 0.594632 0.803998 0 0.911229 0.4119 0 0.82851 0.559975 0 0.967733 0.251977 0 0.911229 0.4119 0 0.996397 0.0848081 0 0 0 -1 0 0 -1 0 0 -1 0 0 -1 0 0 -1 0 0 -1 0 0 -1 0 0 -1 0 0 -1 0 0 -1 0 0 -1 0 0 -1 0 0 -1 0 0 -1 0 0 -1 0 0 -1 0 0 -1 0 0 -1 0 0 -1 0 0 -1 0 0 -1 0 0 -1 0 0 -1 0 0 -1 0 0 -1 0 0 -1 0 0 -1 0 0 -1 0 0 -1 0 0 -1 0 0 -1 0 0 -1 0 0 -1 0 0 -1 0 0 -1 0 0 1 0 0 1 0 0 1 0 0 1 0 0 1 0 0 1 0 0 1 0 0 1 0 0 1 0 0 1 0 0 1 0 0 1 0 0 1 0 0 1 0 0 1 0 0 1 0 0 1 0 0 1 0 0 1 0 0 1 0 0 1 0 0 1 0 0 1 0 0 1 0 0 1 0 0 1 0 0 1 0 0 1 0 0 1 0 0 1 0 0 1 0 0 1 0 0 1 0 0 1 0 0 1 0 0 1 0 0 1 0 0 1 0 0 1 0 0 1 0 0 1 0 0 1 0 0 1 0 0 1 0 0 1 0 0 1 0 0 1 0 0 1 0 0 1 0 0 1 0 0 1 0 0 1 0 0 1 0 0 1 0 0 1 0 0 1 0 0 1 0 0 1 0 0 1 0 0 1 0 0 1 0 0 1 0 0 1 0 0 1 0 0 1 0 0 1 0 0 1 0 0 1 0 0 1 0 0 1 0 0 1 0 0 1 0 0 1 0 0 1 0 0 1 0 0 1 0 0 1 0 0 1 0 0 1 0 0 1 0 0 1 0 0 1 0 0 1 0.996619 0.0821624 0 0.969707 0.244273 0 0.996619 0.0821624 0 0.916609 0.399785 0 0.969707 0.244273 0 0.83876 0.544502 0 0.916609 0.399785 0 0.73826 0.674516 0 0.83876 0.544502 0 0.617826 0.786315 0 0.73826 0.674516 0 0.480708 0.876881 0 0.617826 0.786315 0 0.330609 0.943768 0 0.480708 0.876881 0 0.330609 0.943768 0 0.996619 -0.0821624 0 0.969707 -0.244273 0 0.996619 -0.0821624 0 0.916609 -0.399785 0 0.969707 -0.244273 0 0.83876 -0.544502 0 0.916609 -0.399785 0 0.73826 -0.674516 0 0.83876 -0.544502 0 0.617826 -0.786315 0 0.73826 -0.674516 0 0.480708 -0.876881 0 0.617826 -0.786315 0 0.330609 -0.943768 0 0.480708 -0.876881 0 0.330609 -0.943768 0 0.738261 -0.674515 0 0.617824 -0.786316 0 0.738261 -0.674515 0 0.480709 -0.87688 0 0.617824 -0.786316 0 0.330611 -0.943767 0 0.480709 -0.87688 0 0.330611 -0.943767 0 0.838761 -0.5445 0 0.916609 -0.399784 0 0.838761 -0.5445 0 0.969706 -0.244273 0 0.916609 -0.399784 0 0.996618 -0.0821697 0 0.969706 -0.244273 0 0.996618 -0.0821697 0 1 0 0 1 0 0 0.647425 -0.762129 -0.000172103 0.515114 -0.857122 4.54226e-05 0.647414 -0.762138 -3.90798e-05 0.366969 -0.930233 3.42324e-05 0.515122 -0.857117 -4.61811e-05 0.215681 -0.976464 0.000110109 0.366993 -0.930224 -0.000203191 0.0874893 -0.996165 -0.000156819 0.215707 -0.976458 -0.000132649 0.013343 -0.999911 -9.7142e-05 0.0874839 -0.996166 -0.000106711 0.0133325 -0.999911 0 0.762026 -0.647547 -0.000230898 0.857203 -0.514978 -1.61622e-05 0.762007 -0.647569 3.99298e-05 0.930241 -0.366949 -5.94285e-05 0.8572 -0.514983 3.63108e-05 0.976425 -0.215855 -0.000261398 0.930245 -0.366939 -0.000152115 0.996181 -0.0873074 -7.38879e-05 0.976419 -0.215884 1.58111e-05 0.999911 -0.0133285 1.65244e-06 0.996181 -0.0873166 1.08253e-05 0.999911 -0.0133284 0 0 -1 0 0 -1 0 -0.762129 -0.647425 -0.000172103 -0.857122 -0.515114 4.54226e-05 -0.762138 -0.647414 -3.90798e-05 -0.930233 -0.366969 3.42324e-05 -0.857117 -0.515122 -4.61811e-05 -0.976464 -0.215681 0.000110109 -0.930224 -0.366993 -0.000203191 -0.996165 -0.0874893 -0.000156819 -0.976458 -0.215707 -0.000132649 -0.999911 -0.013343 -9.7142e-05 -0.996166 -0.0874839 -0.000106711 -0.999911 -0.0133325 0 -0.647547 -0.762026 -0.000230898 -0.514978 -0.857203 -1.61622e-05 -0.647569 -0.762007 3.99298e-05 -0.366949 -0.930241 -5.94285e-05 -0.514983 -0.8572 3.63108e-05 -0.215855 -0.976425 -0.000261398 -0.366939 -0.930245 -0.000152115 -0.0873074 -0.996181 -7.38879e-05 -0.215884 -0.976419 1.58111e-05 -0.0133285 -0.999911 1.65244e-06 -0.0873166 -0.996181 1.08253e-05 -0.0133284 -0.999911 0 -1 0 0 -1 0 0 -0.647425 0.762129 -0.000172103 -0.515114 0.857122 4.54226e-05 -0.647414 0.762138 -3.90798e-05 -0.366969 0.930233 3.42324e-05 -0.515122 0.857117 -4.61811e-05 -0.215681 0.976464 0.000110109 -0.366993 0.930224 -0.000203191 -0.0874893 0.996165 -0.000156819 -0.215707 0.976458 -0.000132649 -0.013343 0.999911 -9.7142e-05 -0.0874839 0.996166 -0.000106711 -0.0133325 0.999911 0 -0.762026 0.647547 -0.000230898 -0.857203 0.514978 -1.61622e-05 -0.762007 0.647569 3.99298e-05 -0.930241 0.366949 -5.94285e-05 -0.8572 0.514983 3.63108e-05 -0.976425 0.215855 -0.000261398 -0.930245 0.366939 -0.000152115 -0.996181 0.0873074 -7.38879e-05 -0.976419 0.215884 1.58111e-05 -0.999911 0.0133285 1.65244e-06 -0.996181 0.0873166 1.08253e-05 -0.999911 0.0133284 0 0 1 0 0 1 0 0.762129 0.647425 -0.000172103 0.857122 0.515114 4.54226e-05 0.762138 0.647414 -3.90798e-05 0.930233 0.366969 3.42324e-05 0.857117 0.515122 -4.61811e-05 0.976464 0.215681 0.000110109 0.930224 0.366993 -0.000203191 0.996165 0.0874893 -0.000156819 0.976458 0.215707 -0.000132649 0.999911 0.013343 -9.7142e-05 0.996166 0.0874839 -0.000106711 0.999911 0.0133325 0 0.647547 0.762026 -0.000230898 0.514978 0.857203 -1.61622e-05 0.647569 0.762007 3.99298e-05 0.366949 0.930241 -5.94285e-05 0.514983 0.8572 3.63108e-05 0.215855 0.976425 -0.000261398 0.366939 0.930245 -0.000152115 0.0873074 0.996181 -7.38879e-05 0.215884 0.976419 1.58111e-05 0.0133285 0.999911 1.65244e-06 0.0873166 0.996181 1.08253e-05 0.0133284 0.999911 0 1 0 0 1 0 0 0.838761 0.5445 0 0.916609 0.399784 0 0.838761 0.5445 0 0.969706 0.244273 0 0.916609 0.399784 0 0.996618 0.0821697 0 0.969706 0.244273 0 0.996618 0.0821697 0 0.738261 0.674515 0 0.617824 0.786316 0 0.738261 0.674515 0 0.480709 0.87688 0 0.617824 0.786316 0 0.330611 0.943767 0 0.480709 0.87688 0 0.330611 0.943767 0 0 0 -1 0 0 -1 0 0 -1 0 0 -1 0 0 -1 0 0 -1 0 0 -1 0 0 -1 0 0 -1 0 0 -1 0 0 -1 0 0 -1 0 0 -1 0 0 -1 0 0 -1 0 0 -1 0 0 -1 0 0 -1 0 0 -1 0 0 -1 0 0 -1 0 0 -1 0 0 -1 0 0 -1 0 0 -1 0 0 -1 0 0 -1 0 0 -1 0 0 -1 0 0 -1 0 0 -1 0 0 -1 0 0 -1 0 0 -1 0 0 -1 0 0 -1 0 0 -1 0 0 -1 0 0 -1 0 0 -1 0 0 -1 0 0 -1 0 0 -1 0 0 -1 0 0 -1 0 0 -1 0 0 -1 0 0 -1 0 0 -1 0 0 -1 0 0 -1 0 0 -1 0 0 -1 0 0 -1 0 0 -1 0 0 -1 0 0 -1 0 0 -1 0 0 -1 0 0 -1 0 0 -1 0 0 -1 0 0 -1 0 0 -1 0 0 -1 0 0 -1 0 0 -1 0 0 -1 0 0 -1 0 0 -1 0 0 -1 0 0 -1 0 0 -1 0 0 -1 0 0 -1 0 0 -1 0 0 -1 0 0 -1 0 0 -1 0 0 -1 0 0 -1 0 0 -1 0 0 -1</float_array>
                    <technique_common>
                        <accessor count="7746" source="#shape0-lib-normals-array" stride="3">
                            <param name="X" type="float"/>
                            <param name="Y" type="float"/>
                            <param name="Z" type="float"/>
                        </accessor>
                    </technique_common>
                </source>
                <vertices id="shape0-lib-vertices">
                    <input semantic="POSITION" source="#shape0-lib-positions"/>
                </vertices>
                <triangles count="7746">
                    <input offset="0" semantic="VERTEX" source="#shape0-lib-vertices"/>
                    <input offset="1" semantic="NORMAL" source="#shape0-lib-normals"/>
                    <p>0 0 1 0 2 0 3 1 4 1 5 1 0 2 6 2 7 2 1 3 0 3 7 3 8 4 9 4 10 4 6 5 0 5 11 5 11 6 9 6 8 6 12 7 8 7 10 7 13 8 9 8 0 8 9 9 11 9 0 9 14 10 9 10 13 10 13 11 15 11 16 11 16 12 14 12 13 12 17 13 16 13 18 13 15 14 18 14 16 14 19 15 18 15 20 15 18 16 19 16 17 16 20 17 21 17 22 17 22 18 19 18 20 18 23 19 24 19 25 19 26 20 27 20 28 20 29 21 26 21 28 21 26 22 30 22 31 22 27 23 26 23 31 23 32 24 33 24 34 24 33 25 32 25 35 25 30 26 26 26 35 26 32 27 30 27 35 27 36 28 35 28 37 28 26 29 37 29 35 29 37 30 38 30 36 30 39 31 38 31 40 31 38 32 37 32 40 32 41 33 42 33 39 33 39 34 42 34 38 34 41 35 43 35 44 35 43 36 41 36 39 36 44 37 43 37 45 37 46 38 47 38 48 38 4 39 3 39 49 39 50 40 51 40 25 40 3 41 52 41 53 41 49 42 3 42 53 42 54 43 55 43 56 43 55 44 54 44 57 44 52 45 3 45 57 45 54 46 52 46 57 46 58 47 57 47 59 47 3 48 59 48 57 48 60 49 59 49 61 49 59 50 60 50 58 50 62 51 63 51 60 51 60 52 61 52 62 52 64 53 65 53 62 53 63 54 62 54 65 54 25 55 64 55 23 55 64 56 25 56 65 56 66 57 67 57 68 57 68 58 69 58 70 58 71 59 72 59 73 59 72 60 74 60 73 60 75 61 76 61 72 61 72 62 76 62 74 62 77 63 78 63 79 63 79 64 80 64 77 64 72 65 80 65 75 65 75 66 80 66 79 66 80 67 81 67 82 67 81 68 80 68 72 68 81 69 83 69 84 69 84 70 82 70 81 70 85 71 84 71 86 71 83 72 86 72 84 72 87 73 86 73 88 73 86 74 87 74 85 74 69 75 87 75 88 75 89 76 90 76 91 76 88 77 91 77 69 77 92 78 21 78 93 78 67 79 94 79 68 79 95 80 96 80 22 80 93 81 21 81 94 81 97 82 98 82 22 82 99 83 46 83 100 83 21 84 69 84 68 84 69 85 101 85 102 85 70 86 69 86 102 86 91 87 103 87 69 87 101 88 69 88 103 88 104 89 105 89 91 89 91 90 105 90 103 90 106 91 107 91 91 91 91 92 107 92 104 92 108 93 109 93 91 93 91 94 109 94 106 94 91 95 90 95 110 95 91 96 110 96 108 96 111 97 89 97 25 97 91 98 25 98 89 98 50 99 25 99 112 99 25 100 51 100 111 100 25 101 113 101 114 101 112 102 25 102 114 102 25 103 115 103 116 103 113 104 25 104 116 104 25 105 24 105 117 105 115 106 25 106 117 106 24 107 23 107 118 107 23 108 119 108 120 108 118 109 23 109 120 109 121 110 122 110 123 110 119 111 23 111 124 111 48 112 100 112 46 112 125 113 126 113 127 113 66 114 47 114 67 114 48 115 47 115 66 115 22 116 96 116 45 116 124 117 123 117 122 117 22 118 128 118 129 118 95 119 22 119 129 119 22 120 130 120 131 120 128 121 22 121 131 121 21 122 92 122 132 122 130 123 22 123 98 123 22 124 133 124 134 124 97 125 22 125 134 125 21 126 132 126 133 126 22 127 21 127 133 127 68 128 94 128 21 128 135 129 23 129 44 129 99 130 136 130 125 130 136 131 99 131 100 131 127 132 126 132 137 132 125 133 136 133 126 133 138 134 139 134 137 134 127 135 137 135 139 135 140 136 138 136 141 136 138 137 140 137 139 137 121 138 141 138 122 138 121 139 140 139 141 139 135 140 124 140 23 140 135 141 123 141 124 141 44 142 142 142 143 142 135 143 44 143 143 143 44 144 144 144 145 144 142 145 44 145 145 145 146 146 144 146 45 146 44 147 45 147 144 147 147 148 148 148 45 148 45 149 148 149 146 149 149 150 150 150 45 150 45 151 150 151 147 151 151 152 152 152 45 152 45 153 152 153 149 153 96 154 153 154 45 154 45 155 153 155 151 155 154 156 155 156 156 156 157 157 158 157 159 157 155 158 154 158 160 158 155 159 161 159 162 159 160 160 161 160 155 160 163 161 155 161 164 161 155 162 162 162 164 162 165 163 166 163 155 163 165 164 155 164 163 164 166 165 167 165 155 165 168 166 169 166 155 166 170 167 171 167 169 167 172 168 169 168 173 168 174 169 169 169 172 169 173 170 169 170 171 170 175 171 169 171 176 171 169 172 175 172 170 172 177 173 169 173 178 173 177 174 176 174 169 174 168 175 155 175 167 175 168 176 178 176 169 176 168 177 167 177 179 177 158 178 180 178 159 178 167 179 181 179 179 179 182 180 158 180 157 180 183 181 158 181 184 181 158 182 182 182 184 182 185 183 186 183 158 183 185 184 158 184 183 184 158 185 187 185 179 185 186 186 187 186 158 186 158 187 179 187 181 187 158 188 181 188 188 188 188 189 189 189 190 189 188 190 190 190 191 190 188 191 192 191 193 191 189 192 188 192 193 192 188 193 194 193 195 193 192 194 188 194 195 194 188 195 196 195 197 195 194 196 188 196 197 196 188 197 181 197 196 197 198 198 158 198 188 198 158 199 198 199 199 199 192 200 200 200 201 200 202 201 193 201 201 201 192 202 201 202 193 202 202 203 203 203 189 203 189 204 193 204 202 204 190 205 203 205 204 205 203 206 190 206 189 206 198 207 191 207 204 207 190 208 204 208 191 208 188 209 191 209 198 209 195 210 200 210 192 210 205 211 195 211 194 211 195 212 205 212 200 212 197 213 206 213 194 213 205 214 194 214 206 214 197 215 196 215 207 215 207 216 206 216 197 216 208 217 196 217 181 217 196 218 208 218 207 218 208 219 181 219 209 219 209 220 167 220 210 220 167 221 209 221 181 221 162 222 211 222 212 222 213 223 164 223 212 223 162 224 212 224 164 224 213 225 214 225 163 225 163 226 164 226 213 226 165 227 214 227 215 227 214 228 165 228 163 228 210 229 166 229 215 229 165 230 215 230 166 230 167 231 166 231 210 231 161 232 211 232 162 232 216 233 161 233 160 233 161 234 216 234 211 234 154 235 217 235 160 235 216 236 160 236 217 236 154 237 156 237 218 237 218 238 217 238 154 238 219 239 156 239 155 239 156 240 219 240 218 240 219 241 155 241 220 241 155 242 221 242 220 242 221 243 155 243 169 243 170 244 222 244 223 244 224 245 171 245 223 245 170 246 223 246 171 246 224 247 225 247 173 247 173 248 171 248 224 248 172 249 225 249 226 249 225 250 172 250 173 250 221 251 174 251 226 251 172 252 226 252 174 252 169 253 174 253 221 253 175 254 222 254 170 254 227 255 175 255 176 255 175 256 227 256 222 256 177 257 228 257 176 257 227 258 176 258 228 258 177 259 178 259 229 259 229 260 228 260 177 260 230 261 178 261 168 261 178 262 230 262 229 262 230 263 168 263 231 263 231 264 168 264 179 264 231 265 179 265 232 265 184 266 233 266 234 266 235 267 183 267 234 267 184 268 234 268 183 268 235 269 236 269 185 269 185 270 183 270 235 270 186 271 236 271 237 271 236 272 186 272 185 272 232 273 187 273 237 273 186 274 237 274 187 274 179 275 187 275 232 275 182 276 233 276 184 276 238 277 182 277 157 277 182 278 238 278 233 278 159 279 239 279 157 279 238 280 157 280 239 280 159 281 180 281 240 281 240 282 239 282 159 282 241 283 180 283 158 283 180 284 241 284 240 284 241 285 158 285 199 285 242 286 243 286 244 286 245 287 246 287 247 287 248 288 249 288 246 288 250 289 247 289 251 289 252 290 253 290 254 290 255 291 256 291 251 291 257 292 258 292 259 292 255 293 254 293 260 293 261 294 262 294 263 294 261 295 258 295 264 295 265 296 249 296 266 296 267 297 252 297 263 297 265 298 268 298 269 298 259 299 270 299 271 299 272 300 273 300 274 300 274 301 273 301 270 301 272 302 275 302 276 302 277 303 278 303 269 303 279 304 280 304 281 304 275 305 272 305 274 305 282 306 276 306 275 306 283 307 284 307 282 307 285 308 243 308 286 308 287 309 288 309 289 309 287 310 290 310 244 310 291 311 288 311 292 311 293 312 294 312 292 312 295 313 296 313 297 313 298 314 299 314 300 314 293 315 295 315 301 315 302 316 296 316 299 316 303 317 304 317 285 317 305 318 304 318 306 318 307 319 308 319 300 319 309 320 310 320 311 320 307 321 309 321 311 321 312 322 310 322 313 322 309 323 313 323 310 323 314 324 315 324 316 324 316 325 317 325 318 325 319 326 320 326 321 326 313 327 322 327 312 327 323 328 324 328 325 328 326 329 327 329 328 329 327 330 329 330 330 330 331 331 332 331 328 331 333 332 330 332 334 332 331 333 335 333 336 333 337 334 335 334 338 334 339 335 340 335 341 335 340 336 342 336 343 336 344 337 338 337 345 337 346 338 345 338 339 338 342 339 347 339 348 339 333 340 349 340 350 340 351 341 350 341 352 341 353 342 354 342 355 342 355 343 354 343 347 343 353 344 356 344 357 344 358 345 359 345 351 345 360 346 361 346 362 346 356 347 353 347 355 347 323 348 357 348 356 348 323 349 325 349 357 349 363 350 364 350 365 350 366 351 367 351 312 351 368 352 369 352 364 352 370 353 363 353 371 353 372 354 373 354 374 354 375 355 376 355 368 355 377 356 378 356 379 356 375 357 374 357 380 357 381 358 382 358 378 358 382 359 383 359 384 359 370 360 385 360 386 360 384 361 387 361 372 361 386 362 388 362 389 362 390 363 379 363 391 363 392 364 393 364 394 364 394 365 393 365 391 365 392 366 395 366 396 366 397 367 398 367 321 367 399 368 400 368 398 368 396 369 395 369 401 369 402 370 314 370 403 370 317 371 305 371 404 371 405 372 402 372 403 372 311 373 308 373 307 373 308 374 298 374 300 374 298 375 302 375 299 375 302 376 297 376 296 376 297 377 301 377 295 377 301 378 294 378 293 378 294 379 291 379 292 379 291 380 289 380 288 380 289 381 290 381 287 381 290 382 242 382 244 382 242 383 286 383 243 383 286 384 303 384 285 384 303 385 306 385 304 385 306 386 404 386 305 386 404 387 318 387 317 387 316 388 315 388 317 388 314 389 402 389 315 389 403 390 284 390 405 390 406 391 407 391 396 391 405 392 284 392 283 392 408 393 281 393 409 393 284 394 276 394 282 394 280 395 278 395 410 395 409 396 411 396 408 396 273 397 271 397 270 397 271 398 257 398 259 398 257 399 264 399 258 399 264 400 262 400 261 400 262 401 267 401 263 401 267 402 253 402 252 402 253 403 260 403 254 403 260 404 256 404 255 404 256 405 250 405 251 405 250 406 245 406 247 406 245 407 248 407 246 407 248 408 266 408 249 408 266 409 268 409 265 409 268 410 277 410 269 410 277 411 410 411 278 411 280 412 279 412 278 412 281 413 408 413 279 413 409 414 407 414 411 414 411 415 407 415 406 415 401 416 406 416 396 416 325 417 324 417 412 417 399 418 389 418 413 418 395 419 392 419 394 419 412 420 320 420 319 420 393 421 390 421 391 421 390 422 377 422 379 422 377 423 381 423 378 423 381 424 383 424 382 424 383 425 387 425 384 425 387 426 373 426 372 426 373 427 380 427 374 427 380 428 376 428 375 428 376 429 369 429 368 429 369 430 365 430 364 430 365 431 371 431 363 431 371 432 385 432 370 432 385 433 388 433 386 433 388 434 413 434 389 434 413 435 400 435 399 435 398 436 397 436 399 436 321 437 320 437 397 437 319 438 325 438 412 438 367 439 366 439 414 439 415 440 362 440 416 440 361 441 359 441 417 441 416 442 414 442 415 442 354 443 348 443 347 443 348 444 343 444 342 444 343 445 341 445 340 445 341 446 346 446 339 446 346 447 344 447 345 447 344 448 337 448 338 448 337 449 336 449 335 449 336 450 332 450 331 450 332 451 326 451 328 451 326 452 329 452 327 452 329 453 334 453 330 453 334 454 349 454 333 454 349 455 352 455 350 455 352 456 358 456 351 456 358 457 417 457 359 457 361 458 360 458 359 458 362 459 415 459 360 459 416 460 367 460 414 460 312 461 322 461 366 461 418 462 419 462 420 462 419 463 418 463 421 463 422 464 423 464 424 464 424 465 425 465 426 465 425 466 424 466 423 466 422 467 427 467 423 467 425 468 428 468 426 468 429 469 430 469 431 469 432 470 433 470 434 470 431 471 430 471 434 471 434 472 433 472 431 472 432 473 435 473 436 473 433 474 432 474 436 474 430 475 429 475 428 475 436 476 435 476 437 476 438 477 439 477 437 477 438 478 437 478 435 478 440 479 441 479 439 479 439 480 438 480 440 480 428 481 429 481 426 481 442 482 443 482 444 482 442 483 444 483 441 483 444 484 439 484 441 484 427 485 422 485 445 485 446 486 447 486 445 486 427 487 445 487 447 487 446 488 448 488 449 488 449 489 447 489 446 489 450 490 448 490 451 490 448 491 450 491 449 491 452 492 453 492 451 492 450 493 451 493 453 493 452 494 454 494 455 494 455 495 453 495 452 495 456 496 454 496 457 496 454 497 456 497 455 497 458 498 459 498 457 498 456 499 457 499 459 499 458 500 460 500 461 500 461 501 459 501 458 501 462 502 460 502 463 502 460 503 462 503 461 503 463 504 419 504 462 504 462 505 419 505 421 505 442 506 464 506 465 506 442 507 465 507 443 507 466 508 467 508 468 508 468 509 469 509 470 509 469 510 468 510 467 510 471 511 472 511 473 511 469 512 474 512 470 512 475 513 476 513 471 513 474 514 476 514 475 514 477 515 478 515 479 515 472 516 471 516 476 516 478 517 473 517 472 517 477 518 473 518 478 518 475 519 470 519 474 519 477 520 479 520 480 520 481 521 482 521 483 521 482 522 481 522 480 522 479 523 482 523 480 523 481 524 483 524 484 524 485 525 467 525 466 525 484 526 486 526 487 526 487 527 481 527 484 527 486 528 488 528 487 528 466 529 489 529 485 529 490 530 491 530 489 530 485 531 489 531 491 531 490 532 492 532 493 532 493 533 491 533 490 533 494 534 492 534 495 534 492 535 494 535 493 535 496 536 497 536 495 536 494 537 495 537 497 537 496 538 498 538 499 538 499 539 497 539 496 539 500 540 498 540 501 540 498 541 500 541 499 541 502 542 503 542 501 542 500 543 501 543 503 543 502 544 504 544 505 544 505 545 503 545 502 545 506 546 504 546 507 546 504 547 506 547 505 547 507 548 465 548 506 548 506 549 465 549 464 549 486 550 508 550 509 550 486 551 509 551 488 551 510 552 511 552 512 552 512 553 513 553 514 553 513 554 512 554 511 554 515 555 516 555 517 555 518 556 519 556 520 556 514 557 519 557 518 557 520 558 521 558 522 558 520 559 522 559 518 559 516 560 523 560 517 560 523 561 524 561 521 561 516 562 524 562 523 562 514 563 513 563 519 563 524 564 522 564 521 564 515 565 517 565 525 565 526 566 525 566 527 566 526 567 527 567 528 567 528 568 529 568 526 568 530 569 529 569 528 569 511 570 510 570 531 570 526 571 515 571 525 571 530 572 532 572 529 572 533 573 531 573 510 573 534 574 535 574 533 574 531 575 533 575 535 575 534 576 536 576 537 576 537 577 535 577 534 577 538 578 536 578 539 578 536 579 538 579 537 579 540 580 541 580 539 580 538 581 539 581 541 581 540 582 542 582 543 582 543 583 541 583 540 583 544 584 542 584 545 584 542 585 544 585 543 585 546 586 547 586 545 586 544 587 545 587 547 587 546 588 548 588 549 588 549 589 547 589 546 589 550 590 548 590 551 590 548 591 550 591 549 591 551 592 509 592 550 592 550 593 509 593 508 593 552 594 553 594 554 594 554 595 555 595 556 595 555 596 554 596 553 596 557 597 556 597 558 597 555 598 558 598 556 598 559 599 560 599 561 599 562 600 563 600 564 600 562 601 564 601 557 601 564 602 563 602 565 602 566 603 565 603 567 603 565 604 563 604 567 604 567 605 560 605 566 605 568 606 569 606 418 606 570 607 559 607 561 607 560 608 559 608 566 608 569 609 568 609 570 609 569 610 570 610 571 610 557 611 558 611 562 611 561 612 571 612 570 612 552 613 572 613 553 613 418 614 420 614 568 614 573 615 572 615 552 615 574 616 575 616 573 616 572 617 573 617 575 617 574 618 576 618 577 618 577 619 575 619 574 619 578 620 576 620 579 620 576 621 578 621 577 621 580 622 581 622 579 622 578 623 579 623 581 623 580 624 582 624 583 624 583 625 581 625 580 625 584 626 582 626 585 626 582 627 584 627 583 627 586 628 587 628 585 628 584 629 585 629 587 629 586 630 588 630 589 630 589 631 587 631 586 631 590 632 588 632 591 632 588 633 590 633 589 633 591 634 592 634 590 634 590 635 592 635 593 635 530 636 592 636 532 636 592 637 530 637 593 637 594 638 595 638 596 638 597 639 598 639 599 639 600 640 601 640 602 640 598 641 603 641 604 641 605 642 601 642 606 642 607 643 608 643 609 643 599 644 610 644 608 644 611 645 599 645 608 645 612 646 608 646 607 646 613 647 607 647 614 647 615 648 614 648 616 648 617 649 618 649 619 649 620 650 621 650 622 650 623 651 624 651 617 651 605 652 625 652 626 652 627 653 628 653 629 653 630 654 628 654 631 654 632 655 633 655 634 655 596 656 595 656 635 656 636 657 637 657 638 657 639 658 640 658 641 658 639 659 637 659 636 659 642 660 643 660 644 660 629 661 637 661 641 661 638 662 643 662 645 662 637 663 639 663 641 663 646 664 645 664 643 664 646 665 643 665 642 665 647 666 646 666 642 666 648 667 647 667 649 667 642 668 644 668 650 668 651 669 647 669 648 669 595 670 594 670 652 670 634 671 653 671 654 671 652 672 594 672 655 672 632 673 656 673 633 673 657 674 652 674 655 674 658 675 652 675 659 675 660 676 634 676 654 676 652 677 657 677 659 677 635 678 640 678 596 678 655 679 661 679 657 679 638 680 662 680 663 680 640 681 635 681 641 681 623 682 663 682 630 682 637 683 629 683 662 683 630 684 662 684 628 684 664 685 665 685 666 685 630 686 631 686 624 686 667 687 624 687 631 687 631 688 628 688 668 688 669 689 605 689 670 689 671 690 667 690 672 690 673 691 667 691 631 691 674 692 675 692 676 692 677 693 671 693 672 693 678 694 679 694 680 694 665 695 675 695 681 695 682 696 683 696 684 696 682 697 685 697 686 697 683 698 686 698 687 698 688 699 687 699 686 699 689 700 683 700 687 700 690 701 691 701 658 701 691 702 690 702 692 702 691 703 652 703 658 703 632 704 691 704 692 704 693 705 595 705 691 705 694 706 629 706 641 706 693 707 694 707 635 707 629 708 628 708 662 708 641 709 635 709 694 709 695 710 696 710 697 710 650 711 649 711 642 711 636 712 638 712 645 712 637 713 662 713 638 713 698 714 649 714 695 714 644 715 643 715 663 715 649 716 698 716 699 716 648 717 649 717 699 717 647 718 642 718 649 718 652 719 691 719 595 719 656 720 632 720 692 720 700 721 660 721 701 721 595 722 693 722 635 722 632 723 702 723 693 723 700 724 703 724 660 724 627 725 694 725 702 725 704 726 650 726 644 726 694 727 627 727 629 727 696 728 705 728 706 728 650 729 707 729 695 729 638 730 663 730 643 730 662 731 630 731 663 731 695 732 707 732 696 732 644 733 623 733 704 733 707 734 650 734 704 734 698 735 695 735 697 735 649 736 650 736 695 736 691 737 632 737 693 737 653 738 634 738 633 738 703 739 708 739 709 739 693 740 702 740 694 740 710 741 702 741 634 741 709 742 676 742 703 742 627 743 710 743 668 743 705 744 626 744 625 744 627 745 668 745 628 745 704 746 711 746 707 746 707 747 712 747 696 747 663 748 623 748 644 748 630 749 624 749 623 749 696 750 712 750 705 750 704 751 617 751 711 751 696 752 713 752 697 752 711 753 712 753 707 753 706 754 713 754 696 754 632 755 634 755 702 755 701 756 660 756 654 756 674 757 714 757 675 757 702 758 710 758 627 758 710 759 660 759 715 759 667 760 618 760 624 760 715 761 673 761 668 761 667 762 671 762 618 762 673 763 631 763 668 763 711 764 716 764 712 764 712 765 626 765 705 765 623 766 617 766 704 766 618 767 617 767 624 767 717 768 705 768 625 768 711 769 619 769 716 769 705 770 718 770 706 770 716 771 626 771 712 771 717 772 718 772 705 772 660 773 710 773 634 773 708 774 703 774 700 774 681 775 719 775 665 775 710 776 715 776 668 776 720 777 715 777 703 777 671 778 620 778 618 778 673 779 720 779 672 779 620 780 602 780 619 780 673 781 672 781 667 781 716 782 601 782 626 782 669 783 625 783 605 783 617 784 619 784 711 784 620 785 619 785 618 785 721 786 625 786 669 786 716 787 602 787 601 787 625 788 722 788 717 788 601 789 605 789 626 789 721 790 722 790 625 790 703 791 715 791 660 791 674 792 676 792 709 792 723 793 664 793 666 793 715 794 720 794 673 794 724 795 720 795 676 795 620 796 671 796 621 796 724 797 677 797 672 797 602 798 620 798 622 798 677 799 621 799 671 799 606 800 725 800 670 800 725 801 603 801 670 801 619 802 602 802 716 802 622 803 600 803 602 803 726 804 669 804 727 804 601 805 600 805 606 805 669 806 728 806 721 806 606 807 670 807 605 807 726 808 728 808 669 808 676 809 720 809 703 809 681 810 675 810 714 810 677 811 729 811 621 811 720 812 724 812 672 812 730 813 724 813 675 813 621 814 731 814 622 814 730 815 729 815 677 815 622 816 732 816 600 816 729 817 731 817 621 817 600 818 733 818 606 818 732 819 622 819 731 819 603 820 727 820 670 820 600 821 732 821 733 821 734 822 727 822 598 822 606 823 733 823 725 823 727 824 734 824 735 824 726 825 727 825 735 825 669 826 670 826 727 826 675 827 724 827 676 827 666 828 665 828 719 828 729 829 678 829 731 829 724 830 730 830 677 830 665 831 736 831 730 831 731 832 680 832 732 832 736 833 678 833 729 833 732 834 737 834 733 834 678 835 680 835 731 835 733 836 738 836 725 836 680 837 737 837 732 837 739 838 603 838 725 838 738 839 733 839 737 839 598 840 604 840 599 840 738 841 739 841 725 841 604 842 603 842 739 842 734 843 598 843 597 843 727 844 603 844 598 844 665 845 730 845 675 845 664 846 723 846 740 846 741 847 737 847 680 847 730 848 736 848 729 848 664 849 685 849 736 849 742 850 738 850 737 850 685 851 679 851 678 851 743 852 739 852 738 852 679 853 741 853 680 853 744 854 604 854 739 854 741 855 742 855 737 855 607 856 613 856 612 856 742 857 743 857 738 857 604 858 610 858 599 858 739 859 743 859 744 859 599 860 745 860 597 860 610 861 604 861 744 861 611 862 745 862 599 862 665 863 664 863 736 863 686 864 740 864 688 864 682 865 746 865 679 865 736 866 685 866 678 866 682 867 679 867 685 867 746 868 747 868 741 868 746 869 741 869 679 869 747 870 748 870 742 870 747 871 742 871 741 871 748 872 749 872 743 872 748 873 743 873 742 873 749 874 750 874 744 874 749 875 744 875 743 875 750 876 609 876 610 876 610 877 744 877 750 877 608 878 751 878 611 878 610 879 609 879 608 879 612 880 751 880 608 880 740 881 686 881 664 881 685 882 664 882 686 882 746 883 684 883 752 883 683 884 682 884 686 884 747 885 752 885 753 885 684 886 746 886 682 886 748 887 753 887 754 887 752 888 747 888 746 888 749 889 754 889 755 889 753 890 748 890 747 890 750 891 755 891 756 891 754 892 749 892 748 892 609 893 756 893 757 893 755 894 750 894 749 894 607 895 757 895 616 895 756 896 609 896 750 896 757 897 607 897 609 897 614 898 607 898 616 898 754 899 758 899 759 899 760 900 755 900 759 900 754 901 759 901 755 901 760 902 761 902 756 902 756 903 755 903 760 903 757 904 761 904 762 904 761 905 757 905 756 905 763 906 616 906 762 906 757 907 762 907 616 907 615 908 616 908 763 908 753 909 758 909 754 909 764 910 753 910 752 910 753 911 764 911 758 911 684 912 765 912 752 912 764 913 752 913 765 913 684 914 683 914 766 914 766 915 765 915 684 915 767 916 683 916 689 916 683 917 767 917 766 917 767 918 689 918 768 918 766 919 769 919 765 919 770 920 771 920 772 920 773 921 774 921 775 921 771 922 776 922 777 922 778 923 774 923 779 923 780 924 781 924 782 924 772 925 783 925 781 925 784 926 772 926 781 926 785 927 781 927 780 927 786 928 780 928 787 928 788 929 787 929 789 929 790 930 791 930 792 930 793 931 794 931 795 931 796 932 797 932 790 932 778 933 798 933 799 933 800 934 801 934 802 934 803 935 801 935 804 935 805 936 806 936 807 936 765 937 769 937 808 937 759 938 809 938 810 938 758 939 764 939 811 939 758 940 809 940 759 940 812 941 813 941 814 941 802 942 809 942 811 942 810 943 813 943 760 943 809 944 758 944 811 944 761 945 760 945 813 945 761 946 813 946 812 946 762 947 761 947 812 947 815 948 762 948 816 948 812 949 814 949 817 949 763 950 762 950 815 950 769 951 766 951 818 951 807 952 819 952 820 952 818 953 766 953 767 953 805 954 821 954 806 954 822 955 818 955 767 955 823 956 818 956 824 956 825 957 807 957 820 957 818 958 822 958 824 958 765 959 808 959 764 959 767 960 768 960 822 960 810 961 826 961 827 961 764 962 808 962 811 962 796 963 827 963 803 963 809 964 802 964 826 964 803 965 826 965 801 965 828 966 829 966 830 966 803 967 804 967 797 967 831 968 797 968 804 968 804 969 801 969 832 969 833 970 778 970 834 970 835 971 831 971 836 971 837 972 831 972 804 972 838 973 839 973 840 973 841 974 835 974 836 974 842 975 843 975 844 975 829 976 839 976 845 976 846 977 847 977 848 977 846 978 849 978 850 978 847 979 850 979 851 979 852 980 851 980 850 980 853 981 847 981 851 981 854 982 855 982 823 982 855 983 854 983 856 983 855 984 818 984 823 984 805 985 855 985 856 985 857 986 769 986 855 986 858 987 802 987 811 987 857 988 858 988 808 988 802 989 801 989 826 989 811 990 808 990 858 990 859 991 860 991 861 991 817 992 816 992 812 992 759 993 810 993 760 993 809 994 826 994 810 994 862 995 816 995 859 995 814 996 813 996 827 996 816 997 862 997 863 997 815 998 816 998 863 998 762 999 812 999 816 999 818 1000 855 1000 769 1000 821 1001 805 1001 856 1001 864 1002 825 1002 865 1002 769 1003 857 1003 808 1003 805 1004 866 1004 857 1004 864 1005 867 1005 825 1005 800 1006 858 1006 866 1006 868 1007 817 1007 814 1007 858 1008 800 1008 802 1008 860 1009 869 1009 870 1009 817 1010 871 1010 859 1010 810 1011 827 1011 813 1011 826 1012 803 1012 827 1012 859 1013 871 1013 860 1013 814 1014 796 1014 868 1014 871 1015 817 1015 868 1015 862 1016 859 1016 861 1016 816 1017 817 1017 859 1017 855 1018 805 1018 857 1018 819 1019 807 1019 806 1019 867 1020 872 1020 873 1020 857 1021 866 1021 858 1021 874 1022 866 1022 807 1022 873 1023 840 1023 867 1023 800 1024 874 1024 832 1024 869 1025 799 1025 798 1025 800 1026 832 1026 801 1026 868 1027 875 1027 871 1027 871 1028 876 1028 860 1028 827 1029 796 1029 814 1029 803 1030 797 1030 796 1030 860 1031 876 1031 869 1031 868 1032 790 1032 875 1032 860 1033 877 1033 861 1033 875 1034 876 1034 871 1034 870 1035 877 1035 860 1035 805 1036 807 1036 866 1036 865 1037 825 1037 820 1037 838 1038 878 1038 839 1038 866 1039 874 1039 800 1039 874 1040 825 1040 879 1040 831 1041 791 1041 797 1041 879 1042 837 1042 832 1042 831 1043 835 1043 791 1043 837 1044 804 1044 832 1044 875 1045 880 1045 876 1045 876 1046 799 1046 869 1046 796 1047 790 1047 868 1047 791 1048 790 1048 797 1048 881 1049 869 1049 798 1049 875 1050 792 1050 880 1050 869 1051 882 1051 870 1051 880 1052 799 1052 876 1052 881 1053 882 1053 869 1053 825 1054 874 1054 807 1054 872 1055 867 1055 864 1055 845 1056 883 1056 829 1056 874 1057 879 1057 832 1057 884 1058 879 1058 867 1058 835 1059 793 1059 791 1059 837 1060 884 1060 836 1060 793 1061 775 1061 792 1061 837 1062 836 1062 831 1062 880 1063 774 1063 799 1063 833 1064 798 1064 778 1064 790 1065 792 1065 875 1065 793 1066 792 1066 791 1066 885 1067 798 1067 833 1067 880 1068 775 1068 774 1068 798 1069 886 1069 881 1069 774 1070 778 1070 799 1070 885 1071 886 1071 798 1071 867 1072 879 1072 825 1072 838 1073 840 1073 873 1073 887 1074 828 1074 830 1074 879 1075 884 1075 837 1075 888 1076 884 1076 840 1076 793 1077 835 1077 794 1077 888 1078 841 1078 836 1078 775 1079 793 1079 795 1079 841 1080 794 1080 835 1080 779 1081 889 1081 834 1081 889 1082 776 1082 834 1082 792 1083 775 1083 880 1083 795 1084 773 1084 775 1084 890 1085 833 1085 891 1085 774 1086 773 1086 779 1086 833 1087 892 1087 885 1087 779 1088 834 1088 778 1088 890 1089 892 1089 833 1089 840 1090 884 1090 867 1090 845 1091 839 1091 878 1091 841 1092 893 1092 794 1092 884 1093 888 1093 836 1093 894 1094 888 1094 839 1094 794 1095 895 1095 795 1095 894 1096 893 1096 841 1096 795 1097 896 1097 773 1097 893 1098 895 1098 794 1098 773 1099 897 1099 779 1099 896 1100 795 1100 895 1100 776 1101 891 1101 834 1101 773 1102 896 1102 897 1102 898 1103 891 1103 771 1103 779 1104 897 1104 889 1104 891 1105 898 1105 899 1105 890 1106 891 1106 899 1106 833 1107 834 1107 891 1107 839 1108 888 1108 840 1108 830 1109 829 1109 883 1109 893 1110 842 1110 895 1110 888 1111 894 1111 841 1111 829 1112 900 1112 894 1112 895 1113 844 1113 896 1113 900 1114 842 1114 893 1114 896 1115 901 1115 897 1115 842 1116 844 1116 895 1116 897 1117 902 1117 889 1117 844 1118 901 1118 896 1118 903 1119 776 1119 889 1119 902 1120 897 1120 901 1120 771 1121 777 1121 772 1121 902 1122 903 1122 889 1122 777 1123 776 1123 903 1123 898 1124 771 1124 770 1124 891 1125 776 1125 771 1125 829 1126 894 1126 839 1126 828 1127 887 1127 904 1127 905 1128 901 1128 844 1128 894 1129 900 1129 893 1129 828 1130 849 1130 900 1130 906 1131 902 1131 901 1131 849 1132 843 1132 842 1132 907 1133 903 1133 902 1133 843 1134 905 1134 844 1134 908 1135 777 1135 903 1135 905 1136 906 1136 901 1136 780 1137 786 1137 785 1137 906 1138 907 1138 902 1138 777 1139 783 1139 772 1139 903 1140 907 1140 908 1140 772 1141 909 1141 770 1141 783 1142 777 1142 908 1142 784 1143 909 1143 772 1143 829 1144 828 1144 900 1144 850 1145 904 1145 852 1145 846 1146 910 1146 843 1146 900 1147 849 1147 842 1147 846 1148 843 1148 849 1148 910 1149 911 1149 905 1149 910 1150 905 1150 843 1150 911 1151 912 1151 906 1151 911 1152 906 1152 905 1152 912 1153 913 1153 907 1153 912 1154 907 1154 906 1154 913 1155 914 1155 908 1155 913 1156 908 1156 907 1156 914 1157 782 1157 783 1157 783 1158 908 1158 914 1158 781 1159 915 1159 784 1159 783 1160 782 1160 781 1160 785 1161 915 1161 781 1161 904 1162 850 1162 828 1162 849 1163 828 1163 850 1163 910 1164 848 1164 916 1164 847 1165 846 1165 850 1165 911 1166 916 1166 917 1166 848 1167 910 1167 846 1167 912 1168 917 1168 918 1168 916 1169 911 1169 910 1169 913 1170 918 1170 919 1170 917 1171 912 1171 911 1171 914 1172 919 1172 920 1172 918 1173 913 1173 912 1173 782 1174 920 1174 921 1174 919 1175 914 1175 913 1175 780 1176 921 1176 789 1176 920 1177 782 1177 914 1177 921 1178 780 1178 782 1178 787 1179 780 1179 789 1179 918 1180 922 1180 923 1180 924 1181 919 1181 923 1181 918 1182 923 1182 919 1182 924 1183 925 1183 920 1183 920 1184 919 1184 924 1184 921 1185 925 1185 926 1185 925 1186 921 1186 920 1186 927 1187 789 1187 926 1187 921 1188 926 1188 789 1188 788 1189 789 1189 927 1189 917 1190 922 1190 918 1190 928 1191 917 1191 916 1191 917 1192 928 1192 922 1192 848 1193 929 1193 916 1193 928 1194 916 1194 929 1194 848 1195 847 1195 930 1195 930 1196 929 1196 848 1196 931 1197 847 1197 853 1197 847 1198 931 1198 930 1198 931 1199 853 1199 932 1199 930 1200 933 1200 929 1200 934 1201 935 1201 936 1201 937 1202 938 1202 939 1202 935 1203 940 1203 941 1203 942 1204 938 1204 943 1204 944 1205 945 1205 946 1205 936 1206 947 1206 945 1206 948 1207 936 1207 945 1207 949 1208 945 1208 944 1208 950 1209 944 1209 951 1209 952 1210 951 1210 953 1210 954 1211 955 1211 956 1211 957 1212 958 1212 959 1212 960 1213 961 1213 954 1213 942 1214 962 1214 963 1214 964 1215 965 1215 966 1215 967 1216 965 1216 968 1216 969 1217 970 1217 971 1217 929 1218 933 1218 972 1218 923 1219 973 1219 974 1219 922 1220 928 1220 975 1220 922 1221 973 1221 923 1221 976 1222 977 1222 978 1222 966 1223 973 1223 975 1223 974 1224 977 1224 924 1224 973 1225 922 1225 975 1225 925 1226 924 1226 977 1226 925 1227 977 1227 976 1227 926 1228 925 1228 976 1228 979 1229 926 1229 980 1229 976 1230 978 1230 981 1230 927 1231 926 1231 979 1231 933 1232 930 1232 982 1232 971 1233 983 1233 984 1233 982 1234 930 1234 931 1234 969 1235 985 1235 970 1235 986 1236 982 1236 931 1236 987 1237 982 1237 988 1237 989 1238 971 1238 984 1238 982 1239 986 1239 988 1239 972 1240 928 1240 929 1240 931 1241 932 1241 986 1241 974 1242 990 1242 991 1242 928 1243 972 1243 975 1243 960 1244 991 1244 967 1244 973 1245 966 1245 990 1245 967 1246 990 1246 965 1246 992 1247 993 1247 994 1247 967 1248 968 1248 961 1248 995 1249 961 1249 968 1249 968 1250 965 1250 996 1250 997 1251 942 1251 998 1251 999 1252 995 1252 1000 1252 1001 1253 995 1253 968 1253 1002 1254 1003 1254 1004 1254 1005 1255 999 1255 1000 1255 1006 1256 1007 1256 1008 1256 993 1257 1003 1257 1009 1257 1010 1258 1011 1258 1012 1258 1010 1259 1013 1259 1014 1259 1011 1260 1014 1260 1015 1260 1016 1261 1015 1261 1014 1261 1017 1262 1011 1262 1015 1262 1018 1263 1019 1263 987 1263 1019 1264 1018 1264 1020 1264 1019 1265 982 1265 987 1265 969 1266 1019 1266 1020 1266 1021 1267 933 1267 1019 1267 1022 1268 966 1268 975 1268 1021 1269 1022 1269 972 1269 966 1270 965 1270 990 1270 975 1271 972 1271 1022 1271 1023 1272 1024 1272 1025 1272 981 1273 980 1273 976 1273 923 1274 974 1274 924 1274 973 1275 990 1275 974 1275 1026 1276 980 1276 1023 1276 978 1277 977 1277 991 1277 980 1278 1026 1278 1027 1278 979 1279 980 1279 1027 1279 926 1280 976 1280 980 1280 982 1281 1019 1281 933 1281 985 1282 969 1282 1020 1282 1028 1283 989 1283 1029 1283 933 1284 1021 1284 972 1284 969 1285 1030 1285 1021 1285 1028 1286 1031 1286 989 1286 964 1287 1022 1287 1030 1287 1032 1288 981 1288 978 1288 1022 1289 964 1289 966 1289 1024 1290 1033 1290 1034 1290 981 1291 1035 1291 1023 1291 974 1292 991 1292 977 1292 990 1293 967 1293 991 1293 1023 1294 1035 1294 1024 1294 978 1295 960 1295 1032 1295 1035 1296 981 1296 1032 1296 1026 1297 1023 1297 1025 1297 980 1298 981 1298 1023 1298 1019 1299 969 1299 1021 1299 983 1300 971 1300 970 1300 1031 1301 1036 1301 1037 1301 1021 1302 1030 1302 1022 1302 1038 1303 1030 1303 971 1303 1037 1304 1004 1304 1031 1304 964 1305 1038 1305 996 1305 1033 1306 963 1306 962 1306 964 1307 996 1307 965 1307 1032 1308 1039 1308 1035 1308 1035 1309 1040 1309 1024 1309 991 1310 960 1310 978 1310 967 1311 961 1311 960 1311 1024 1312 1040 1312 1033 1312 1032 1313 954 1313 1039 1313 1024 1314 1041 1314 1025 1314 1039 1315 1040 1315 1035 1315 1034 1316 1041 1316 1024 1316 969 1317 971 1317 1030 1317 1029 1318 989 1318 984 1318 1002 1319 1042 1319 1003 1319 1030 1320 1038 1320 964 1320 1038 1321 989 1321 1043 1321 995 1322 955 1322 961 1322 1043 1323 1001 1323 996 1323 995 1324 999 1324 955 1324 1001 1325 968 1325 996 1325 1039 1326 1044 1326 1040 1326 1040 1327 963 1327 1033 1327 960 1328 954 1328 1032 1328 955 1329 954 1329 961 1329 1045 1330 1033 1330 962 1330 1039 1331 956 1331 1044 1331 1033 1332 1046 1332 1034 1332 1044 1333 963 1333 1040 1333 1045 1334 1046 1334 1033 1334 989 1335 1038 1335 971 1335 1036 1336 1031 1336 1028 1336 1009 1337 1047 1337 993 1337 1038 1338 1043 1338 996 1338 1048 1339 1043 1339 1031 1339 999 1340 957 1340 955 1340 1001 1341 1048 1341 1000 1341 957 1342 939 1342 956 1342 1001 1343 1000 1343 995 1343 1044 1344 938 1344 963 1344 997 1345 962 1345 942 1345 954 1346 956 1346 1039 1346 957 1347 956 1347 955 1347 1049 1348 962 1348 997 1348 1044 1349 939 1349 938 1349 962 1350 1050 1350 1045 1350 938 1351 942 1351 963 1351 1049 1352 1050 1352 962 1352 1031 1353 1043 1353 989 1353 1002 1354 1004 1354 1037 1354 1051 1355 992 1355 994 1355 1043 1356 1048 1356 1001 1356 1052 1357 1048 1357 1004 1357 957 1358 999 1358 958 1358 1052 1359 1005 1359 1000 1359 939 1360 957 1360 959 1360 1005 1361 958 1361 999 1361 943 1362 1053 1362 998 1362 1053 1363 940 1363 998 1363 956 1364 939 1364 1044 1364 959 1365 937 1365 939 1365 1054 1366 997 1366 1055 1366 938 1367 937 1367 943 1367 997 1368 1056 1368 1049 1368 943 1369 998 1369 942 1369 1054 1370 1056 1370 997 1370 1004 1371 1048 1371 1031 1371 1009 1372 1003 1372 1042 1372 1005 1373 1057 1373 958 1373 1048 1374 1052 1374 1000 1374 1058 1375 1052 1375 1003 1375 958 1376 1059 1376 959 1376 1058 1377 1057 1377 1005 1377 959 1378 1060 1378 937 1378 1057 1379 1059 1379 958 1379 937 1380 1061 1380 943 1380 1060 1381 959 1381 1059 1381 940 1382 1055 1382 998 1382 937 1383 1060 1383 1061 1383 1062 1384 1055 1384 935 1384 943 1385 1061 1385 1053 1385 1055 1386 1062 1386 1063 1386 1054 1387 1055 1387 1063 1387 997 1388 998 1388 1055 1388 1003 1389 1052 1389 1004 1389 994 1390 993 1390 1047 1390 1057 1391 1006 1391 1059 1391 1052 1392 1058 1392 1005 1392 993 1393 1064 1393 1058 1393 1059 1394 1008 1394 1060 1394 1064 1395 1006 1395 1057 1395 1060 1396 1065 1396 1061 1396 1006 1397 1008 1397 1059 1397 1061 1398 1066 1398 1053 1398 1008 1399 1065 1399 1060 1399 1067 1400 940 1400 1053 1400 1066 1401 1061 1401 1065 1401 935 1402 941 1402 936 1402 1066 1403 1067 1403 1053 1403 941 1404 940 1404 1067 1404 1062 1405 935 1405 934 1405 1055 1406 940 1406 935 1406 993 1407 1058 1407 1003 1407 992 1408 1051 1408 1068 1408 1069 1409 1065 1409 1008 1409 1058 1410 1064 1410 1057 1410 992 1411 1013 1411 1064 1411 1070 1412 1066 1412 1065 1412 1013 1413 1007 1413 1006 1413 1071 1414 1067 1414 1066 1414 1007 1415 1069 1415 1008 1415 1072 1416 941 1416 1067 1416 1069 1417 1070 1417 1065 1417 944 1418 950 1418 949 1418 1070 1419 1071 1419 1066 1419 941 1420 947 1420 936 1420 1067 1421 1071 1421 1072 1421 936 1422 1073 1422 934 1422 947 1423 941 1423 1072 1423 948 1424 1073 1424 936 1424 993 1425 992 1425 1064 1425 1014 1426 1068 1426 1016 1426 1010 1427 1074 1427 1007 1427 1064 1428 1013 1428 1006 1428 1010 1429 1007 1429 1013 1429 1074 1430 1075 1430 1069 1430 1074 1431 1069 1431 1007 1431 1075 1432 1076 1432 1070 1432 1075 1433 1070 1433 1069 1433 1076 1434 1077 1434 1071 1434 1076 1435 1071 1435 1070 1435 1077 1436 1078 1436 1072 1436 1077 1437 1072 1437 1071 1437 1078 1438 946 1438 947 1438 947 1439 1072 1439 1078 1439 945 1440 1079 1440 948 1440 947 1441 946 1441 945 1441 949 1442 1079 1442 945 1442 1068 1443 1014 1443 992 1443 1013 1444 992 1444 1014 1444 1074 1445 1012 1445 1080 1445 1011 1446 1010 1446 1014 1446 1075 1447 1080 1447 1081 1447 1012 1448 1074 1448 1010 1448 1076 1449 1081 1449 1082 1449 1080 1450 1075 1450 1074 1450 1077 1451 1082 1451 1083 1451 1081 1452 1076 1452 1075 1452 1078 1453 1083 1453 1084 1453 1082 1454 1077 1454 1076 1454 946 1455 1084 1455 1085 1455 1083 1456 1078 1456 1077 1456 944 1457 1085 1457 953 1457 1084 1458 946 1458 1078 1458 1085 1459 944 1459 946 1459 951 1460 944 1460 953 1460 1081 1461 1086 1461 1082 1461 1081 1462 1080 1462 1087 1462 1087 1463 1086 1463 1081 1463 1088 1464 1080 1464 1012 1464 1080 1465 1088 1465 1087 1465 1011 1466 1089 1466 1012 1466 1088 1467 1012 1467 1089 1467 1011 1468 1017 1468 1090 1468 1090 1469 1089 1469 1011 1469 1017 1470 1091 1470 1090 1470 1092 1471 1082 1471 1086 1471 1083 1472 1092 1472 1093 1472 1092 1473 1083 1473 1082 1473 1094 1474 1084 1474 1093 1474 1083 1475 1093 1475 1084 1475 1094 1476 1095 1476 1085 1476 1085 1477 1084 1477 1094 1477 953 1478 1095 1478 1096 1478 1095 1479 953 1479 1085 1479 953 1480 1096 1480 952 1480 1097 1481 1098 1481 1099 1481 1100 1482 1088 1482 1101 1482 1102 1483 1103 1483 1104 1483 1105 1484 1098 1484 1097 1484 1089 1485 1104 1485 1101 1485 1106 1486 1107 1486 1099 1486 1103 1487 1108 1487 1109 1487 1104 1488 1090 1488 1110 1488 1102 1489 1104 1489 1111 1489 1110 1490 1111 1490 1104 1490 1099 1491 1107 1491 1112 1491 1090 1492 1091 1492 1110 1492 1100 1493 1113 1493 1087 1493 1087 1494 1088 1494 1100 1494 1114 1495 1115 1495 1116 1495 1117 1496 1118 1496 1119 1496 1120 1497 1121 1497 1122 1497 1123 1498 1124 1498 1125 1498 1114 1499 1116 1499 1126 1499 1125 1500 1127 1500 1128 1500 1129 1501 1130 1501 1131 1501 1130 1502 1114 1502 1132 1502 1133 1503 1134 1503 1135 1503 1136 1504 1129 1504 1131 1504 1137 1505 1138 1505 1139 1505 1119 1506 1133 1506 1140 1506 1141 1507 1142 1507 1143 1507 1144 1508 1145 1508 1146 1508 1147 1509 1142 1509 1148 1509 1143 1510 1149 1510 1150 1510 1147 1511 1151 1511 1149 1511 1149 1512 1142 1512 1147 1512 1144 1513 1120 1513 1152 1513 1153 1514 1154 1514 1155 1514 1154 1515 1156 1515 1157 1515 1154 1516 1157 1516 1158 1516 1157 1517 1159 1517 1160 1517 1153 1518 1161 1518 1162 1518 1163 1519 1159 1519 1164 1519 1159 1520 1157 1520 1165 1520 1166 1521 1144 1521 1167 1521 1168 1522 1169 1522 1170 1522 1171 1523 1172 1523 1164 1523 1114 1524 1130 1524 1124 1524 1114 1525 1124 1525 1115 1525 1123 1526 1173 1526 1115 1526 1115 1527 1174 1527 1116 1527 1175 1528 1116 1528 1176 1528 1177 1529 1176 1529 1174 1529 1086 1530 1113 1530 1177 1530 1178 1531 1174 1531 1173 1531 1179 1532 1180 1532 1181 1532 1086 1533 1087 1533 1113 1533 1086 1534 1177 1534 1092 1534 1092 1535 1177 1535 1178 1535 1180 1536 1093 1536 1178 1536 1113 1537 1176 1537 1177 1537 1095 1538 1094 1538 1179 1538 1094 1539 1093 1539 1180 1539 1179 1540 1181 1540 1182 1540 1179 1541 1094 1541 1180 1541 1096 1542 1095 1542 1183 1542 1184 1543 1183 1543 1095 1543 1090 1544 1104 1544 1089 1544 1108 1545 1103 1545 1102 1545 1097 1546 1103 1546 1109 1546 1089 1547 1101 1547 1088 1547 1185 1548 1101 1548 1103 1548 1186 1549 1176 1549 1113 1549 1185 1550 1186 1550 1100 1550 1176 1551 1116 1551 1174 1551 1113 1552 1100 1552 1186 1552 1187 1553 1188 1553 1189 1553 1182 1554 1184 1554 1179 1554 1092 1555 1178 1555 1093 1555 1177 1556 1174 1556 1178 1556 1190 1557 1184 1557 1187 1557 1181 1558 1180 1558 1173 1558 1184 1559 1190 1559 1191 1559 1183 1560 1184 1560 1191 1560 1095 1561 1179 1561 1184 1561 1104 1562 1103 1562 1101 1562 1105 1563 1097 1563 1109 1563 1192 1564 1112 1564 1193 1564 1101 1565 1185 1565 1100 1565 1097 1566 1194 1566 1185 1566 1192 1567 1195 1567 1112 1567 1175 1568 1186 1568 1194 1568 1196 1569 1182 1569 1181 1569 1186 1570 1175 1570 1176 1570 1188 1571 1197 1571 1198 1571 1182 1572 1199 1572 1187 1572 1178 1573 1173 1573 1180 1573 1174 1574 1115 1574 1173 1574 1187 1575 1199 1575 1188 1575 1181 1576 1123 1576 1196 1576 1199 1577 1182 1577 1196 1577 1190 1578 1187 1578 1189 1578 1184 1579 1182 1579 1187 1579 1103 1580 1097 1580 1185 1580 1106 1581 1099 1581 1098 1581 1195 1582 1200 1582 1201 1582 1185 1583 1194 1583 1186 1583 1202 1584 1194 1584 1099 1584 1201 1585 1134 1585 1195 1585 1175 1586 1202 1586 1126 1586 1197 1587 1166 1587 1167 1587 1175 1588 1126 1588 1116 1588 1196 1589 1203 1589 1199 1589 1199 1590 1204 1590 1188 1590 1173 1591 1123 1591 1181 1591 1115 1592 1124 1592 1123 1592 1188 1593 1204 1593 1197 1593 1196 1594 1125 1594 1203 1594 1188 1595 1205 1595 1189 1595 1203 1596 1204 1596 1199 1596 1198 1597 1205 1597 1188 1597 1097 1598 1099 1598 1194 1598 1193 1599 1112 1599 1107 1599 1135 1600 1206 1600 1133 1600 1194 1601 1202 1601 1175 1601 1202 1602 1112 1602 1207 1602 1130 1603 1127 1603 1124 1603 1207 1604 1132 1604 1126 1604 1130 1605 1129 1605 1127 1605 1132 1606 1114 1606 1126 1606 1203 1607 1208 1607 1204 1607 1204 1608 1166 1608 1197 1608 1123 1609 1125 1609 1196 1609 1127 1610 1125 1610 1124 1610 1209 1611 1197 1611 1167 1611 1203 1612 1128 1612 1208 1612 1197 1613 1210 1613 1198 1613 1208 1614 1166 1614 1204 1614 1209 1615 1210 1615 1197 1615 1112 1616 1202 1616 1099 1616 1200 1617 1195 1617 1192 1617 1140 1618 1211 1618 1119 1618 1202 1619 1207 1619 1126 1619 1212 1620 1207 1620 1195 1620 1129 1621 1168 1621 1127 1621 1132 1622 1212 1622 1131 1622 1168 1623 1121 1623 1128 1623 1132 1624 1131 1624 1130 1624 1208 1625 1120 1625 1166 1625 1146 1626 1167 1626 1144 1626 1125 1627 1128 1627 1203 1627 1168 1628 1128 1628 1127 1628 1213 1629 1167 1629 1146 1629 1208 1630 1121 1630 1120 1630 1167 1631 1214 1631 1209 1631 1120 1632 1144 1632 1166 1632 1213 1633 1214 1633 1167 1633 1195 1634 1207 1634 1112 1634 1135 1635 1134 1635 1201 1635 1215 1636 1118 1636 1117 1636 1207 1637 1212 1637 1132 1637 1216 1638 1212 1638 1134 1638 1168 1639 1129 1639 1169 1639 1216 1640 1136 1640 1131 1640 1121 1641 1168 1641 1170 1641 1136 1642 1169 1642 1129 1642 1152 1643 1217 1643 1145 1643 1217 1644 1161 1644 1145 1644 1128 1645 1121 1645 1208 1645 1170 1646 1122 1646 1121 1646 1218 1647 1146 1647 1219 1647 1120 1648 1122 1648 1152 1648 1146 1649 1220 1649 1213 1649 1152 1650 1145 1650 1144 1650 1218 1651 1220 1651 1146 1651 1134 1652 1212 1652 1195 1652 1140 1653 1133 1653 1206 1653 1136 1654 1221 1654 1169 1654 1212 1655 1216 1655 1131 1655 1222 1656 1216 1656 1133 1656 1169 1657 1223 1657 1170 1657 1222 1658 1221 1658 1136 1658 1170 1659 1224 1659 1122 1659 1221 1660 1223 1660 1169 1660 1122 1661 1225 1661 1152 1661 1224 1662 1170 1662 1223 1662 1161 1663 1219 1663 1145 1663 1122 1664 1224 1664 1225 1664 1226 1665 1219 1665 1153 1665 1152 1666 1225 1666 1217 1666 1219 1667 1226 1667 1227 1667 1218 1668 1219 1668 1227 1668 1146 1669 1145 1669 1219 1669 1133 1670 1216 1670 1134 1670 1117 1671 1119 1671 1211 1671 1221 1672 1137 1672 1223 1672 1216 1673 1222 1673 1136 1673 1119 1674 1228 1674 1222 1674 1223 1675 1139 1675 1224 1675 1228 1676 1137 1676 1221 1676 1224 1677 1229 1677 1225 1677 1137 1678 1139 1678 1223 1678 1225 1679 1230 1679 1217 1679 1139 1680 1229 1680 1224 1680 1231 1681 1161 1681 1217 1681 1230 1682 1225 1682 1229 1682 1153 1683 1162 1683 1154 1683 1230 1684 1231 1684 1217 1684 1162 1685 1161 1685 1231 1685 1226 1686 1153 1686 1155 1686 1219 1687 1161 1687 1153 1687 1119 1688 1222 1688 1133 1688 1118 1689 1215 1689 1232 1689 1233 1690 1229 1690 1139 1690 1222 1691 1228 1691 1221 1691 1118 1692 1141 1692 1228 1692 1234 1693 1230 1693 1229 1693 1141 1694 1138 1694 1137 1694 1235 1695 1231 1695 1230 1695 1138 1696 1233 1696 1139 1696 1236 1697 1162 1697 1231 1697 1233 1698 1234 1698 1229 1698 1159 1699 1163 1699 1160 1699 1234 1700 1235 1700 1230 1700 1162 1701 1156 1701 1154 1701 1231 1702 1235 1702 1236 1702 1154 1703 1237 1703 1155 1703 1156 1704 1162 1704 1236 1704 1158 1705 1237 1705 1154 1705 1119 1706 1118 1706 1228 1706 1142 1707 1232 1707 1148 1707 1143 1708 1238 1708 1138 1708 1228 1709 1141 1709 1137 1709 1143 1710 1138 1710 1141 1710 1238 1711 1239 1711 1233 1711 1238 1712 1233 1712 1138 1712 1239 1713 1240 1713 1234 1713 1239 1714 1234 1714 1233 1714 1240 1715 1241 1715 1235 1715 1240 1716 1235 1716 1234 1716 1241 1717 1242 1717 1236 1717 1241 1718 1236 1718 1235 1718 1242 1719 1165 1719 1156 1719 1156 1720 1236 1720 1242 1720 1157 1721 1243 1721 1158 1721 1156 1722 1165 1722 1157 1722 1160 1723 1243 1723 1157 1723 1232 1724 1142 1724 1118 1724 1141 1725 1118 1725 1142 1725 1238 1726 1150 1726 1244 1726 1149 1727 1143 1727 1142 1727 1239 1728 1244 1728 1245 1728 1150 1729 1238 1729 1143 1729 1240 1730 1245 1730 1246 1730 1244 1731 1239 1731 1238 1731 1241 1732 1246 1732 1247 1732 1245 1733 1240 1733 1239 1733 1242 1734 1247 1734 1248 1734 1246 1735 1241 1735 1240 1735 1165 1736 1248 1736 1249 1736 1247 1737 1242 1737 1241 1737 1159 1738 1249 1738 1171 1738 1248 1739 1165 1739 1242 1739 1249 1740 1159 1740 1165 1740 1164 1741 1159 1741 1171 1741 1245 1742 639 1742 1246 1742 1245 1743 1244 1743 640 1743 640 1744 639 1744 1245 1744 596 1745 1244 1745 1150 1745 1244 1746 596 1746 640 1746 1149 1747 594 1747 1150 1747 596 1748 1150 1748 594 1748 1149 1749 1151 1749 655 1749 655 1750 594 1750 1149 1750 1151 1751 661 1751 655 1751 636 1752 1246 1752 639 1752 1247 1753 636 1753 645 1753 636 1754 1247 1754 1246 1754 646 1755 1248 1755 645 1755 1247 1756 645 1756 1248 1756 646 1757 647 1757 1249 1757 1249 1758 1248 1758 646 1758 1171 1759 647 1759 651 1759 647 1760 1171 1760 1249 1760 1171 1761 651 1761 1172 1761 1250 1762 785 1762 1251 1762 1252 1763 881 1763 1253 1763 1254 1764 886 1764 885 1764 1255 1765 890 1765 899 1765 890 1766 1256 1766 892 1766 892 1767 1257 1767 885 1767 1258 1768 899 1768 898 1768 863 1769 862 1769 1259 1769 1260 1770 784 1770 915 1770 1261 1771 898 1771 770 1771 909 1772 1262 1772 770 1772 1251 1773 786 1773 1263 1773 786 1774 1251 1774 785 1774 881 1775 886 1775 1253 1775 1263 1776 787 1776 1264 1776 787 1777 1263 1777 786 1777 788 1778 1264 1778 787 1778 1252 1779 1265 1779 882 1779 1264 1780 788 1780 1266 1780 1267 1781 870 1781 1265 1781 862 1782 861 1782 1268 1782 1268 1783 877 1783 1267 1783 815 1784 1269 1784 763 1784 1050 1785 1049 1785 1270 1785 1271 1786 1272 1786 1045 1786 1273 1787 1054 1787 1063 1787 1056 1788 1054 1788 1274 1788 1063 1789 1062 1789 1275 1789 1056 1790 1276 1790 1049 1790 1277 1791 949 1791 1278 1791 1079 1792 1279 1792 948 1792 1278 1793 950 1793 1280 1793 1079 1794 949 1794 1277 1794 1281 1795 934 1795 1073 1795 950 1796 1278 1796 949 1796 1050 1797 1271 1797 1045 1797 1282 1798 1062 1798 934 1798 1280 1799 951 1799 1283 1799 951 1800 1280 1800 950 1800 952 1801 1283 1801 951 1801 1272 1802 1284 1802 1046 1802 1283 1803 952 1803 1285 1803 1286 1804 1034 1804 1284 1804 1096 1805 1183 1805 1287 1805 1288 1806 1041 1806 1286 1806 648 1807 1289 1807 651 1807 1290 1808 1291 1808 1209 1808 1214 1809 1213 1809 1292 1809 1227 1810 1293 1810 1218 1810 1294 1811 1220 1811 1218 1811 1213 1812 1220 1812 1295 1812 1226 1813 1296 1813 1227 1813 1243 1814 1297 1814 1158 1814 1298 1815 1160 1815 1299 1815 1237 1816 1300 1816 1155 1816 1298 1817 1243 1817 1160 1817 1163 1818 1299 1818 1160 1818 1155 1819 1301 1819 1226 1819 1214 1820 1290 1820 1209 1820 1302 1821 1299 1821 1163 1821 1303 1822 1302 1822 1164 1822 1163 1823 1164 1823 1302 1823 1164 1824 1172 1824 1303 1824 1210 1825 1291 1825 1304 1825 1305 1826 1303 1826 1172 1826 1304 1827 1306 1827 1198 1827 1306 1828 1307 1828 1205 1828 1308 1829 1305 1829 651 1829 713 1830 1309 1830 1310 1830 698 1831 697 1831 1310 1831 614 1832 1311 1832 613 1832 615 1833 1312 1833 614 1833 726 1834 735 1834 1313 1834 717 1835 1314 1835 1315 1835 728 1836 726 1836 1316 1836 1317 1837 722 1837 721 1837 1318 1838 735 1838 734 1838 728 1839 1319 1839 721 1839 1320 1840 1321 1840 612 1840 611 1841 751 1841 1322 1841 1311 1842 1320 1842 613 1842 1323 1843 699 1843 698 1843 745 1844 1324 1844 597 1844 612 1845 613 1845 1320 1845 717 1846 722 1846 1314 1846 597 1847 1325 1847 734 1847 718 1848 1315 1848 1326 1848 1312 1849 1311 1849 614 1849 1312 1850 615 1850 1327 1850 1326 1851 1309 1851 706 1851 788 1852 927 1852 1266 1852 1288 1853 1026 1853 1025 1853 915 1854 1250 1854 1260 1854 785 1855 1250 1855 915 1855 1262 1856 909 1856 1260 1856 909 1857 784 1857 1260 1857 1261 1858 770 1858 1262 1858 1258 1859 898 1859 1261 1859 1255 1860 899 1860 1258 1860 1256 1861 890 1861 1255 1861 1257 1862 892 1862 1256 1862 1254 1863 885 1863 1257 1863 1253 1864 886 1864 1254 1864 882 1865 881 1865 1252 1865 870 1866 882 1866 1265 1866 877 1867 870 1867 1267 1867 861 1868 877 1868 1268 1868 1259 1869 862 1869 1268 1869 863 1870 1328 1870 815 1870 1328 1871 863 1871 1259 1871 1329 1872 615 1872 763 1872 1328 1873 1269 1873 815 1873 763 1874 1269 1874 1329 1874 615 1875 1329 1875 1327 1875 751 1876 1321 1876 1322 1876 612 1877 1321 1877 751 1877 1324 1878 745 1878 1322 1878 745 1879 611 1879 1322 1879 1325 1880 597 1880 1324 1880 1318 1881 734 1881 1325 1881 1313 1882 735 1882 1318 1882 1316 1883 726 1883 1313 1883 1319 1884 728 1884 1316 1884 1317 1885 721 1885 1319 1885 1314 1886 722 1886 1317 1886 718 1887 717 1887 1315 1887 706 1888 718 1888 1326 1888 713 1889 706 1889 1309 1889 697 1890 713 1890 1310 1890 1323 1891 698 1891 1310 1891 699 1892 1330 1892 648 1892 1330 1893 699 1893 1323 1893 1330 1894 1289 1894 648 1894 651 1895 1289 1895 1308 1895 1172 1896 651 1896 1305 1896 1307 1897 1190 1897 1189 1897 1331 1898 1191 1898 1190 1898 1243 1899 1298 1899 1297 1899 1300 1900 1237 1900 1297 1900 1237 1901 1158 1901 1297 1901 1301 1902 1155 1902 1300 1902 1296 1903 1226 1903 1301 1903 1293 1904 1227 1904 1296 1904 1294 1905 1218 1905 1293 1905 1295 1906 1220 1906 1294 1906 1292 1907 1213 1907 1295 1907 1290 1908 1214 1908 1292 1908 1210 1909 1209 1909 1291 1909 1198 1910 1210 1910 1304 1910 1205 1911 1198 1911 1306 1911 1189 1912 1205 1912 1307 1912 1331 1913 1190 1913 1307 1913 1191 1914 1332 1914 1183 1914 1332 1915 1191 1915 1331 1915 1332 1916 1287 1916 1183 1916 1096 1917 1287 1917 1333 1917 1096 1918 1333 1918 952 1918 1334 1919 927 1919 979 1919 952 1920 1333 1920 1285 1920 1335 1921 1027 1921 1026 1921 1079 1922 1277 1922 1279 1922 1281 1923 1073 1923 1279 1923 1073 1924 948 1924 1279 1924 1282 1925 934 1925 1281 1925 1275 1926 1062 1926 1282 1926 1273 1927 1063 1927 1275 1927 1274 1928 1054 1928 1273 1928 1276 1929 1056 1929 1274 1929 1270 1930 1049 1930 1276 1930 1271 1931 1050 1931 1270 1931 1046 1932 1045 1932 1272 1932 1034 1933 1046 1933 1284 1933 1041 1934 1034 1934 1286 1934 1025 1935 1041 1935 1288 1935 1335 1936 1026 1936 1288 1936 1027 1937 1336 1937 979 1937 1336 1938 1027 1938 1335 1938 1336 1939 1334 1939 979 1939 927 1940 1334 1940 1337 1940 927 1941 1337 1941 1266 1941 688 1942 1338 1942 1339 1942 1340 1943 689 1943 687 1943 1341 1944 666 1944 1342 1944 723 1945 1343 1945 740 1945 714 1946 1344 1946 1345 1946 681 1947 1346 1947 719 1947 1347 1948 1348 1948 708 1948 1349 1949 674 1949 709 1949 1350 1950 654 1950 1351 1950 700 1951 701 1951 1352 1951 633 1952 656 1952 1353 1952 633 1953 1354 1953 653 1953 1355 1954 692 1954 1356 1954 692 1955 1355 1955 656 1955 1357 1956 1356 1956 690 1956 692 1957 690 1957 1356 1957 658 1958 1358 1958 1357 1958 1357 1959 690 1959 658 1959 1358 1960 659 1960 1359 1960 659 1961 1358 1961 658 1961 1360 1962 1359 1962 657 1962 659 1963 657 1963 1359 1963 1353 1964 656 1964 1355 1964 1360 1965 657 1965 661 1965 1353 1966 1354 1966 633 1966 1351 1967 654 1967 653 1967 1354 1968 1351 1968 653 1968 1350 1969 1352 1969 701 1969 654 1970 1350 1970 701 1970 700 1971 1347 1971 708 1971 700 1972 1352 1972 1347 1972 709 1973 1348 1973 1349 1973 709 1974 708 1974 1348 1974 714 1975 674 1975 1344 1975 1344 1976 674 1976 1349 1976 1346 1977 681 1977 1345 1977 1345 1978 681 1978 714 1978 1342 1979 666 1979 719 1979 1346 1980 1342 1980 719 1980 1341 1981 1343 1981 723 1981 666 1982 1341 1982 723 1982 740 1983 1338 1983 688 1983 740 1984 1343 1984 1338 1984 1340 1985 687 1985 1339 1985 687 1986 688 1986 1339 1986 1340 1987 768 1987 689 1987 768 1988 1340 1988 1361 1988 852 1989 1362 1989 1363 1989 1364 1990 853 1990 851 1990 1365 1991 830 1991 1366 1991 887 1992 1367 1992 904 1992 878 1993 1368 1993 1369 1993 845 1994 1370 1994 883 1994 1371 1995 1372 1995 872 1995 1373 1996 838 1996 873 1996 1374 1997 820 1997 1375 1997 864 1998 865 1998 1376 1998 806 1999 821 1999 1377 1999 806 2000 1378 2000 819 2000 1379 2001 856 2001 1380 2001 856 2002 1379 2002 821 2002 1381 2003 1380 2003 854 2003 856 2004 854 2004 1380 2004 823 2005 1382 2005 1381 2005 1381 2006 854 2006 823 2006 1382 2007 824 2007 1383 2007 824 2008 1382 2008 823 2008 1361 2009 1383 2009 822 2009 824 2010 822 2010 1383 2010 1377 2011 821 2011 1379 2011 1361 2012 822 2012 768 2012 1377 2013 1378 2013 806 2013 1375 2014 820 2014 819 2014 1378 2015 1375 2015 819 2015 1374 2016 1376 2016 865 2016 820 2017 1374 2017 865 2017 864 2018 1371 2018 872 2018 864 2019 1376 2019 1371 2019 873 2020 1372 2020 1373 2020 873 2021 872 2021 1372 2021 878 2022 838 2022 1368 2022 1368 2023 838 2023 1373 2023 1370 2024 845 2024 1369 2024 1369 2025 845 2025 878 2025 1366 2026 830 2026 883 2026 1370 2027 1366 2027 883 2027 1365 2028 1367 2028 887 2028 830 2029 1365 2029 887 2029 904 2030 1362 2030 852 2030 904 2031 1367 2031 1362 2031 1364 2032 851 2032 1363 2032 851 2033 852 2033 1363 2033 932 2034 853 2034 1364 2034 932 2035 1364 2035 1384 2035 1016 2036 1385 2036 1386 2036 1387 2037 1017 2037 1015 2037 1388 2038 994 2038 1389 2038 1051 2039 1390 2039 1068 2039 1042 2040 1391 2040 1392 2040 1009 2041 1393 2041 1047 2041 1394 2042 1395 2042 1036 2042 1396 2043 1002 2043 1037 2043 1397 2044 984 2044 1398 2044 1028 2045 1029 2045 1399 2045 970 2046 985 2046 1400 2046 970 2047 1401 2047 983 2047 1402 2048 1020 2048 1403 2048 1020 2049 1402 2049 985 2049 1404 2050 1403 2050 1018 2050 1020 2051 1018 2051 1403 2051 987 2052 1405 2052 1404 2052 1404 2053 1018 2053 987 2053 1405 2054 988 2054 1406 2054 988 2055 1405 2055 987 2055 1384 2056 1406 2056 986 2056 988 2057 986 2057 1406 2057 1400 2058 985 2058 1402 2058 1384 2059 986 2059 932 2059 1400 2060 1401 2060 970 2060 1398 2061 984 2061 983 2061 1401 2062 1398 2062 983 2062 1397 2063 1399 2063 1029 2063 984 2064 1397 2064 1029 2064 1028 2065 1394 2065 1036 2065 1028 2066 1399 2066 1394 2066 1037 2067 1395 2067 1396 2067 1037 2068 1036 2068 1395 2068 1042 2069 1002 2069 1391 2069 1391 2070 1002 2070 1396 2070 1393 2071 1009 2071 1392 2071 1392 2072 1009 2072 1042 2072 1389 2073 994 2073 1047 2073 1393 2074 1389 2074 1047 2074 1388 2075 1390 2075 1051 2075 994 2076 1388 2076 1051 2076 1068 2077 1385 2077 1016 2077 1068 2078 1390 2078 1385 2078 1387 2079 1015 2079 1386 2079 1015 2080 1016 2080 1386 2080 1091 2081 1017 2081 1387 2081 1091 2082 1387 2082 1407 2082 1148 2083 1408 2083 1409 2083 1410 2084 1151 2084 1147 2084 1411 2085 1117 2085 1412 2085 1215 2086 1413 2086 1232 2086 1206 2087 1414 2087 1415 2087 1140 2088 1416 2088 1211 2088 1417 2089 1418 2089 1200 2089 1419 2090 1135 2090 1201 2090 1420 2091 1107 2091 1421 2091 1192 2092 1193 2092 1422 2092 1098 2093 1105 2093 1423 2093 1098 2094 1424 2094 1106 2094 1425 2095 1109 2095 1426 2095 1109 2096 1425 2096 1105 2096 1427 2097 1426 2097 1108 2097 1109 2098 1108 2098 1426 2098 1102 2099 1428 2099 1427 2099 1427 2100 1108 2100 1102 2100 1428 2101 1111 2101 1429 2101 1111 2102 1428 2102 1102 2102 1407 2103 1429 2103 1110 2103 1111 2104 1110 2104 1429 2104 1423 2105 1105 2105 1425 2105 1407 2106 1110 2106 1091 2106 1423 2107 1424 2107 1098 2107 1421 2108 1107 2108 1106 2108 1424 2109 1421 2109 1106 2109 1420 2110 1422 2110 1193 2110 1107 2111 1420 2111 1193 2111 1192 2112 1417 2112 1200 2112 1192 2113 1422 2113 1417 2113 1201 2114 1418 2114 1419 2114 1201 2115 1200 2115 1418 2115 1206 2116 1135 2116 1414 2116 1414 2117 1135 2117 1419 2117 1416 2118 1140 2118 1415 2118 1415 2119 1140 2119 1206 2119 1412 2120 1117 2120 1211 2120 1416 2121 1412 2121 1211 2121 1411 2122 1413 2122 1215 2122 1117 2123 1411 2123 1215 2123 1232 2124 1408 2124 1148 2124 1232 2125 1413 2125 1408 2125 1410 2126 1147 2126 1409 2126 1147 2127 1148 2127 1409 2127 1410 2128 661 2128 1151 2128 661 2129 1410 2129 1360 2129 1308 2130 284 2130 1305 2130 1308 2131 276 2131 284 2131 289 2132 1295 2132 290 2132 1292 2133 289 2133 291 2133 289 2134 1292 2134 1295 2134 291 2135 294 2135 1290 2135 1290 2136 1292 2136 291 2136 301 2137 1291 2137 294 2137 1290 2138 294 2138 1291 2138 1304 2139 301 2139 297 2139 301 2140 1304 2140 1291 2140 297 2141 302 2141 1306 2141 1306 2142 1304 2142 297 2142 298 2143 1307 2143 302 2143 1306 2144 302 2144 1307 2144 1331 2145 298 2145 308 2145 298 2146 1331 2146 1307 2146 308 2147 311 2147 1332 2147 1332 2148 1331 2148 308 2148 310 2149 1287 2149 311 2149 1332 2150 311 2150 1287 2150 1333 2151 310 2151 312 2151 310 2152 1333 2152 1287 2152 1295 2153 1294 2153 290 2153 1293 2154 242 2154 1294 2154 290 2155 1294 2155 242 2155 286 2156 1293 2156 1296 2156 1293 2157 286 2157 242 2157 1296 2158 1301 2158 303 2158 303 2159 286 2159 1296 2159 1300 2160 306 2160 1301 2160 303 2161 1301 2161 306 2161 404 2162 1300 2162 1297 2162 1300 2163 404 2163 306 2163 1297 2164 1298 2164 318 2164 318 2165 404 2165 1297 2165 1299 2166 316 2166 1298 2166 318 2167 1298 2167 316 2167 314 2168 1299 2168 1302 2168 1299 2169 314 2169 316 2169 1302 2170 1303 2170 403 2170 403 2171 314 2171 1302 2171 403 2172 1303 2172 284 2172 1303 2173 1305 2173 284 2173 1333 2174 312 2174 367 2174 367 2175 1285 2175 1333 2175 332 2176 1276 2176 326 2176 1270 2177 332 2177 336 2177 332 2178 1270 2178 1276 2178 336 2179 337 2179 1271 2179 1271 2180 1270 2180 336 2180 344 2181 1272 2181 337 2181 1271 2182 337 2182 1272 2182 1284 2183 344 2183 346 2183 344 2184 1284 2184 1272 2184 346 2185 341 2185 1286 2185 1286 2186 1284 2186 346 2186 343 2187 1288 2187 341 2187 1286 2188 341 2188 1288 2188 1335 2189 343 2189 348 2189 343 2190 1335 2190 1288 2190 348 2191 354 2191 1336 2191 1336 2192 1335 2192 348 2192 353 2193 1334 2193 354 2193 1336 2194 354 2194 1334 2194 1337 2195 353 2195 357 2195 353 2196 1337 2196 1334 2196 1276 2197 1274 2197 326 2197 1273 2198 329 2198 1274 2198 326 2199 1274 2199 329 2199 334 2200 1273 2200 1275 2200 1273 2201 334 2201 329 2201 1275 2202 1282 2202 349 2202 349 2203 334 2203 1275 2203 1281 2204 352 2204 1282 2204 349 2205 1282 2205 352 2205 358 2206 1281 2206 1279 2206 1281 2207 358 2207 352 2207 1279 2208 1277 2208 417 2208 417 2209 358 2209 1279 2209 1278 2210 361 2210 1277 2210 417 2211 1277 2211 361 2211 362 2212 1278 2212 1280 2212 1278 2213 362 2213 361 2213 1280 2214 1283 2214 416 2214 416 2215 362 2215 1280 2215 416 2216 1283 2216 367 2216 1283 2217 1285 2217 367 2217 1337 2218 357 2218 325 2218 325 2219 1266 2219 1337 2219 376 2220 1257 2220 369 2220 1254 2221 376 2221 380 2221 376 2222 1254 2222 1257 2222 380 2223 373 2223 1253 2223 1253 2224 1254 2224 380 2224 387 2225 1252 2225 373 2225 1253 2226 373 2226 1252 2226 1265 2227 387 2227 383 2227 387 2228 1265 2228 1252 2228 383 2229 381 2229 1267 2229 1267 2230 1265 2230 383 2230 377 2231 1268 2231 381 2231 1267 2232 381 2232 1268 2232 1259 2233 377 2233 390 2233 377 2234 1259 2234 1268 2234 390 2235 393 2235 1328 2235 1328 2236 1259 2236 390 2236 392 2237 1269 2237 393 2237 1328 2238 393 2238 1269 2238 1329 2239 392 2239 396 2239 392 2240 1329 2240 1269 2240 1257 2241 1256 2241 369 2241 1255 2242 365 2242 1256 2242 369 2243 1256 2243 365 2243 371 2244 1255 2244 1258 2244 1255 2245 371 2245 365 2245 1258 2246 1261 2246 385 2246 385 2247 371 2247 1258 2247 1262 2248 388 2248 1261 2248 385 2249 1261 2249 388 2249 413 2250 1262 2250 1260 2250 1262 2251 413 2251 388 2251 1260 2252 1250 2252 400 2252 400 2253 413 2253 1260 2253 1251 2254 398 2254 1250 2254 400 2255 1250 2255 398 2255 321 2256 1251 2256 1263 2256 1251 2257 321 2257 398 2257 1263 2258 1264 2258 319 2258 319 2259 321 2259 1263 2259 319 2260 1264 2260 325 2260 1264 2261 1266 2261 325 2261 1329 2262 407 2262 1327 2262 1329 2263 396 2263 407 2263 256 2264 1319 2264 250 2264 1317 2265 256 2265 260 2265 256 2266 1317 2266 1319 2266 260 2267 253 2267 1314 2267 1314 2268 1317 2268 260 2268 267 2269 1315 2269 253 2269 1314 2270 253 2270 1315 2270 1326 2271 267 2271 262 2271 267 2272 1326 2272 1315 2272 262 2273 264 2273 1309 2273 1309 2274 1326 2274 262 2274 257 2275 1310 2275 264 2275 1309 2276 264 2276 1310 2276 1323 2277 257 2277 271 2277 257 2278 1323 2278 1310 2278 271 2279 273 2279 1330 2279 1330 2280 1323 2280 271 2280 272 2281 1289 2281 273 2281 1330 2282 273 2282 1289 2282 1308 2283 272 2283 276 2283 272 2284 1308 2284 1289 2284 1319 2285 1316 2285 250 2285 1313 2286 245 2286 1316 2286 250 2287 1316 2287 245 2287 248 2288 1313 2288 1318 2288 1313 2289 248 2289 245 2289 1318 2290 1325 2290 266 2290 266 2291 248 2291 1318 2291 1324 2292 268 2292 1325 2292 266 2293 1325 2293 268 2293 277 2294 1324 2294 1322 2294 1324 2295 277 2295 268 2295 1322 2296 1321 2296 410 2296 410 2297 277 2297 1322 2297 1320 2298 280 2298 1321 2298 410 2299 1321 2299 280 2299 281 2300 1320 2300 1311 2300 1320 2301 281 2301 280 2301 1311 2302 1312 2302 409 2302 409 2303 281 2303 1311 2303 409 2304 1312 2304 407 2304 1312 2305 1327 2305 407 2305 1430 2306 1431 2306 1432 2306 1433 2307 1434 2307 1435 2307 1436 2308 1432 2308 1437 2308 1438 2309 1439 2309 1440 2309 1441 2310 1437 2310 1434 2310 1430 2311 1442 2311 1431 2311 1437 2312 1443 2312 1436 2312 1444 2313 1441 2313 1434 2313 1441 2314 1443 2314 1437 2314 1445 2315 1433 2315 1435 2315 1446 2316 1447 2316 1445 2316 1439 2317 1431 2317 1440 2317 1448 2318 1449 2318 1450 2318 1451 2319 1452 2319 1439 2319 1453 2320 1454 2320 1455 2320 1456 2321 1457 2321 1458 2321 1459 2322 1460 2322 1461 2322 1462 2323 1463 2323 1464 2323 1465 2324 1466 2324 1467 2324 1468 2325 1463 2325 1469 2325 1470 2326 1471 2326 1472 2326 1471 2327 1473 2327 1474 2327 1475 2328 1470 2328 1476 2328 1477 2329 1478 2329 1475 2329 1479 2330 1458 2330 1480 2330 1477 2331 1481 2331 1482 2331 1483 2332 1484 2332 1481 2332 1478 2333 1485 2333 1486 2333 1487 2334 1483 2334 1481 2334 1481 2335 1488 2335 1487 2335 1489 2336 1483 2336 1487 2336 1490 2337 1480 2337 1491 2337 1455 2338 1492 2338 1493 2338 1494 2339 1492 2339 1480 2339 1495 2340 1496 2340 1343 2340 1497 2341 1498 2341 1499 2341 1338 2342 1496 2342 1339 2342 1500 2343 1499 2343 1498 2343 1501 2344 1340 2344 1339 2344 1468 2345 1459 2345 1461 2345 1502 2346 1503 2346 1504 2346 1505 2347 1448 2347 1464 2347 1506 2348 1507 2348 1508 2348 1509 2349 1464 2349 1450 2349 1510 2350 1446 2350 1449 2350 1450 2351 1446 2351 1445 2351 1506 2352 1511 2352 1512 2352 1513 2353 1473 2353 1452 2353 1514 2354 1510 2354 1515 2354 1447 2355 1446 2355 1514 2355 1509 2356 1450 2356 1445 2356 1514 2357 1446 2357 1510 2357 1515 2358 1516 2358 1517 2358 1506 2359 1512 2359 1518 2359 1519 2360 1517 2360 1520 2360 1516 2361 1520 2361 1517 2361 1520 2362 1516 2362 1512 2362 1519 2363 1520 2363 1521 2363 1522 2364 1523 2364 1524 2364 1523 2365 1522 2365 1521 2365 1360 2366 1524 2366 1359 2366 1523 2367 1359 2367 1524 2367 1437 2368 1435 2368 1434 2368 1430 2369 1432 2369 1436 2369 1452 2370 1451 2370 1525 2370 1445 2371 1447 2371 1433 2371 1526 2372 1435 2372 1437 2372 1464 2373 1509 2373 1462 2373 1435 2374 1526 2374 1509 2374 1518 2375 1512 2375 1516 2375 1512 2376 1527 2376 1520 2376 1510 2377 1516 2377 1515 2377 1449 2378 1446 2378 1450 2378 1528 2379 1523 2379 1521 2379 1510 2380 1518 2380 1516 2380 1357 2381 1523 2381 1528 2381 1357 2382 1358 2382 1523 2382 1519 2383 1521 2383 1522 2383 1527 2384 1528 2384 1521 2384 1359 2385 1523 2385 1358 2385 1526 2386 1437 2386 1432 2386 1440 2387 1431 2387 1442 2387 1529 2388 1473 2388 1513 2388 1509 2389 1445 2389 1435 2389 1530 2390 1526 2390 1432 2390 1463 2391 1462 2391 1469 2391 1526 2392 1530 2392 1462 2392 1531 2393 1506 2393 1518 2393 1506 2394 1531 2394 1507 2394 1449 2395 1518 2395 1510 2395 1448 2396 1450 2396 1464 2396 1527 2397 1532 2397 1528 2397 1449 2398 1531 2398 1518 2398 1355 2399 1528 2399 1532 2399 1528 2400 1355 2400 1356 2400 1520 2401 1527 2401 1521 2401 1511 2402 1532 2402 1527 2402 1357 2403 1528 2403 1356 2403 1530 2404 1432 2404 1431 2404 1451 2405 1439 2405 1438 2405 1473 2406 1529 2406 1474 2406 1462 2407 1509 2407 1526 2407 1533 2408 1530 2408 1431 2408 1459 2409 1468 2409 1469 2409 1469 2410 1530 2410 1533 2410 1457 2411 1507 2411 1531 2411 1534 2412 1351 2412 1535 2412 1448 2413 1531 2413 1449 2413 1505 2414 1464 2414 1463 2414 1456 2415 1507 2415 1457 2415 1448 2416 1457 2416 1531 2416 1511 2417 1535 2417 1532 2417 1532 2418 1354 2418 1353 2418 1512 2419 1511 2419 1527 2419 1508 2420 1535 2420 1511 2420 1355 2421 1532 2421 1353 2421 1533 2422 1431 2422 1439 2422 1513 2423 1452 2423 1525 2423 1536 2424 1475 2424 1476 2424 1469 2425 1462 2425 1530 2425 1533 2426 1439 2426 1537 2426 1491 2427 1505 2427 1463 2427 1459 2428 1533 2428 1537 2428 1534 2429 1538 2429 1502 2429 1538 2430 1507 2430 1456 2430 1505 2431 1457 2431 1448 2431 1491 2432 1463 2432 1468 2432 1479 2433 1456 2433 1458 2433 1505 2434 1458 2434 1457 2434 1508 2435 1534 2435 1535 2435 1535 2436 1354 2436 1532 2436 1506 2437 1508 2437 1511 2437 1538 2438 1534 2438 1508 2438 1351 2439 1354 2439 1535 2439 1452 2440 1537 2440 1439 2440 1472 2441 1471 2441 1539 2441 1540 2442 1541 2442 1477 2442 1459 2443 1469 2443 1533 2443 1537 2444 1452 2444 1542 2444 1468 2445 1461 2445 1490 2445 1460 2446 1459 2446 1537 2446 1493 2447 1543 2447 1499 2447 1503 2448 1456 2448 1479 2448 1491 2449 1458 2449 1505 2449 1490 2450 1491 2450 1468 2450 1492 2451 1479 2451 1480 2451 1480 2452 1458 2452 1491 2452 1352 2453 1534 2453 1502 2453 1350 2454 1351 2454 1534 2454 1507 2455 1538 2455 1508 2455 1503 2456 1502 2456 1538 2456 1352 2457 1350 2457 1534 2457 1473 2458 1542 2458 1452 2458 1539 2459 1471 2459 1474 2459 1466 2460 1544 2460 1460 2460 1542 2461 1460 2461 1537 2461 1542 2462 1473 2462 1545 2462 1544 2463 1546 2463 1461 2463 1466 2464 1460 2464 1542 2464 1546 2465 1494 2465 1490 2465 1461 2466 1460 2466 1544 2466 1547 2467 1479 2467 1492 2467 1490 2468 1461 2468 1546 2468 1494 2469 1493 2469 1492 2469 1494 2470 1480 2470 1490 2470 1348 2471 1502 2471 1504 2471 1348 2472 1347 2472 1502 2472 1456 2473 1503 2473 1538 2473 1504 2474 1503 2474 1547 2474 1352 2475 1502 2475 1347 2475 1471 2476 1545 2476 1473 2476 1476 2477 1470 2477 1472 2477 1548 2478 1544 2478 1465 2478 1545 2479 1466 2479 1542 2479 1549 2480 1545 2480 1471 2480 1543 2481 1546 2481 1548 2481 1467 2482 1466 2482 1545 2482 1493 2483 1494 2483 1543 2483 1465 2484 1544 2484 1466 2484 1500 2485 1495 2485 1453 2485 1546 2486 1544 2486 1548 2486 1454 2487 1504 2487 1547 2487 1494 2488 1546 2488 1543 2488 1344 2489 1504 2489 1454 2489 1344 2490 1349 2490 1504 2490 1479 2491 1547 2491 1503 2491 1455 2492 1454 2492 1547 2492 1348 2493 1504 2493 1349 2493 1549 2494 1471 2494 1470 2494 1540 2495 1475 2495 1536 2495 1467 2496 1550 2496 1551 2496 1549 2497 1467 2497 1545 2497 1470 2498 1552 2498 1549 2498 1465 2499 1551 2499 1553 2499 1549 2500 1550 2500 1467 2500 1548 2501 1553 2501 1554 2501 1467 2502 1551 2502 1465 2502 1543 2503 1554 2503 1499 2503 1465 2504 1553 2504 1548 2504 1493 2505 1499 2505 1500 2505 1543 2506 1548 2506 1554 2506 1346 2507 1454 2507 1453 2507 1454 2508 1346 2508 1345 2508 1492 2509 1455 2509 1547 2509 1500 2510 1453 2510 1455 2510 1344 2511 1454 2511 1345 2511 1552 2512 1470 2512 1475 2512 1477 2513 1541 2513 1555 2513 1486 2514 1550 2514 1552 2514 1552 2515 1550 2515 1549 2515 1552 2516 1478 2516 1486 2516 1556 2517 1551 2517 1550 2517 1550 2518 1486 2518 1556 2518 1557 2519 1553 2519 1551 2519 1551 2520 1556 2520 1557 2520 1558 2521 1554 2521 1553 2521 1553 2522 1557 2522 1558 2522 1497 2523 1499 2523 1554 2523 1554 2524 1558 2524 1497 2524 1343 2525 1496 2525 1338 2525 1453 2526 1341 2526 1342 2526 1493 2527 1500 2527 1455 2527 1498 2528 1495 2528 1500 2528 1346 2529 1453 2529 1342 2529 1477 2530 1475 2530 1540 2530 1555 2531 1488 2531 1481 2531 1556 2532 1486 2532 1559 2532 1475 2533 1478 2533 1552 2533 1478 2534 1482 2534 1485 2534 1557 2535 1556 2535 1560 2535 1486 2536 1485 2536 1559 2536 1558 2537 1557 2537 1561 2537 1556 2538 1559 2538 1560 2538 1497 2539 1558 2539 1562 2539 1557 2540 1560 2540 1561 2540 1498 2541 1497 2541 1563 2541 1558 2542 1561 2542 1562 2542 1495 2543 1498 2543 1496 2543 1562 2544 1563 2544 1497 2544 1495 2545 1341 2545 1453 2545 1563 2546 1496 2546 1498 2546 1343 2547 1341 2547 1495 2547 1555 2548 1481 2548 1477 2548 1477 2549 1482 2549 1478 2549 1484 2550 1564 2550 1482 2550 1481 2551 1484 2551 1482 2551 1564 2552 1565 2552 1485 2552 1482 2553 1564 2553 1485 2553 1565 2554 1566 2554 1559 2554 1485 2555 1565 2555 1559 2555 1566 2556 1567 2556 1560 2556 1559 2557 1566 2557 1560 2557 1567 2558 1568 2558 1561 2558 1560 2559 1567 2559 1561 2559 1568 2560 1569 2560 1562 2560 1561 2561 1568 2561 1562 2561 1569 2562 1501 2562 1563 2562 1562 2563 1569 2563 1563 2563 1339 2564 1496 2564 1501 2564 1563 2565 1501 2565 1496 2565 1565 2566 1570 2566 1566 2566 1565 2567 1564 2567 1571 2567 1571 2568 1570 2568 1565 2568 1572 2569 1564 2569 1484 2569 1564 2570 1572 2570 1571 2570 1483 2571 1573 2571 1484 2571 1572 2572 1484 2572 1573 2572 1483 2573 1489 2573 1574 2573 1574 2574 1573 2574 1483 2574 1489 2575 1575 2575 1574 2575 1576 2576 1566 2576 1570 2576 1567 2577 1576 2577 1577 2577 1576 2578 1567 2578 1566 2578 1578 2579 1568 2579 1577 2579 1567 2580 1577 2580 1568 2580 1578 2581 1579 2581 1569 2581 1569 2582 1568 2582 1578 2582 1501 2583 1579 2583 1361 2583 1579 2584 1501 2584 1569 2584 1501 2585 1361 2585 1340 2585 1580 2586 1581 2586 1582 2586 1573 2587 1574 2587 1583 2587 1584 2588 1582 2588 1585 2588 1586 2589 1587 2589 1588 2589 1589 2590 1585 2590 1574 2590 1580 2591 1590 2591 1581 2591 1585 2592 1591 2592 1584 2592 1575 2593 1589 2593 1574 2593 1589 2594 1591 2594 1585 2594 1592 2595 1573 2595 1583 2595 1593 2596 1572 2596 1592 2596 1587 2597 1581 2597 1588 2597 1594 2598 1595 2598 1596 2598 1597 2599 1598 2599 1587 2599 1599 2600 1600 2600 1601 2600 1602 2601 1603 2601 1604 2601 1605 2602 1606 2602 1607 2602 1608 2603 1609 2603 1610 2603 1611 2604 1612 2604 1613 2604 1614 2605 1609 2605 1615 2605 1616 2606 1617 2606 1618 2606 1617 2607 1619 2607 1620 2607 1621 2608 1616 2608 1622 2608 1623 2609 1624 2609 1621 2609 1625 2610 1604 2610 1626 2610 1623 2611 1627 2611 1628 2611 1629 2612 1630 2612 1627 2612 1624 2613 1631 2613 1632 2613 1633 2614 1629 2614 1627 2614 1627 2615 1634 2615 1633 2615 1635 2616 1629 2616 1633 2616 1636 2617 1626 2617 1637 2617 1601 2618 1638 2618 1639 2618 1640 2619 1638 2619 1626 2619 1641 2620 1642 2620 1367 2620 1643 2621 1644 2621 1645 2621 1362 2622 1642 2622 1363 2622 1646 2623 1645 2623 1644 2623 1647 2624 1364 2624 1363 2624 1614 2625 1605 2625 1607 2625 1648 2626 1649 2626 1650 2626 1651 2627 1594 2627 1610 2627 1652 2628 1653 2628 1654 2628 1655 2629 1610 2629 1596 2629 1656 2630 1593 2630 1595 2630 1596 2631 1593 2631 1592 2631 1652 2632 1657 2632 1658 2632 1659 2633 1619 2633 1598 2633 1571 2634 1656 2634 1570 2634 1572 2635 1593 2635 1571 2635 1655 2636 1596 2636 1592 2636 1571 2637 1593 2637 1656 2637 1570 2638 1660 2638 1576 2638 1652 2639 1658 2639 1661 2639 1577 2640 1576 2640 1662 2640 1660 2641 1662 2641 1576 2641 1662 2642 1660 2642 1658 2642 1577 2643 1662 2643 1663 2643 1578 2644 1664 2644 1579 2644 1664 2645 1578 2645 1663 2645 1361 2646 1579 2646 1383 2646 1664 2647 1383 2647 1579 2647 1585 2648 1583 2648 1574 2648 1580 2649 1582 2649 1584 2649 1598 2650 1597 2650 1665 2650 1592 2651 1572 2651 1573 2651 1666 2652 1583 2652 1585 2652 1610 2653 1655 2653 1608 2653 1583 2654 1666 2654 1655 2654 1661 2655 1658 2655 1660 2655 1658 2656 1667 2656 1662 2656 1656 2657 1660 2657 1570 2657 1595 2658 1593 2658 1596 2658 1668 2659 1664 2659 1663 2659 1656 2660 1661 2660 1660 2660 1381 2661 1664 2661 1668 2661 1381 2662 1382 2662 1664 2662 1577 2663 1663 2663 1578 2663 1667 2664 1668 2664 1663 2664 1383 2665 1664 2665 1382 2665 1666 2666 1585 2666 1582 2666 1588 2667 1581 2667 1590 2667 1669 2668 1619 2668 1659 2668 1655 2669 1592 2669 1583 2669 1670 2670 1666 2670 1582 2670 1609 2671 1608 2671 1615 2671 1666 2672 1670 2672 1608 2672 1671 2673 1652 2673 1661 2673 1652 2674 1671 2674 1653 2674 1595 2675 1661 2675 1656 2675 1594 2676 1596 2676 1610 2676 1667 2677 1672 2677 1668 2677 1595 2678 1671 2678 1661 2678 1379 2679 1668 2679 1672 2679 1668 2680 1379 2680 1380 2680 1662 2681 1667 2681 1663 2681 1657 2682 1672 2682 1667 2682 1381 2683 1668 2683 1380 2683 1670 2684 1582 2684 1581 2684 1597 2685 1587 2685 1586 2685 1619 2686 1669 2686 1620 2686 1608 2687 1655 2687 1666 2687 1673 2688 1670 2688 1581 2688 1605 2689 1614 2689 1615 2689 1615 2690 1670 2690 1673 2690 1603 2691 1653 2691 1671 2691 1674 2692 1375 2692 1675 2692 1594 2693 1671 2693 1595 2693 1651 2694 1610 2694 1609 2694 1602 2695 1653 2695 1603 2695 1594 2696 1603 2696 1671 2696 1657 2697 1675 2697 1672 2697 1672 2698 1378 2698 1377 2698 1658 2699 1657 2699 1667 2699 1654 2700 1675 2700 1657 2700 1379 2701 1672 2701 1377 2701 1673 2702 1581 2702 1587 2702 1659 2703 1598 2703 1665 2703 1676 2704 1621 2704 1622 2704 1615 2705 1608 2705 1670 2705 1673 2706 1587 2706 1677 2706 1637 2707 1651 2707 1609 2707 1605 2708 1673 2708 1677 2708 1674 2709 1678 2709 1648 2709 1678 2710 1653 2710 1602 2710 1651 2711 1603 2711 1594 2711 1637 2712 1609 2712 1614 2712 1625 2713 1602 2713 1604 2713 1651 2714 1604 2714 1603 2714 1654 2715 1674 2715 1675 2715 1675 2716 1378 2716 1672 2716 1652 2717 1654 2717 1657 2717 1678 2718 1674 2718 1654 2718 1375 2719 1378 2719 1675 2719 1598 2720 1677 2720 1587 2720 1618 2721 1617 2721 1679 2721 1680 2722 1681 2722 1623 2722 1605 2723 1615 2723 1673 2723 1677 2724 1598 2724 1682 2724 1614 2725 1607 2725 1636 2725 1606 2726 1605 2726 1677 2726 1639 2727 1683 2727 1645 2727 1649 2728 1602 2728 1625 2728 1637 2729 1604 2729 1651 2729 1636 2730 1637 2730 1614 2730 1638 2731 1625 2731 1626 2731 1626 2732 1604 2732 1637 2732 1376 2733 1674 2733 1648 2733 1374 2734 1375 2734 1674 2734 1653 2735 1678 2735 1654 2735 1649 2736 1648 2736 1678 2736 1376 2737 1374 2737 1674 2737 1619 2738 1682 2738 1598 2738 1679 2739 1617 2739 1620 2739 1612 2740 1684 2740 1606 2740 1682 2741 1606 2741 1677 2741 1682 2742 1619 2742 1685 2742 1684 2743 1686 2743 1607 2743 1612 2744 1606 2744 1682 2744 1686 2745 1640 2745 1636 2745 1607 2746 1606 2746 1684 2746 1687 2747 1625 2747 1638 2747 1636 2748 1607 2748 1686 2748 1640 2749 1639 2749 1638 2749 1640 2750 1626 2750 1636 2750 1372 2751 1648 2751 1650 2751 1372 2752 1371 2752 1648 2752 1602 2753 1649 2753 1678 2753 1650 2754 1649 2754 1687 2754 1376 2755 1648 2755 1371 2755 1617 2756 1685 2756 1619 2756 1622 2757 1616 2757 1618 2757 1688 2758 1684 2758 1611 2758 1685 2759 1612 2759 1682 2759 1689 2760 1685 2760 1617 2760 1683 2761 1686 2761 1688 2761 1613 2762 1612 2762 1685 2762 1639 2763 1640 2763 1683 2763 1611 2764 1684 2764 1612 2764 1646 2765 1641 2765 1599 2765 1686 2766 1684 2766 1688 2766 1600 2767 1650 2767 1687 2767 1640 2768 1686 2768 1683 2768 1368 2769 1650 2769 1600 2769 1368 2770 1373 2770 1650 2770 1625 2771 1687 2771 1649 2771 1601 2772 1600 2772 1687 2772 1372 2773 1650 2773 1373 2773 1689 2774 1617 2774 1616 2774 1680 2775 1621 2775 1676 2775 1613 2776 1690 2776 1691 2776 1689 2777 1613 2777 1685 2777 1616 2778 1692 2778 1689 2778 1611 2779 1691 2779 1693 2779 1689 2780 1690 2780 1613 2780 1688 2781 1693 2781 1694 2781 1613 2782 1691 2782 1611 2782 1683 2783 1694 2783 1645 2783 1611 2784 1693 2784 1688 2784 1639 2785 1645 2785 1646 2785 1683 2786 1688 2786 1694 2786 1370 2787 1600 2787 1599 2787 1600 2788 1370 2788 1369 2788 1638 2789 1601 2789 1687 2789 1646 2790 1599 2790 1601 2790 1368 2791 1600 2791 1369 2791 1692 2792 1616 2792 1621 2792 1623 2793 1681 2793 1695 2793 1632 2794 1690 2794 1692 2794 1692 2795 1690 2795 1689 2795 1692 2796 1624 2796 1632 2796 1696 2797 1691 2797 1690 2797 1690 2798 1632 2798 1696 2798 1697 2799 1693 2799 1691 2799 1691 2800 1696 2800 1697 2800 1698 2801 1694 2801 1693 2801 1693 2802 1697 2802 1698 2802 1643 2803 1645 2803 1694 2803 1694 2804 1698 2804 1643 2804 1367 2805 1642 2805 1362 2805 1599 2806 1365 2806 1366 2806 1639 2807 1646 2807 1601 2807 1644 2808 1641 2808 1646 2808 1370 2809 1599 2809 1366 2809 1623 2810 1621 2810 1680 2810 1695 2811 1634 2811 1627 2811 1696 2812 1632 2812 1699 2812 1621 2813 1624 2813 1692 2813 1624 2814 1628 2814 1631 2814 1697 2815 1696 2815 1700 2815 1632 2816 1631 2816 1699 2816 1698 2817 1697 2817 1701 2817 1696 2818 1699 2818 1700 2818 1643 2819 1698 2819 1702 2819 1697 2820 1700 2820 1701 2820 1644 2821 1643 2821 1703 2821 1698 2822 1701 2822 1702 2822 1641 2823 1644 2823 1642 2823 1702 2824 1703 2824 1643 2824 1641 2825 1365 2825 1599 2825 1703 2826 1642 2826 1644 2826 1367 2827 1365 2827 1641 2827 1695 2828 1627 2828 1623 2828 1623 2829 1628 2829 1624 2829 1630 2830 1704 2830 1628 2830 1627 2831 1630 2831 1628 2831 1704 2832 1705 2832 1631 2832 1628 2833 1704 2833 1631 2833 1705 2834 1706 2834 1699 2834 1631 2835 1705 2835 1699 2835 1706 2836 1707 2836 1700 2836 1699 2837 1706 2837 1700 2837 1707 2838 1708 2838 1701 2838 1700 2839 1707 2839 1701 2839 1708 2840 1709 2840 1702 2840 1701 2841 1708 2841 1702 2841 1709 2842 1647 2842 1703 2842 1702 2843 1709 2843 1703 2843 1363 2844 1642 2844 1647 2844 1703 2845 1647 2845 1642 2845 1706 2846 1710 2846 1711 2846 1712 2847 1707 2847 1711 2847 1706 2848 1711 2848 1707 2848 1712 2849 1713 2849 1708 2849 1708 2850 1707 2850 1712 2850 1709 2851 1713 2851 1714 2851 1713 2852 1709 2852 1708 2852 1384 2853 1647 2853 1714 2853 1709 2854 1714 2854 1647 2854 1364 2855 1647 2855 1384 2855 1705 2856 1710 2856 1706 2856 1715 2857 1705 2857 1704 2857 1705 2858 1715 2858 1710 2858 1630 2859 1716 2859 1704 2859 1715 2860 1704 2860 1716 2860 1630 2861 1629 2861 1717 2861 1717 2862 1716 2862 1630 2862 1718 2863 1629 2863 1635 2863 1629 2864 1718 2864 1717 2864 1718 2865 1635 2865 1719 2865 1720 2866 1717 2866 1721 2866 1722 2867 1723 2867 1724 2867 1725 2868 1724 2868 1726 2868 1724 2869 1727 2869 1728 2869 1729 2870 1730 2870 1731 2870 1732 2871 1723 2871 1733 2871 1734 2872 1735 2872 1390 2872 1736 2873 1731 2873 1730 2873 1737 2874 1738 2874 1732 2874 1386 2875 1385 2875 1735 2875 1739 2876 1740 2876 1741 2876 1742 2877 1387 2877 1386 2877 1743 2878 1744 2878 1745 2878 1746 2879 1747 2879 1728 2879 1748 2880 1716 2880 1720 2880 1749 2881 1750 2881 1751 2881 1715 2882 1716 2882 1748 2882 1717 2883 1718 2883 1721 2883 1752 2884 1715 2884 1748 2884 1710 2885 1715 2885 1752 2885 1720 2886 1753 2886 1754 2886 1755 2887 1756 2887 1757 2887 1711 2888 1758 2888 1712 2888 1759 2889 1711 2889 1710 2889 1760 2890 1712 2890 1758 2890 1711 2891 1759 2891 1758 2891 1755 2892 1758 2892 1759 2892 1761 2893 1762 2893 1763 2893 1714 2894 1713 2894 1764 2894 1760 2895 1764 2895 1713 2895 1406 2896 1384 2896 1714 2896 1714 2897 1764 2897 1406 2897 1716 2898 1717 2898 1720 2898 1718 2899 1765 2899 1721 2899 1766 2900 1767 2900 1768 2900 1765 2901 1718 2901 1769 2901 1765 2902 1770 2902 1771 2902 1763 2903 1766 2903 1768 2903 1769 2904 1770 2904 1765 2904 1750 2905 1768 2905 1772 2905 1769 2906 1718 2906 1719 2906 1748 2907 1773 2907 1752 2907 1757 2908 1774 2908 1755 2908 1775 2909 1776 2909 1757 2909 1720 2910 1754 2910 1748 2910 1754 2911 1743 2911 1773 2911 1754 2912 1753 2912 1744 2912 1744 2913 1777 2913 1778 2913 1779 2914 1780 2914 1781 2914 1782 2915 1739 2915 1778 2915 1740 2916 1783 2916 1741 2916 1784 2917 1785 2917 1786 2917 1749 2918 1787 2918 1788 2918 1789 2919 1790 2919 1791 2919 1788 2920 1792 2920 1789 2920 1793 2921 1794 2921 1795 2921 1791 2922 1794 2922 1796 2922 1797 2923 1795 2923 1798 2923 1799 2924 1800 2924 1796 2924 1798 2925 1795 2925 1801 2925 1802 2926 1801 2926 1795 2926 1803 2927 1798 2927 1801 2927 1762 2928 1761 2928 1771 2928 1804 2929 1763 2929 1762 2929 1771 2930 1761 2930 1765 2930 1750 2931 1772 2931 1805 2931 1806 2932 1721 2932 1765 2932 1744 2933 1753 2933 1777 2933 1721 2934 1806 2934 1753 2934 1756 2935 1755 2935 1759 2935 1755 2936 1807 2936 1758 2936 1752 2937 1759 2937 1710 2937 1773 2938 1748 2938 1754 2938 1808 2939 1764 2939 1760 2939 1752 2940 1756 2940 1759 2940 1404 2941 1764 2941 1808 2941 1404 2942 1405 2942 1764 2942 1712 2943 1760 2943 1713 2943 1807 2944 1808 2944 1760 2944 1406 2945 1764 2945 1405 2945 1806 2946 1765 2946 1761 2946 1766 2947 1763 2947 1804 2947 1809 2948 1749 2948 1751 2948 1753 2949 1720 2949 1721 2949 1810 2950 1806 2950 1761 2950 1778 2951 1777 2951 1782 2951 1806 2952 1810 2952 1777 2952 1811 2953 1757 2953 1756 2953 1757 2954 1811 2954 1775 2954 1773 2955 1756 2955 1752 2955 1743 2956 1754 2956 1744 2956 1807 2957 1812 2957 1808 2957 1773 2958 1811 2958 1756 2958 1402 2959 1808 2959 1812 2959 1808 2960 1402 2960 1403 2960 1758 2961 1807 2961 1760 2961 1774 2962 1812 2962 1807 2962 1404 2963 1808 2963 1403 2963 1810 2964 1761 2964 1763 2964 1772 2965 1768 2965 1767 2965 1749 2966 1809 2966 1787 2966 1777 2967 1753 2967 1806 2967 1813 2968 1810 2968 1763 2968 1740 2969 1739 2969 1782 2969 1782 2970 1810 2970 1813 2970 1747 2971 1775 2971 1811 2971 1814 2972 1398 2972 1815 2972 1743 2973 1811 2973 1773 2973 1745 2974 1744 2974 1778 2974 1746 2975 1775 2975 1747 2975 1743 2976 1747 2976 1811 2976 1774 2977 1815 2977 1812 2977 1812 2978 1401 2978 1400 2978 1755 2979 1774 2979 1807 2979 1776 2980 1815 2980 1774 2980 1402 2981 1812 2981 1400 2981 1813 2982 1763 2982 1768 2982 1751 2983 1750 2983 1805 2983 1816 2984 1791 2984 1790 2984 1782 2985 1777 2985 1810 2985 1813 2986 1768 2986 1817 2986 1726 2987 1745 2987 1778 2987 1740 2988 1813 2988 1817 2988 1814 2989 1818 2989 1781 2989 1818 2990 1775 2990 1746 2990 1745 2991 1747 2991 1743 2991 1726 2992 1778 2992 1739 2992 1727 2993 1746 2993 1728 2993 1745 2994 1728 2994 1747 2994 1776 2995 1814 2995 1815 2995 1815 2996 1401 2996 1812 2996 1757 2997 1776 2997 1774 2997 1818 2998 1814 2998 1776 2998 1398 2999 1401 2999 1815 2999 1750 3000 1817 3000 1768 3000 1792 3001 1788 3001 1819 3001 1820 3002 1821 3002 1794 3002 1740 3003 1782 3003 1813 3003 1817 3004 1750 3004 1822 3004 1739 3005 1741 3005 1725 3005 1783 3006 1740 3006 1817 3006 1733 3007 1823 3007 1731 3007 1779 3008 1746 3008 1727 3008 1726 3009 1728 3009 1745 3009 1725 3010 1726 3010 1739 3010 1723 3011 1727 3011 1724 3011 1724 3012 1728 3012 1726 3012 1399 3013 1814 3013 1781 3013 1397 3014 1398 3014 1814 3014 1775 3015 1818 3015 1776 3015 1779 3016 1781 3016 1818 3016 1399 3017 1397 3017 1814 3017 1749 3018 1822 3018 1750 3018 1819 3019 1788 3019 1787 3019 1786 3020 1824 3020 1783 3020 1822 3021 1783 3021 1817 3021 1822 3022 1749 3022 1825 3022 1824 3023 1826 3023 1741 3023 1786 3024 1783 3024 1822 3024 1826 3025 1722 3025 1725 3025 1741 3026 1783 3026 1824 3026 1827 3027 1727 3027 1723 3027 1725 3028 1741 3028 1826 3028 1722 3029 1733 3029 1723 3029 1722 3030 1724 3030 1725 3030 1395 3031 1781 3031 1780 3031 1395 3032 1394 3032 1781 3032 1746 3033 1779 3033 1818 3033 1780 3034 1779 3034 1827 3034 1399 3035 1781 3035 1394 3035 1788 3036 1825 3036 1749 3036 1790 3037 1789 3037 1792 3037 1828 3038 1824 3038 1785 3038 1825 3039 1786 3039 1822 3039 1829 3040 1825 3040 1788 3040 1823 3041 1826 3041 1828 3041 1784 3042 1786 3042 1825 3042 1733 3043 1722 3043 1823 3043 1785 3044 1824 3044 1786 3044 1736 3045 1734 3045 1737 3045 1826 3046 1824 3046 1828 3046 1738 3047 1780 3047 1827 3047 1722 3048 1826 3048 1823 3048 1391 3049 1780 3049 1738 3049 1391 3050 1396 3050 1780 3050 1727 3051 1827 3051 1779 3051 1732 3052 1738 3052 1827 3052 1395 3053 1780 3053 1396 3053 1829 3054 1788 3054 1789 3054 1820 3055 1791 3055 1816 3055 1784 3056 1830 3056 1831 3056 1829 3057 1784 3057 1825 3057 1789 3058 1832 3058 1829 3058 1785 3059 1831 3059 1833 3059 1829 3060 1830 3060 1784 3060 1828 3061 1833 3061 1834 3061 1784 3062 1831 3062 1785 3062 1823 3063 1834 3063 1731 3063 1785 3064 1833 3064 1828 3064 1733 3065 1731 3065 1736 3065 1823 3066 1828 3066 1834 3066 1393 3067 1738 3067 1737 3067 1738 3068 1393 3068 1392 3068 1723 3069 1732 3069 1827 3069 1736 3070 1737 3070 1732 3070 1391 3071 1738 3071 1392 3071 1832 3072 1789 3072 1791 3072 1794 3073 1821 3073 1835 3073 1800 3074 1830 3074 1832 3074 1832 3075 1830 3075 1829 3075 1832 3076 1796 3076 1800 3076 1836 3077 1831 3077 1830 3077 1830 3078 1800 3078 1836 3078 1837 3079 1833 3079 1831 3079 1831 3080 1836 3080 1837 3080 1838 3081 1834 3081 1833 3081 1833 3082 1837 3082 1838 3082 1729 3083 1731 3083 1834 3083 1834 3084 1838 3084 1729 3084 1390 3085 1735 3085 1385 3085 1737 3086 1388 3086 1389 3086 1733 3087 1736 3087 1732 3087 1730 3088 1734 3088 1736 3088 1393 3089 1737 3089 1389 3089 1794 3090 1791 3090 1820 3090 1835 3091 1802 3091 1795 3091 1836 3092 1800 3092 1839 3092 1791 3093 1796 3093 1832 3093 1796 3094 1793 3094 1799 3094 1837 3095 1836 3095 1840 3095 1800 3096 1799 3096 1839 3096 1838 3097 1837 3097 1841 3097 1836 3098 1839 3098 1840 3098 1729 3099 1838 3099 1842 3099 1837 3100 1840 3100 1841 3100 1730 3101 1729 3101 1843 3101 1838 3102 1841 3102 1842 3102 1734 3103 1730 3103 1735 3103 1842 3104 1843 3104 1729 3104 1734 3105 1388 3105 1737 3105 1843 3106 1735 3106 1730 3106 1390 3107 1388 3107 1734 3107 1835 3108 1795 3108 1794 3108 1794 3109 1793 3109 1796 3109 1797 3110 1844 3110 1793 3110 1795 3111 1797 3111 1793 3111 1844 3112 1845 3112 1799 3112 1793 3113 1844 3113 1799 3113 1845 3114 1846 3114 1839 3114 1799 3115 1845 3115 1839 3115 1846 3116 1847 3116 1840 3116 1839 3117 1846 3117 1840 3117 1847 3118 1848 3118 1841 3118 1840 3119 1847 3119 1841 3119 1848 3120 1849 3120 1842 3120 1841 3121 1848 3121 1842 3121 1849 3122 1742 3122 1843 3122 1842 3123 1849 3123 1843 3123 1386 3124 1735 3124 1742 3124 1843 3125 1742 3125 1735 3125 1846 3126 1850 3126 1851 3126 1852 3127 1847 3127 1851 3127 1846 3128 1851 3128 1847 3128 1852 3129 1853 3129 1848 3129 1848 3130 1847 3130 1852 3130 1849 3131 1853 3131 1854 3131 1853 3132 1849 3132 1848 3132 1407 3133 1742 3133 1854 3133 1849 3134 1854 3134 1742 3134 1387 3135 1742 3135 1407 3135 1845 3136 1850 3136 1846 3136 1855 3137 1845 3137 1844 3137 1845 3138 1855 3138 1850 3138 1797 3139 1856 3139 1844 3139 1855 3140 1844 3140 1856 3140 1797 3141 1798 3141 1857 3141 1857 3142 1856 3142 1797 3142 1858 3143 1798 3143 1803 3143 1798 3144 1858 3144 1857 3144 1858 3145 1803 3145 1859 3145 1860 3146 1861 3146 1862 3146 1857 3147 1858 3147 1863 3147 1864 3148 1862 3148 1865 3148 1866 3149 1867 3149 1868 3149 1869 3150 1865 3150 1858 3150 1860 3151 1870 3151 1861 3151 1865 3152 1871 3152 1864 3152 1859 3153 1869 3153 1858 3153 1869 3154 1871 3154 1865 3154 1872 3155 1857 3155 1863 3155 1873 3156 1856 3156 1872 3156 1867 3157 1861 3157 1868 3157 1874 3158 1875 3158 1876 3158 1877 3159 1878 3159 1867 3159 1879 3160 1880 3160 1881 3160 1882 3161 1883 3161 1884 3161 1885 3162 1886 3162 1887 3162 1888 3163 1889 3163 1890 3163 1891 3164 1892 3164 1893 3164 1894 3165 1889 3165 1895 3165 1896 3166 1897 3166 1898 3166 1897 3167 1899 3167 1900 3167 1901 3168 1896 3168 1902 3168 1903 3169 1904 3169 1901 3169 1905 3170 1884 3170 1906 3170 1903 3171 1907 3171 1908 3171 1909 3172 1910 3172 1907 3172 1904 3173 1911 3173 1912 3173 1913 3174 1909 3174 1907 3174 1907 3175 1914 3175 1913 3175 1915 3176 1909 3176 1913 3176 1916 3177 1906 3177 1917 3177 1881 3178 1918 3178 1919 3178 1920 3179 1918 3179 1906 3179 1921 3180 1922 3180 1413 3180 1923 3181 1924 3181 1925 3181 1408 3182 1922 3182 1409 3182 1926 3183 1925 3183 1924 3183 1927 3184 1410 3184 1409 3184 1894 3185 1885 3185 1887 3185 1928 3186 1929 3186 1930 3186 1931 3187 1874 3187 1890 3187 1932 3188 1933 3188 1934 3188 1935 3189 1890 3189 1876 3189 1936 3190 1873 3190 1875 3190 1876 3191 1873 3191 1872 3191 1932 3192 1937 3192 1938 3192 1939 3193 1899 3193 1878 3193 1855 3194 1936 3194 1850 3194 1856 3195 1873 3195 1855 3195 1935 3196 1876 3196 1872 3196 1855 3197 1873 3197 1936 3197 1850 3198 1940 3198 1851 3198 1932 3199 1938 3199 1941 3199 1852 3200 1851 3200 1942 3200 1940 3201 1942 3201 1851 3201 1942 3202 1940 3202 1938 3202 1852 3203 1942 3203 1943 3203 1853 3204 1944 3204 1854 3204 1944 3205 1853 3205 1943 3205 1407 3206 1854 3206 1429 3206 1944 3207 1429 3207 1854 3207 1865 3208 1863 3208 1858 3208 1860 3209 1862 3209 1864 3209 1878 3210 1877 3210 1945 3210 1872 3211 1856 3211 1857 3211 1946 3212 1863 3212 1865 3212 1890 3213 1935 3213 1888 3213 1863 3214 1946 3214 1935 3214 1941 3215 1938 3215 1940 3215 1938 3216 1947 3216 1942 3216 1936 3217 1940 3217 1850 3217 1875 3218 1873 3218 1876 3218 1948 3219 1944 3219 1943 3219 1936 3220 1941 3220 1940 3220 1427 3221 1944 3221 1948 3221 1427 3222 1428 3222 1944 3222 1852 3223 1943 3223 1853 3223 1947 3224 1948 3224 1943 3224 1429 3225 1944 3225 1428 3225 1946 3226 1865 3226 1862 3226 1868 3227 1861 3227 1870 3227 1949 3228 1899 3228 1939 3228 1935 3229 1872 3229 1863 3229 1950 3230 1946 3230 1862 3230 1889 3231 1888 3231 1895 3231 1946 3232 1950 3232 1888 3232 1951 3233 1932 3233 1941 3233 1932 3234 1951 3234 1933 3234 1875 3235 1941 3235 1936 3235 1874 3236 1876 3236 1890 3236 1947 3237 1952 3237 1948 3237 1875 3238 1951 3238 1941 3238 1425 3239 1948 3239 1952 3239 1948 3240 1425 3240 1426 3240 1942 3241 1947 3241 1943 3241 1937 3242 1952 3242 1947 3242 1427 3243 1948 3243 1426 3243 1950 3244 1862 3244 1861 3244 1877 3245 1867 3245 1866 3245 1899 3246 1949 3246 1900 3246 1888 3247 1935 3247 1946 3247 1953 3248 1950 3248 1861 3248 1885 3249 1894 3249 1895 3249 1895 3250 1950 3250 1953 3250 1883 3251 1933 3251 1951 3251 1954 3252 1421 3252 1955 3252 1874 3253 1951 3253 1875 3253 1931 3254 1890 3254 1889 3254 1882 3255 1933 3255 1883 3255 1874 3256 1883 3256 1951 3256 1937 3257 1955 3257 1952 3257 1952 3258 1424 3258 1423 3258 1938 3259 1937 3259 1947 3259 1934 3260 1955 3260 1937 3260 1425 3261 1952 3261 1423 3261 1953 3262 1861 3262 1867 3262 1939 3263 1878 3263 1945 3263 1956 3264 1901 3264 1902 3264 1895 3265 1888 3265 1950 3265 1953 3266 1867 3266 1957 3266 1917 3267 1931 3267 1889 3267 1885 3268 1953 3268 1957 3268 1954 3269 1958 3269 1928 3269 1958 3270 1933 3270 1882 3270 1931 3271 1883 3271 1874 3271 1917 3272 1889 3272 1894 3272 1905 3273 1882 3273 1884 3273 1931 3274 1884 3274 1883 3274 1934 3275 1954 3275 1955 3275 1955 3276 1424 3276 1952 3276 1932 3277 1934 3277 1937 3277 1958 3278 1954 3278 1934 3278 1421 3279 1424 3279 1955 3279 1878 3280 1957 3280 1867 3280 1898 3281 1897 3281 1959 3281 1960 3282 1961 3282 1903 3282 1885 3283 1895 3283 1953 3283 1957 3284 1878 3284 1962 3284 1894 3285 1887 3285 1916 3285 1886 3286 1885 3286 1957 3286 1919 3287 1963 3287 1925 3287 1929 3288 1882 3288 1905 3288 1917 3289 1884 3289 1931 3289 1916 3290 1917 3290 1894 3290 1918 3291 1905 3291 1906 3291 1906 3292 1884 3292 1917 3292 1422 3293 1954 3293 1928 3293 1420 3294 1421 3294 1954 3294 1933 3295 1958 3295 1934 3295 1929 3296 1928 3296 1958 3296 1422 3297 1420 3297 1954 3297 1899 3298 1962 3298 1878 3298 1959 3299 1897 3299 1900 3299 1892 3300 1964 3300 1886 3300 1962 3301 1886 3301 1957 3301 1962 3302 1899 3302 1965 3302 1964 3303 1966 3303 1887 3303 1892 3304 1886 3304 1962 3304 1966 3305 1920 3305 1916 3305 1887 3306 1886 3306 1964 3306 1967 3307 1905 3307 1918 3307 1916 3308 1887 3308 1966 3308 1920 3309 1919 3309 1918 3309 1920 3310 1906 3310 1916 3310 1418 3311 1928 3311 1930 3311 1418 3312 1417 3312 1928 3312 1882 3313 1929 3313 1958 3313 1930 3314 1929 3314 1967 3314 1422 3315 1928 3315 1417 3315 1897 3316 1965 3316 1899 3316 1902 3317 1896 3317 1898 3317 1968 3318 1964 3318 1891 3318 1965 3319 1892 3319 1962 3319 1969 3320 1965 3320 1897 3320 1963 3321 1966 3321 1968 3321 1893 3322 1892 3322 1965 3322 1919 3323 1920 3323 1963 3323 1891 3324 1964 3324 1892 3324 1926 3325 1921 3325 1879 3325 1966 3326 1964 3326 1968 3326 1880 3327 1930 3327 1967 3327 1920 3328 1966 3328 1963 3328 1414 3329 1930 3329 1880 3329 1414 3330 1419 3330 1930 3330 1905 3331 1967 3331 1929 3331 1881 3332 1880 3332 1967 3332 1418 3333 1930 3333 1419 3333 1969 3334 1897 3334 1896 3334 1960 3335 1901 3335 1956 3335 1893 3336 1970 3336 1971 3336 1969 3337 1893 3337 1965 3337 1896 3338 1972 3338 1969 3338 1891 3339 1971 3339 1973 3339 1969 3340 1970 3340 1893 3340 1968 3341 1973 3341 1974 3341 1893 3342 1971 3342 1891 3342 1963 3343 1974 3343 1925 3343 1891 3344 1973 3344 1968 3344 1919 3345 1925 3345 1926 3345 1963 3346 1968 3346 1974 3346 1416 3347 1880 3347 1879 3347 1880 3348 1416 3348 1415 3348 1918 3349 1881 3349 1967 3349 1926 3350 1879 3350 1881 3350 1414 3351 1880 3351 1415 3351 1972 3352 1896 3352 1901 3352 1903 3353 1961 3353 1975 3353 1912 3354 1970 3354 1972 3354 1972 3355 1970 3355 1969 3355 1972 3356 1904 3356 1912 3356 1976 3357 1971 3357 1970 3357 1970 3358 1912 3358 1976 3358 1977 3359 1973 3359 1971 3359 1971 3360 1976 3360 1977 3360 1978 3361 1974 3361 1973 3361 1973 3362 1977 3362 1978 3362 1923 3363 1925 3363 1974 3363 1974 3364 1978 3364 1923 3364 1413 3365 1922 3365 1408 3365 1879 3366 1411 3366 1412 3366 1919 3367 1926 3367 1881 3367 1924 3368 1921 3368 1926 3368 1416 3369 1879 3369 1412 3369 1903 3370 1901 3370 1960 3370 1975 3371 1914 3371 1907 3371 1976 3372 1912 3372 1979 3372 1901 3373 1904 3373 1972 3373 1904 3374 1908 3374 1911 3374 1977 3375 1976 3375 1980 3375 1912 3376 1911 3376 1979 3376 1978 3377 1977 3377 1981 3377 1976 3378 1979 3378 1980 3378 1923 3379 1978 3379 1982 3379 1977 3380 1980 3380 1981 3380 1924 3381 1923 3381 1983 3381 1978 3382 1981 3382 1982 3382 1921 3383 1924 3383 1922 3383 1982 3384 1983 3384 1923 3384 1921 3385 1411 3385 1879 3385 1983 3386 1922 3386 1924 3386 1413 3387 1411 3387 1921 3387 1975 3388 1907 3388 1903 3388 1903 3389 1908 3389 1904 3389 1910 3390 1984 3390 1908 3390 1907 3391 1910 3391 1908 3391 1984 3392 1985 3392 1911 3392 1908 3393 1984 3393 1911 3393 1985 3394 1986 3394 1979 3394 1911 3395 1985 3395 1979 3395 1986 3396 1987 3396 1980 3396 1979 3397 1986 3397 1980 3397 1987 3398 1988 3398 1981 3398 1980 3399 1987 3399 1981 3399 1988 3400 1989 3400 1982 3400 1981 3401 1988 3401 1982 3401 1989 3402 1927 3402 1983 3402 1982 3403 1989 3403 1983 3403 1409 3404 1922 3404 1927 3404 1983 3405 1927 3405 1922 3405 1985 3406 1515 3406 1986 3406 1985 3407 1984 3407 1514 3407 1514 3408 1515 3408 1985 3408 1447 3409 1984 3409 1910 3409 1984 3410 1447 3410 1514 3410 1909 3411 1433 3411 1910 3411 1447 3412 1910 3412 1433 3412 1909 3413 1915 3413 1434 3413 1434 3414 1433 3414 1909 3414 1915 3415 1444 3415 1434 3415 1517 3416 1986 3416 1515 3416 1987 3417 1517 3417 1519 3417 1517 3418 1987 3418 1986 3418 1522 3419 1988 3419 1519 3419 1987 3420 1519 3420 1988 3420 1522 3421 1524 3421 1989 3421 1989 3422 1988 3422 1522 3422 1927 3423 1524 3423 1360 3423 1524 3424 1927 3424 1989 3424 1927 3425 1360 3425 1410 3425 1513 3426 574 3426 573 3426 490 3427 489 3427 1751 3427 579 3428 1438 3428 580 3428 1529 3429 573 3429 552 3429 1474 3430 552 3430 554 3430 1472 3431 556 3431 557 3431 1539 3432 554 3432 556 3432 559 3433 1555 3433 566 3433 566 3434 1541 3434 1540 3434 1555 3435 559 3435 1488 3435 1541 3436 566 3436 1555 3436 559 3437 570 3437 1488 3437 564 3438 1476 3438 557 3438 565 3439 1536 3439 564 3439 1487 3440 1488 3440 570 3440 1451 3441 576 3441 1525 3441 582 3442 1440 3442 1442 3442 568 3443 1487 3443 570 3443 1489 3444 1487 3444 568 3444 1430 3445 1436 3445 585 3445 568 3446 420 3446 1489 3446 1443 3447 588 3447 586 3447 1769 3448 1719 3448 507 3448 446 3449 445 3449 1659 3449 448 3450 1597 3450 451 3450 422 3451 1669 3451 445 3451 422 3452 424 3452 1620 3452 426 3453 429 3453 1618 3453 426 3454 1679 3454 424 3454 436 3455 1681 3455 433 3455 1695 3456 436 3456 437 3456 433 3457 1676 3457 431 3457 1695 3458 1681 3458 436 3458 439 3459 1634 3459 437 3459 431 3460 1622 3460 429 3460 1634 3461 1695 3461 437 3461 439 3462 1633 3462 1634 3462 446 3463 1665 3463 448 3463 452 3464 451 3464 1586 3464 439 3465 444 3465 1633 3465 444 3466 1635 3466 1633 3466 1588 3467 454 3467 452 3467 1635 3468 444 3468 443 3468 1590 3469 1580 3469 454 3469 488 3470 509 3470 1803 3470 495 3471 492 3471 1772 3471 1869 3472 1859 3472 551 3472 466 3473 468 3473 1787 3473 1819 3474 468 3474 470 3474 489 3475 466 3475 1809 3475 477 3476 1821 3476 1820 3476 1792 3477 470 3477 475 3477 1821 3478 477 3478 1835 3478 1835 3479 477 3479 480 3479 480 3480 481 3480 1802 3480 480 3481 1802 3481 1835 3481 1790 3482 475 3482 471 3482 1816 3483 471 3483 473 3483 1802 3484 481 3484 1801 3484 490 3485 1805 3485 492 3485 1767 3486 496 3486 495 3486 1801 3487 481 3487 487 3487 1801 3488 487 3488 1803 3488 496 3489 1766 3489 498 3489 488 3490 1803 3490 487 3490 498 3491 1804 3491 1762 3491 1860 3492 1864 3492 545 3492 1444 3493 532 3493 592 3493 1860 3494 542 3494 1870 3494 1868 3495 542 3495 540 3495 539 3496 536 3496 1877 3496 536 3497 534 3497 1945 3497 1939 3498 534 3498 533 3498 510 3499 1949 3499 533 3499 512 3500 514 3500 1959 3500 1900 3501 510 3501 512 3501 515 3502 1975 3502 516 3502 1898 3503 514 3503 518 3503 516 3504 1975 3504 1961 3504 1864 3505 546 3505 545 3505 518 3506 522 3506 1902 3506 524 3507 1956 3507 522 3507 1975 3508 515 3508 1914 3508 526 3509 1914 3509 515 3509 526 3510 529 3510 1913 3510 526 3511 1913 3511 1914 3511 529 3512 1915 3512 1913 3512 539 3513 1866 3513 540 3513 532 3514 1915 3514 529 3514 1444 3515 591 3515 1441 3515 463 3516 1589 3516 1575 3516 1444 3517 1915 3517 532 3517 419 3518 463 3518 1575 3518 1960 3519 524 3519 1961 3519 516 3520 1961 3520 524 3520 1956 3521 524 3521 1960 3521 1902 3522 522 3522 1956 3522 1898 3523 518 3523 1902 3523 1959 3524 514 3524 1898 3524 1900 3525 512 3525 1959 3525 1949 3526 510 3526 1900 3526 1939 3527 533 3527 1949 3527 1945 3528 534 3528 1939 3528 1877 3529 536 3529 1945 3529 1866 3530 539 3530 1877 3530 1868 3531 540 3531 1866 3531 1870 3532 542 3532 1868 3532 545 3533 542 3533 1860 3533 546 3534 1871 3534 548 3534 1871 3535 546 3535 1864 3535 1869 3536 551 3536 548 3536 548 3537 1871 3537 1869 3537 551 3538 1859 3538 509 3538 1803 3539 509 3539 1859 3539 1762 3540 1771 3540 501 3540 501 3541 1771 3541 502 3541 1816 3542 473 3542 1820 3542 1820 3543 473 3543 477 3543 1790 3544 471 3544 1816 3544 1792 3545 475 3545 1790 3545 1819 3546 470 3546 1792 3546 1787 3547 468 3547 1819 3547 1809 3548 466 3548 1787 3548 1751 3549 489 3549 1809 3549 1805 3550 490 3550 1751 3550 1772 3551 492 3551 1805 3551 1767 3552 495 3552 1772 3552 1766 3553 496 3553 1767 3553 1804 3554 498 3554 1766 3554 501 3555 498 3555 1762 3555 502 3556 1770 3556 504 3556 1770 3557 502 3557 1771 3557 1769 3558 507 3558 504 3558 504 3559 1770 3559 1769 3559 507 3560 1719 3560 465 3560 465 3561 1719 3561 443 3561 1580 3562 1584 3562 457 3562 1719 3563 1635 3563 443 3563 457 3564 1584 3564 458 3564 1676 3565 433 3565 1680 3565 1681 3566 1680 3566 433 3566 1622 3567 431 3567 1676 3567 1618 3568 429 3568 1622 3568 1679 3569 426 3569 1618 3569 1620 3570 424 3570 1679 3570 1669 3571 422 3571 1620 3571 1659 3572 445 3572 1669 3572 1665 3573 446 3573 1659 3573 1597 3574 448 3574 1665 3574 1586 3575 451 3575 1597 3575 1588 3576 452 3576 1586 3576 1590 3577 454 3577 1588 3577 457 3578 454 3578 1580 3578 458 3579 1591 3579 460 3579 1591 3580 458 3580 1584 3580 1589 3581 463 3581 460 3581 460 3582 1591 3582 1589 3582 1575 3583 1489 3583 419 3583 1525 3584 576 3584 574 3584 1489 3585 420 3585 419 3585 1536 3586 565 3586 1540 3586 1540 3587 565 3587 566 3587 1476 3588 564 3588 1536 3588 1472 3589 557 3589 1476 3589 1539 3590 556 3590 1472 3590 1474 3591 554 3591 1539 3591 1529 3592 552 3592 1474 3592 1513 3593 573 3593 1529 3593 1525 3594 574 3594 1513 3594 1451 3595 579 3595 576 3595 1440 3596 580 3596 1438 3596 1438 3597 579 3597 1451 3597 582 3598 1442 3598 1430 3598 582 3599 580 3599 1440 3599 585 3600 1436 3600 586 3600 582 3601 1430 3601 585 3601 1443 3602 1441 3602 588 3602 1436 3603 1443 3603 586 3603 1444 3604 592 3604 591 3604 1441 3605 591 3605 588 3605 1990 3606 1991 3606 1992 3606 1993 3607 1994 3607 1995 3607 1996 3608 1990 3608 1997 3608 1990 3609 1996 3609 1991 3609 1998 3610 1997 3610 1999 3610 1998 3611 1996 3611 1997 3611 1999 3612 1997 3612 2000 3612 2001 3613 2000 3613 2002 3613 2000 3614 2001 3614 1999 3614 2002 3615 2003 3615 2004 3615 2004 3616 2001 3616 2002 3616 2005 3617 2006 3617 2007 3617 2004 3618 2003 3618 2008 3618 2009 3619 2010 3619 2011 3619 2012 3620 2013 3620 2014 3620 2015 3621 1995 3621 1994 3621 2016 3622 2017 3622 2018 3622 2019 3623 2020 3623 2021 3623 2022 3624 1993 3624 2023 3624 2024 3625 2025 3625 2026 3625 2027 3626 2028 3626 2029 3626 2030 3627 2031 3627 2032 3627 2033 3628 2031 3628 2034 3628 2034 3629 2031 3629 2030 3629 2033 3630 2025 3630 2024 3630 2034 3631 2025 3631 2033 3631 2026 3632 2028 3632 2027 3632 2025 3633 2028 3633 2026 3633 2029 3634 2019 3634 2021 3634 2029 3635 2021 3635 2027 3635 2022 3636 2023 3636 2020 3636 2022 3637 2020 3637 2019 3637 2018 3638 2015 3638 1994 3638 1995 3639 2023 3639 1993 3639 2017 3640 2016 3640 2009 3640 2015 3641 2018 3641 2017 3641 2010 3642 2013 3642 2011 3642 2016 3643 2010 3643 2009 3643 2012 3644 2011 3644 2013 3644 2014 3645 2005 3645 2007 3645 2014 3646 2007 3646 2012 3646 2003 3647 2006 3647 2008 3647 2008 3648 2006 3648 2005 3648 2035 3649 2002 3649 2000 3649 2003 3650 2036 3650 2037 3650 1990 3651 1992 3651 2038 3651 2039 3652 2040 3652 1997 3652 2041 3653 1996 3653 1998 3653 2042 3654 2043 3654 1991 3654 2004 3655 2044 3655 2001 3655 1999 3656 2045 3656 2046 3656 2005 3657 2014 3657 2047 3657 2048 3658 2008 3658 2049 3658 2050 3659 2010 3659 2016 3659 2051 3660 2052 3660 2013 3660 1993 3661 2053 3661 1994 3661 2018 3662 2054 3662 2055 3662 2019 3663 2029 3663 2056 3663 2057 3664 2022 3664 2058 3664 2059 3665 2025 3665 2034 3665 2060 3666 2061 3666 2028 3666 2031 3667 2062 3667 2032 3667 2030 3668 2063 3668 2064 3668 2024 3669 2026 3669 2065 3669 2066 3670 2033 3670 2067 3670 2068 3671 2021 3671 2069 3671 2068 3672 2070 3672 2027 3672 2020 3673 2071 3673 2069 3673 2069 3674 2021 3674 2020 3674 2072 3675 2071 3675 2023 3675 2020 3676 2023 3676 2071 3676 2072 3677 1995 3677 2073 3677 1995 3678 2072 3678 2023 3678 2015 3679 2074 3679 2073 3679 2073 3680 1995 3680 2015 3680 2075 3681 2074 3681 2017 3681 2015 3682 2017 3682 2074 3682 2075 3683 2009 3683 2076 3683 2009 3684 2075 3684 2017 3684 2011 3685 2077 3685 2076 3685 2076 3686 2009 3686 2011 3686 2078 3687 2077 3687 2012 3687 2011 3688 2012 3688 2077 3688 2078 3689 2007 3689 2079 3689 2007 3690 2078 3690 2012 3690 2006 3691 2037 3691 2079 3691 2079 3692 2007 3692 2006 3692 2027 3693 2070 3693 2026 3693 2006 3694 2003 3694 2037 3694 2027 3695 2021 3695 2068 3695 2024 3696 2065 3696 2067 3696 2026 3697 2070 3697 2065 3697 2033 3698 2066 3698 2031 3698 2024 3699 2067 3699 2033 3699 2062 3700 2063 3700 2032 3700 2066 3701 2062 3701 2031 3701 2064 3702 2034 3702 2030 3702 2063 3703 2030 3703 2032 3703 2060 3704 2025 3704 2059 3704 2059 3705 2034 3705 2064 3705 2029 3706 2028 3706 2061 3706 2028 3707 2025 3707 2060 3707 2019 3708 2056 3708 2058 3708 2029 3709 2061 3709 2056 3709 2022 3710 2057 3710 1993 3710 2019 3711 2058 3711 2022 3711 2053 3712 2054 3712 1994 3712 2057 3713 2053 3713 1993 3713 2055 3714 2016 3714 2018 3714 2054 3715 2018 3715 1994 3715 2051 3716 2010 3716 2050 3716 2050 3717 2016 3717 2055 3717 2014 3718 2013 3718 2052 3718 2013 3719 2010 3719 2051 3719 2005 3720 2047 3720 2049 3720 2014 3721 2052 3721 2047 3721 2008 3722 2048 3722 2004 3722 2005 3723 2049 3723 2008 3723 2044 3724 2045 3724 2001 3724 2048 3725 2044 3725 2004 3725 2046 3726 1998 3726 1999 3726 2045 3727 1999 3727 2001 3727 2042 3728 1996 3728 2041 3728 2041 3729 1998 3729 2046 3729 1992 3730 1991 3730 2043 3730 1991 3731 1996 3731 2042 3731 1990 3732 2038 3732 2039 3732 1992 3733 2043 3733 2038 3733 1997 3734 2040 3734 2000 3734 1990 3735 2039 3735 1997 3735 2035 3736 2036 3736 2002 3736 2040 3737 2035 3737 2000 3737 2003 3738 2002 3738 2036 3738 2045 3739 2080 3739 2081 3739 2073 3740 2074 3740 2082 3740 2083 3741 2041 3741 2046 3741 2084 3742 2046 3742 2081 3742 2085 3743 2043 3743 2086 3743 2087 3744 2086 3744 2042 3744 2039 3745 2038 3745 2088 3745 2089 3746 2080 3746 2044 3746 2048 3747 2089 3747 2044 3747 2048 3748 2049 3748 2090 3748 2091 3749 2092 3749 2040 3749 2047 3750 2093 3750 2049 3750 2036 3751 2035 3751 2094 3751 2055 3752 2095 3752 2050 3752 2096 3753 2097 3753 2037 3753 2077 3754 2078 3754 2098 3754 2099 3755 2100 3755 2055 3755 2101 3756 2074 3756 2075 3756 2102 3757 2075 3757 2076 3757 2103 3758 2104 3758 2072 3758 2056 3759 2061 3759 2105 3759 2106 3760 2063 3760 2107 3760 2071 3761 2108 3761 2069 3761 2066 3762 2067 3762 2109 3762 2070 3763 2110 3763 2065 3763 2111 3764 2062 3764 2066 3764 2111 3765 2107 3765 2062 3765 2067 3766 2065 3766 2112 3766 2113 3767 2068 3767 2069 3767 2070 3768 2068 3768 2114 3768 2064 3769 2115 3769 2059 3769 2106 3770 2116 3770 2064 3770 2117 3771 2060 3771 2059 3771 2104 3772 2118 3772 2071 3772 2103 3773 2073 3773 2082 3773 2119 3774 2061 3774 2060 3774 2058 3775 2056 3775 2120 3775 2057 3776 2121 3776 2053 3776 2057 3777 2058 3777 2122 3777 2053 3778 2121 3778 2123 3778 2124 3779 2076 3779 2077 3779 2099 3780 2054 3780 2123 3780 2125 3781 2078 3781 2079 3781 2125 3782 2098 3782 2078 3782 2126 3783 2051 3783 2050 3783 2097 3784 2125 3784 2079 3784 2096 3785 2037 3785 2127 3785 2128 3786 2047 3786 2052 3786 2051 3787 2129 3787 2052 3787 2097 3788 2079 3788 2037 3788 2041 3789 2087 3789 2042 3789 2077 3790 2098 3790 2124 3790 2076 3791 2124 3791 2102 3791 2075 3792 2102 3792 2101 3792 2074 3793 2101 3793 2082 3793 2072 3794 2073 3794 2103 3794 2071 3795 2072 3795 2104 3795 2071 3796 2118 3796 2108 3796 2069 3797 2108 3797 2113 3797 2068 3798 2113 3798 2114 3798 2070 3799 2114 3799 2110 3799 2065 3800 2110 3800 2112 3800 2067 3801 2112 3801 2109 3801 2066 3802 2109 3802 2111 3802 2063 3803 2062 3803 2107 3803 2064 3804 2063 3804 2106 3804 2064 3805 2116 3805 2115 3805 2059 3806 2115 3806 2117 3806 2060 3807 2117 3807 2119 3807 2061 3808 2119 3808 2105 3808 2056 3809 2105 3809 2120 3809 2058 3810 2120 3810 2122 3810 2057 3811 2122 3811 2121 3811 2054 3812 2053 3812 2123 3812 2055 3813 2054 3813 2099 3813 2055 3814 2100 3814 2095 3814 2050 3815 2095 3815 2126 3815 2051 3816 2126 3816 2129 3816 2052 3817 2129 3817 2128 3817 2047 3818 2128 3818 2093 3818 2049 3819 2093 3819 2090 3819 2048 3820 2090 3820 2089 3820 2045 3821 2044 3821 2080 3821 2046 3822 2045 3822 2081 3822 2046 3823 2084 3823 2083 3823 2041 3824 2083 3824 2087 3824 2043 3825 2042 3825 2086 3825 2038 3826 2043 3826 2085 3826 2039 3827 2088 3827 2091 3827 2038 3828 2085 3828 2088 3828 2040 3829 2092 3829 2035 3829 2039 3830 2091 3830 2040 3830 2094 3831 2127 3831 2036 3831 2092 3832 2094 3832 2035 3832 2037 3833 2036 3833 2127 3833 2097 3834 2096 3834 2130 3834 2124 3835 2098 3835 2131 3835 2125 3836 2132 3836 2133 3836 2134 3837 2082 3837 2101 3837 2135 3838 2136 3838 2102 3838 2104 3839 2137 3839 2118 3839 2103 3840 2138 3840 2139 3840 2114 3841 2113 3841 2140 3841 2141 3842 2108 3842 2142 3842 2143 3843 2109 3843 2112 3843 2144 3844 2145 3844 2110 3844 2107 3845 2146 3845 2106 3845 2111 3846 2147 3846 2148 3846 2117 3847 2115 3847 2149 3847 2150 3848 2116 3848 2151 3848 2152 3849 2120 3849 2105 3849 2153 3850 2154 3850 2119 3850 2121 3851 2155 3851 2123 3851 2122 3852 2156 3852 2157 3852 2095 3853 2100 3853 2158 3853 2159 3854 2099 3854 2160 3854 2161 3855 2128 3855 2129 3855 2162 3856 2163 3856 2126 3856 2090 3857 2164 3857 2089 3857 2093 3858 2165 3858 2166 3858 2080 3859 2167 3859 2081 3859 2167 3860 2080 3860 2168 3860 2169 3861 2084 3861 2081 3861 2081 3862 2167 3862 2169 3862 2083 3863 2084 3863 2170 3863 2169 3864 2170 3864 2084 3864 2083 3865 2171 3865 2087 3865 2171 3866 2083 3866 2170 3866 2172 3867 2086 3867 2087 3867 2087 3868 2171 3868 2172 3868 2085 3869 2086 3869 2173 3869 2172 3870 2173 3870 2086 3870 2085 3871 2174 3871 2088 3871 2174 3872 2085 3872 2173 3872 2175 3873 2091 3873 2088 3873 2088 3874 2174 3874 2175 3874 2092 3875 2091 3875 2176 3875 2175 3876 2176 3876 2091 3876 2092 3877 2177 3877 2094 3877 2177 3878 2092 3878 2176 3878 2178 3879 2127 3879 2094 3879 2094 3880 2177 3880 2178 3880 2096 3881 2127 3881 2179 3881 2178 3882 2179 3882 2127 3882 2130 3883 2096 3883 2179 3883 2168 3884 2089 3884 2164 3884 2080 3885 2089 3885 2168 3885 2093 3886 2166 3886 2090 3886 2090 3887 2166 3887 2164 3887 2161 3888 2165 3888 2128 3888 2128 3889 2165 3889 2093 3889 2163 3890 2129 3890 2126 3890 2163 3891 2161 3891 2129 3891 2162 3892 2095 3892 2158 3892 2162 3893 2126 3893 2095 3893 2100 3894 2099 3894 2159 3894 2158 3895 2100 3895 2159 3895 2123 3896 2155 3896 2160 3896 2099 3897 2123 3897 2160 3897 2122 3898 2157 3898 2121 3898 2121 3899 2157 3899 2155 3899 2152 3900 2156 3900 2120 3900 2120 3901 2156 3901 2122 3901 2154 3902 2105 3902 2119 3902 2154 3903 2152 3903 2105 3903 2153 3904 2117 3904 2149 3904 2153 3905 2119 3905 2117 3905 2115 3906 2116 3906 2150 3906 2149 3907 2115 3907 2150 3907 2106 3908 2146 3908 2151 3908 2116 3909 2106 3909 2151 3909 2111 3910 2148 3910 2107 3910 2107 3911 2148 3911 2146 3911 2143 3912 2147 3912 2109 3912 2109 3913 2147 3913 2111 3913 2145 3914 2112 3914 2110 3914 2145 3915 2143 3915 2112 3915 2144 3916 2114 3916 2140 3916 2144 3917 2110 3917 2114 3917 2113 3918 2108 3918 2141 3918 2140 3919 2113 3919 2141 3919 2118 3920 2137 3920 2142 3920 2108 3921 2118 3921 2142 3921 2103 3922 2139 3922 2104 3922 2104 3923 2139 3923 2137 3923 2134 3924 2138 3924 2082 3924 2082 3925 2138 3925 2103 3925 2136 3926 2101 3926 2102 3926 2136 3927 2134 3927 2101 3927 2135 3928 2124 3928 2131 3928 2135 3929 2102 3929 2124 3929 2098 3930 2125 3930 2133 3930 2131 3931 2098 3931 2133 3931 2097 3932 2130 3932 2132 3932 2125 3933 2097 3933 2132 3933 2180 3934 2181 3934 2182 3934 2183 3935 2181 3935 2184 3935 2180 3936 2184 3936 2181 3936 2183 3937 2185 3937 2186 3937 2185 3938 2183 3938 2184 3938 2187 3939 2188 3939 2186 3939 2186 3940 2185 3940 2187 3940 2189 3941 2188 3941 2190 3941 2187 3942 2190 3942 2188 3942 2191 3943 2189 3943 2190 3943 2192 3944 2180 3944 2182 3944 2193 3945 2194 3945 2192 3945 2192 3946 2182 3946 2193 3946 2195 3947 2194 3947 2196 3947 2193 3948 2196 3948 2194 3948 2195 3949 2197 3949 2198 3949 2197 3950 2195 3950 2196 3950 2199 3951 2200 3951 2198 3951 2198 3952 2197 3952 2199 3952 2199 3953 2201 3953 2200 3953 2201 3954 2202 3954 2200 3954 2201 3955 2203 3955 2202 3955 2204 3956 2205 3956 2206 3956 2207 3957 2205 3957 2208 3957 2204 3958 2208 3958 2205 3958 2207 3959 2209 3959 2210 3959 2209 3960 2207 3960 2208 3960 2211 3961 2212 3961 2210 3961 2210 3962 2209 3962 2211 3962 2203 3963 2212 3963 2213 3963 2211 3964 2213 3964 2212 3964 2202 3965 2203 3965 2213 3965 2214 3966 2204 3966 2206 3966 2215 3967 2216 3967 2214 3967 2214 3968 2206 3968 2215 3968 2217 3969 2216 3969 2218 3969 2215 3970 2218 3970 2216 3970 2217 3971 2219 3971 2220 3971 2219 3972 2217 3972 2218 3972 2221 3973 2222 3973 2220 3973 2220 3974 2219 3974 2221 3974 2221 3975 2223 3975 2222 3975 2224 3976 2225 3976 2222 3976 2222 3977 2223 3977 2224 3977 2226 3978 2227 3978 2228 3978 2229 3979 2227 3979 2230 3979 2226 3980 2230 3980 2227 3980 2229 3981 2231 3981 2232 3981 2231 3982 2229 3982 2230 3982 2233 3983 2234 3983 2232 3983 2232 3984 2231 3984 2233 3984 2224 3985 2234 3985 2235 3985 2233 3986 2235 3986 2234 3986 2225 3987 2224 3987 2235 3987 2236 3988 2226 3988 2228 3988 2237 3989 2238 3989 2236 3989 2236 3990 2228 3990 2237 3990 2239 3991 2238 3991 2240 3991 2237 3992 2240 3992 2238 3992 2239 3993 2241 3993 2242 3993 2241 3994 2239 3994 2240 3994 2243 3995 2244 3995 2242 3995 2242 3996 2241 3996 2243 3996 2243 3997 2245 3997 2244 3997 2245 3998 2246 3998 2244 3998 2245 3999 2247 3999 2246 3999 2248 4000 2249 4000 2250 4000 2247 4001 2249 4001 2251 4001 2248 4002 2251 4002 2249 4002 2247 4003 2251 4003 2246 4003 2248 4004 2250 4004 2252 4004 2253 4005 2252 4005 2250 4005 2253 4006 2254 4006 2255 4006 2255 4007 2252 4007 2253 4007 2255 4008 2254 4008 2256 4008 2254 4009 2257 4009 2256 4009 2257 4010 2258 4010 2256 4010 2257 4011 2259 4011 2258 4011 2260 4012 2261 4012 2262 4012 2259 4013 2261 4013 2263 4013 2260 4014 2263 4014 2261 4014 2259 4015 2263 4015 2258 4015 2260 4016 2262 4016 2264 4016 2265 4017 2264 4017 2262 4017 2265 4018 2266 4018 2267 4018 2267 4019 2264 4019 2265 4019 2267 4020 2266 4020 2268 4020 2266 4021 2269 4021 2268 4021 2269 4022 2191 4022 2268 4022 2269 4023 2189 4023 2191 4023 2270 4024 2271 4024 2272 4024 2273 4025 2274 4025 2275 4025 2276 4026 2277 4026 2278 4026 2279 4027 2280 4027 2281 4027 2282 4028 2283 4028 2284 4028 2285 4029 2286 4029 2287 4029 2288 4030 2289 4030 2290 4030 2291 4031 2292 4031 2293 4031 2294 4032 2295 4032 2296 4032 2297 4033 2298 4033 2299 4033 2300 4034 2301 4034 2302 4034 2303 4035 2304 4035 2305 4035 2306 4036 2307 4036 2308 4036 2309 4037 2310 4037 2311 4037 2312 4038 2313 4038 2314 4038 2315 4039 2316 4039 2317 4039 2318 4040 2319 4040 2320 4040 2321 4041 2322 4041 2323 4041 2324 4042 2325 4042 2326 4042 2327 4043 2328 4043 2329 4043 2329 4044 2323 4044 2327 4044 2330 4045 2331 4045 2328 4045 2329 4046 2328 4046 2331 4046 2332 4047 2330 4047 2333 4047 2330 4048 2332 4048 2331 4048 2333 4049 2334 4049 2335 4049 2335 4050 2332 4050 2333 4050 2336 4051 2337 4051 2334 4051 2335 4052 2334 4052 2337 4052 2338 4053 2336 4053 2339 4053 2336 4054 2338 4054 2337 4054 2339 4055 2340 4055 2341 4055 2341 4056 2338 4056 2339 4056 2342 4057 2343 4057 2340 4057 2341 4058 2340 4058 2343 4058 2271 4059 2342 4059 2272 4059 2342 4060 2271 4060 2343 4060 2322 4061 2321 4061 2326 4061 2323 4062 2322 4062 2327 4062 2316 4063 2325 4063 2324 4063 2324 4064 2326 4064 2321 4064 2319 4065 2315 4065 2317 4065 2315 4066 2325 4066 2316 4066 2318 4067 2320 4067 2309 4067 2319 4068 2317 4068 2320 4068 2311 4069 2310 4069 2312 4069 2318 4070 2309 4070 2311 4070 2313 4071 2305 4071 2314 4071 2310 4072 2313 4072 2312 4072 2303 4073 2308 4073 2304 4073 2305 4074 2304 4074 2314 4074 2298 4075 2307 4075 2306 4075 2306 4076 2308 4076 2303 4076 2301 4077 2297 4077 2299 4077 2297 4078 2307 4078 2298 4078 2300 4079 2302 4079 2291 4079 2301 4080 2299 4080 2302 4080 2293 4081 2292 4081 2294 4081 2300 4082 2291 4082 2293 4082 2295 4083 2287 4083 2296 4083 2292 4084 2295 4084 2294 4084 2285 4085 2290 4085 2286 4085 2287 4086 2286 4086 2296 4086 2280 4087 2289 4087 2288 4087 2288 4088 2290 4088 2285 4088 2283 4089 2279 4089 2281 4089 2279 4090 2289 4090 2280 4090 2282 4091 2284 4091 2273 4091 2283 4092 2281 4092 2284 4092 2275 4093 2274 4093 2278 4093 2282 4094 2273 4094 2275 4094 2276 4095 2270 4095 2277 4095 2274 4096 2276 4096 2278 4096 2272 4097 2277 4097 2270 4097 2344 4098 2345 4098 2346 4098 2347 4099 2348 4099 2349 4099 2350 4100 2351 4100 2352 4100 2353 4101 2354 4101 2355 4101 2356 4102 2357 4102 2358 4102 2359 4103 2360 4103 2361 4103 2362 4104 2363 4104 2364 4104 2365 4105 2366 4105 2367 4105 2368 4106 2369 4106 2370 4106 2371 4107 2372 4107 2373 4107 2374 4108 2375 4108 2376 4108 2377 4109 2378 4109 2379 4109 2380 4110 2381 4110 2382 4110 2383 4111 2384 4111 2385 4111 2386 4112 2387 4112 2388 4112 2389 4113 2390 4113 2391 4113 2392 4114 2393 4114 2394 4114 2395 4115 2396 4115 2397 4115 2398 4116 2399 4116 2400 4116 2401 4117 2402 4117 2403 4117 2403 4118 2397 4118 2401 4118 2404 4119 2405 4119 2402 4119 2403 4120 2402 4120 2405 4120 2406 4121 2404 4121 2407 4121 2404 4122 2406 4122 2405 4122 2407 4123 2408 4123 2409 4123 2409 4124 2406 4124 2407 4124 2410 4125 2411 4125 2408 4125 2409 4126 2408 4126 2411 4126 2412 4127 2410 4127 2413 4127 2410 4128 2412 4128 2411 4128 2413 4129 2414 4129 2415 4129 2415 4130 2412 4130 2413 4130 2416 4131 2417 4131 2414 4131 2415 4132 2414 4132 2417 4132 2345 4133 2416 4133 2346 4133 2416 4134 2345 4134 2417 4134 2396 4135 2395 4135 2400 4135 2397 4136 2396 4136 2401 4136 2390 4137 2399 4137 2398 4137 2398 4138 2400 4138 2395 4138 2393 4139 2389 4139 2391 4139 2389 4140 2399 4140 2390 4140 2392 4141 2394 4141 2383 4141 2393 4142 2391 4142 2394 4142 2385 4143 2384 4143 2386 4143 2392 4144 2383 4144 2385 4144 2387 4145 2379 4145 2388 4145 2384 4146 2387 4146 2386 4146 2377 4147 2382 4147 2378 4147 2379 4148 2378 4148 2388 4148 2372 4149 2381 4149 2380 4149 2380 4150 2382 4150 2377 4150 2375 4151 2371 4151 2373 4151 2371 4152 2381 4152 2372 4152 2374 4153 2376 4153 2365 4153 2375 4154 2373 4154 2376 4154 2367 4155 2366 4155 2368 4155 2374 4156 2365 4156 2367 4156 2369 4157 2361 4157 2370 4157 2366 4158 2369 4158 2368 4158 2359 4159 2364 4159 2360 4159 2361 4160 2360 4160 2370 4160 2354 4161 2363 4161 2362 4161 2362 4162 2364 4162 2359 4162 2357 4163 2353 4163 2355 4163 2353 4164 2363 4164 2354 4164 2356 4165 2358 4165 2347 4165 2357 4166 2355 4166 2358 4166 2349 4167 2348 4167 2352 4167 2356 4168 2347 4168 2349 4168 2350 4169 2344 4169 2351 4169 2348 4170 2350 4170 2352 4170 2346 4171 2351 4171 2344 4171 2132 4172 2130 4172 2418 4172 2135 4173 2131 4173 2419 4173 2133 4174 2420 4174 2421 4174 2422 4175 2138 4175 2134 4175 2423 4176 2424 4176 2136 4176 2137 4177 2425 4177 2142 4177 2139 4178 2426 4178 2427 4178 2428 4179 2144 4179 2429 4179 2430 4180 2140 4180 2141 4180 2431 4181 2147 4181 2143 4181 2432 4182 2433 4182 2145 4182 2146 4183 2434 4183 2151 4183 2148 4184 2435 4184 2436 4184 2437 4185 2153 4185 2438 4185 2439 4186 2149 4186 2150 4186 2440 4187 2441 4187 2156 4187 2154 4188 2442 4188 2152 4188 2155 4189 2443 4189 2160 4189 2157 4190 2444 4190 2445 4190 2446 4191 2162 4191 2447 4191 2448 4192 2158 4192 2159 4192 2449 4193 2450 4193 2165 4193 2163 4194 2451 4194 2161 4194 2168 4195 2452 4195 2453 4195 2164 4196 2166 4196 2454 4196 2167 4197 2455 4197 2169 4197 2455 4198 2167 4198 2456 4198 2457 4199 2170 4199 2169 4199 2169 4200 2455 4200 2457 4200 2171 4201 2170 4201 2458 4201 2457 4202 2458 4202 2170 4202 2171 4203 2459 4203 2172 4203 2459 4204 2171 4204 2458 4204 2460 4205 2173 4205 2172 4205 2172 4206 2459 4206 2460 4206 2174 4207 2173 4207 2461 4207 2460 4208 2461 4208 2173 4208 2174 4209 2462 4209 2175 4209 2462 4210 2174 4210 2461 4210 2463 4211 2176 4211 2175 4211 2175 4212 2462 4212 2463 4212 2177 4213 2176 4213 2464 4213 2463 4214 2464 4214 2176 4214 2177 4215 2465 4215 2178 4215 2465 4216 2177 4216 2464 4216 2466 4217 2179 4217 2178 4217 2178 4218 2465 4218 2466 4218 2130 4219 2179 4219 2467 4219 2466 4220 2467 4220 2179 4220 2418 4221 2130 4221 2467 4221 2453 4222 2167 4222 2168 4222 2456 4223 2167 4223 2453 4223 2164 4224 2454 4224 2452 4224 2168 4225 2164 4225 2452 4225 2165 4226 2450 4226 2166 4226 2166 4227 2450 4227 2454 4227 2451 4228 2449 4228 2161 4228 2161 4229 2449 4229 2165 4229 2446 4230 2163 4230 2162 4230 2446 4231 2451 4231 2163 4231 2447 4232 2158 4232 2448 4232 2447 4233 2162 4233 2158 4233 2159 4234 2160 4234 2468 4234 2448 4235 2159 4235 2468 4235 2155 4236 2445 4236 2443 4236 2160 4237 2443 4237 2468 4237 2157 4238 2441 4238 2444 4238 2157 4239 2445 4239 2155 4239 2152 4240 2440 4240 2156 4240 2156 4241 2441 4241 2157 4241 2437 4242 2442 4242 2154 4242 2442 4243 2440 4243 2152 4243 2438 4244 2153 4244 2149 4244 2437 4245 2154 4245 2153 4245 2439 4246 2150 4246 2469 4246 2438 4247 2149 4247 2439 4247 2434 4248 2469 4248 2151 4248 2150 4249 2151 4249 2469 4249 2148 4250 2436 4250 2146 4250 2146 4251 2436 4251 2434 4251 2431 4252 2435 4252 2147 4252 2147 4253 2435 4253 2148 4253 2433 4254 2143 4254 2145 4254 2433 4255 2431 4255 2143 4255 2432 4256 2144 4256 2428 4256 2432 4257 2145 4257 2144 4257 2429 4258 2140 4258 2430 4258 2429 4259 2144 4259 2140 4259 2141 4260 2142 4260 2470 4260 2430 4261 2141 4261 2470 4261 2137 4262 2427 4262 2425 4262 2142 4263 2425 4263 2470 4263 2138 4264 2426 4264 2139 4264 2139 4265 2427 4265 2137 4265 2424 4266 2422 4266 2134 4266 2422 4267 2426 4267 2138 4267 2423 4268 2136 4268 2135 4268 2424 4269 2134 4269 2136 4269 2419 4270 2131 4270 2421 4270 2423 4271 2135 4271 2419 4271 2133 4272 2132 4272 2420 4272 2131 4273 2133 4273 2421 4273 2418 4274 2471 4274 2132 4274 2132 4275 2471 4275 2420 4275 2472 4276 2197 4276 2196 4276 2473 4277 2199 4277 2474 4277 2182 4278 2181 4278 2475 4278 2476 4279 2477 4279 2193 4279 2478 4280 2186 4280 2479 4280 2478 4281 2480 4281 2183 4281 2188 4282 2481 4282 2479 4282 2479 4283 2186 4283 2188 4283 2482 4284 2481 4284 2189 4284 2188 4285 2189 4285 2481 4285 2181 4286 2183 4286 2480 4286 2183 4287 2186 4287 2478 4287 2182 4288 2475 4288 2476 4288 2181 4289 2480 4289 2475 4289 2193 4290 2477 4290 2196 4290 2182 4291 2476 4291 2193 4291 2472 4292 2474 4292 2197 4292 2477 4293 2472 4293 2196 4293 2473 4294 2201 4294 2199 4294 2474 4295 2199 4295 2197 4295 2201 4296 2473 4296 2483 4296 2483 4297 2203 4297 2201 4297 2484 4298 2219 4298 2218 4298 2485 4299 2221 4299 2486 4299 2206 4300 2205 4300 2487 4300 2488 4301 2489 4301 2215 4301 2490 4302 2210 4302 2491 4302 2490 4303 2492 4303 2207 4303 2212 4304 2493 4304 2491 4304 2491 4305 2210 4305 2212 4305 2483 4306 2493 4306 2203 4306 2212 4307 2203 4307 2493 4307 2205 4308 2207 4308 2492 4308 2207 4309 2210 4309 2490 4309 2206 4310 2487 4310 2488 4310 2205 4311 2492 4311 2487 4311 2215 4312 2489 4312 2218 4312 2206 4313 2488 4313 2215 4313 2484 4314 2486 4314 2219 4314 2489 4315 2484 4315 2218 4315 2485 4316 2223 4316 2221 4316 2486 4317 2221 4317 2219 4317 2494 4318 2223 4318 2485 4318 2494 4319 2224 4319 2223 4319 2224 4320 2495 4320 2234 4320 2496 4321 2232 4321 2497 4321 2498 4322 2228 4322 2499 4322 2500 4323 2227 4323 2229 4323 2501 4324 2241 4324 2240 4324 2237 4325 2502 4325 2240 4325 2243 4326 2241 4326 2503 4326 2501 4327 2503 4327 2241 4327 2243 4328 2504 4328 2245 4328 2504 4329 2243 4329 2503 4329 2240 4330 2502 4330 2501 4330 2498 4331 2237 4331 2228 4331 2498 4332 2502 4332 2237 4332 2499 4333 2227 4333 2500 4333 2499 4334 2228 4334 2227 4334 2229 4335 2232 4335 2496 4335 2500 4336 2229 4336 2496 4336 2234 4337 2495 4337 2497 4337 2232 4338 2234 4338 2497 4338 2224 4339 2494 4339 2495 4339 2505 4340 2247 4340 2245 4340 2245 4341 2504 4341 2505 4341 2247 4342 2506 4342 2249 4342 2507 4343 2250 4343 2508 4343 2254 4344 2509 4344 2510 4344 2509 4345 2254 4345 2253 4345 2257 4346 2254 4346 2510 4346 2253 4347 2507 4347 2509 4347 2250 4348 2249 4348 2508 4348 2253 4349 2250 4349 2507 4349 2247 4350 2505 4350 2506 4350 2249 4351 2506 4351 2508 4351 2257 4352 2511 4352 2259 4352 2257 4353 2510 4353 2511 4353 2512 4354 2265 4354 2262 4354 2513 4355 2266 4355 2514 4355 2259 4356 2515 4356 2261 4356 2515 4357 2516 4357 2261 4357 2262 4358 2261 4358 2516 4358 2259 4359 2511 4359 2515 4359 2265 4360 2512 4360 2514 4360 2262 4361 2516 4361 2512 4361 2513 4362 2269 4362 2266 4362 2265 4363 2514 4363 2266 4363 2269 4364 2513 4364 2482 4364 2482 4365 2189 4365 2269 4365 2517 4366 2340 4366 2339 4366 2518 4367 2342 4367 2519 4367 2334 4368 2333 4368 2520 4368 2521 4369 2522 4369 2336 4369 2523 4370 2328 4370 2327 4370 2524 4371 2525 4371 2330 4371 2325 4372 2526 4372 2326 4372 2322 4373 2527 4373 2528 4373 2319 4374 2318 4374 2529 4374 2530 4375 2315 4375 2531 4375 2532 4376 2312 4376 2314 4376 2533 4377 2534 4377 2311 4377 2307 4378 2535 4378 2308 4378 2304 4379 2536 4379 2537 4379 2301 4380 2300 4380 2538 4380 2539 4381 2297 4381 2540 4381 2541 4382 2294 4382 2296 4382 2542 4383 2543 4383 2293 4383 2544 4384 2286 4384 2290 4384 2286 4385 2544 4385 2545 4385 2290 4386 2289 4386 2546 4386 2546 4387 2544 4387 2290 4387 2279 4388 2547 4388 2289 4388 2546 4389 2289 4389 2547 4389 2548 4390 2279 4390 2283 4390 2279 4391 2548 4391 2547 4391 2283 4392 2282 4392 2549 4392 2549 4393 2548 4393 2283 4393 2275 4394 2550 4394 2282 4394 2549 4395 2282 4395 2550 4395 2551 4396 2275 4396 2278 4396 2275 4397 2551 4397 2550 4397 2278 4398 2277 4398 2552 4398 2552 4399 2551 4399 2278 4399 2272 4400 2553 4400 2277 4400 2552 4401 2277 4401 2553 4401 2286 4402 2545 4402 2296 4402 2272 4403 2518 4403 2553 4403 2542 4404 2294 4404 2541 4404 2541 4405 2296 4405 2545 4405 2300 4406 2293 4406 2543 4406 2293 4407 2294 4407 2542 4407 2301 4408 2538 4408 2540 4408 2300 4409 2543 4409 2538 4409 2297 4410 2539 4410 2307 4410 2301 4411 2540 4411 2297 4411 2535 4412 2536 4412 2308 4412 2539 4413 2535 4413 2307 4413 2537 4414 2314 4414 2304 4414 2536 4415 2304 4415 2308 4415 2533 4416 2312 4416 2532 4416 2532 4417 2314 4417 2537 4417 2318 4418 2311 4418 2534 4418 2311 4419 2312 4419 2533 4419 2319 4420 2529 4420 2531 4420 2318 4421 2534 4421 2529 4421 2315 4422 2530 4422 2325 4422 2319 4423 2531 4423 2315 4423 2526 4424 2527 4424 2326 4424 2530 4425 2526 4425 2325 4425 2528 4426 2327 4426 2322 4426 2527 4427 2322 4427 2326 4427 2524 4428 2328 4428 2523 4428 2523 4429 2327 4429 2528 4429 2333 4430 2330 4430 2525 4430 2330 4431 2328 4431 2524 4431 2334 4432 2520 4432 2521 4432 2333 4433 2525 4433 2520 4433 2336 4434 2522 4434 2339 4434 2334 4435 2521 4435 2336 4435 2517 4436 2519 4436 2340 4436 2522 4437 2517 4437 2339 4437 2518 4438 2272 4438 2342 4438 2519 4439 2342 4439 2340 4439 2554 4440 2414 4440 2413 4440 2555 4441 2416 4441 2556 4441 2408 4442 2407 4442 2557 4442 2558 4443 2559 4443 2410 4443 2560 4444 2402 4444 2401 4444 2561 4445 2562 4445 2404 4445 2399 4446 2563 4446 2400 4446 2396 4447 2564 4447 2565 4447 2393 4448 2392 4448 2566 4448 2567 4449 2389 4449 2568 4449 2569 4450 2386 4450 2388 4450 2570 4451 2571 4451 2385 4451 2381 4452 2572 4452 2382 4452 2378 4453 2573 4453 2574 4453 2375 4454 2374 4454 2575 4454 2576 4455 2371 4455 2577 4455 2578 4456 2368 4456 2370 4456 2579 4457 2580 4457 2367 4457 2581 4458 2360 4458 2364 4458 2360 4459 2581 4459 2582 4459 2364 4460 2363 4460 2583 4460 2583 4461 2581 4461 2364 4461 2353 4462 2584 4462 2363 4462 2583 4463 2363 4463 2584 4463 2585 4464 2353 4464 2357 4464 2353 4465 2585 4465 2584 4465 2357 4466 2356 4466 2586 4466 2586 4467 2585 4467 2357 4467 2349 4468 2587 4468 2356 4468 2586 4469 2356 4469 2587 4469 2588 4470 2349 4470 2352 4470 2349 4471 2588 4471 2587 4471 2352 4472 2351 4472 2589 4472 2589 4473 2588 4473 2352 4473 2346 4474 2590 4474 2351 4474 2589 4475 2351 4475 2590 4475 2360 4476 2582 4476 2370 4476 2346 4477 2555 4477 2590 4477 2579 4478 2368 4478 2578 4478 2578 4479 2370 4479 2582 4479 2374 4480 2367 4480 2580 4480 2367 4481 2368 4481 2579 4481 2375 4482 2575 4482 2577 4482 2374 4483 2580 4483 2575 4483 2371 4484 2576 4484 2381 4484 2375 4485 2577 4485 2371 4485 2572 4486 2573 4486 2382 4486 2576 4487 2572 4487 2381 4487 2574 4488 2388 4488 2378 4488 2573 4489 2378 4489 2382 4489 2570 4490 2386 4490 2569 4490 2569 4491 2388 4491 2574 4491 2392 4492 2385 4492 2571 4492 2385 4493 2386 4493 2570 4493 2393 4494 2566 4494 2568 4494 2392 4495 2571 4495 2566 4495 2389 4496 2567 4496 2399 4496 2393 4497 2568 4497 2389 4497 2563 4498 2564 4498 2400 4498 2567 4499 2563 4499 2399 4499 2565 4500 2401 4500 2396 4500 2564 4501 2396 4501 2400 4501 2561 4502 2402 4502 2560 4502 2560 4503 2401 4503 2565 4503 2407 4504 2404 4504 2562 4504 2404 4505 2402 4505 2561 4505 2408 4506 2557 4506 2558 4506 2407 4507 2562 4507 2557 4507 2410 4508 2559 4508 2413 4508 2408 4509 2558 4509 2410 4509 2554 4510 2556 4510 2414 4510 2559 4511 2554 4511 2413 4511 2555 4512 2346 4512 2416 4512 2556 4513 2416 4513 2414 4513 2591 4514 467 4514 485 4514 531 4515 535 4515 2592 4515 494 4516 2593 4516 493 4516 485 4517 491 4517 2594 4517 474 4518 2595 4518 476 4518 2596 4519 469 4519 467 4519 472 4520 476 4520 2597 4520 2598 4521 474 4521 469 4521 2599 4522 2600 4522 479 4522 2600 4523 2601 4523 482 4523 479 4524 2602 4524 2599 4524 482 4525 479 4525 2600 4525 2603 4526 2602 4526 478 4526 2601 4527 483 4527 482 4527 2601 4528 2604 4528 483 4528 493 4529 2605 4529 491 4529 2606 4530 494 4530 497 4530 2604 4531 484 4531 483 4531 497 4532 499 4532 2607 4532 484 4533 2604 4533 2608 4533 486 4534 484 4534 2608 4534 500 4535 2609 4535 499 4535 2610 4536 530 4536 2611 4536 593 4537 530 4537 2610 4537 538 4538 2612 4538 537 4538 511 4539 531 4539 2613 4539 519 4540 2614 4540 520 4540 511 4541 2615 4541 513 4541 521 4542 520 4542 2616 4542 2617 4543 519 4543 513 4543 2618 4544 2619 4544 517 4544 523 4545 2618 4545 517 4545 2620 4546 2621 4546 523 4546 525 4547 517 4547 2619 4547 527 4548 525 4548 2622 4548 2619 4549 2622 4549 525 4549 2622 4550 2623 4550 527 4550 535 4551 537 4551 2624 4551 2625 4552 538 4552 541 4552 2623 4553 528 4553 527 4553 541 4554 543 4554 2626 4554 528 4555 2623 4555 2611 4555 530 4556 528 4556 2611 4556 543 4557 2627 4557 2628 4557 2629 4558 590 4558 2610 4558 572 4559 575 4559 2630 4559 578 4560 581 4560 2631 4560 2632 4561 553 4561 572 4561 558 4562 2633 4562 562 4562 553 4563 2634 4563 555 4563 562 4564 2635 4564 563 4564 558 4565 555 4565 2636 4565 2637 4566 560 4566 2638 4566 2639 4567 561 4567 2637 4567 560 4568 2637 4568 561 4568 561 4569 2639 4569 571 4569 577 4570 2640 4570 2641 4570 2642 4571 567 4571 2643 4571 571 4572 2644 4572 569 4572 2644 4573 571 4573 2639 4573 2645 4574 569 4574 2644 4574 583 4575 2646 4575 2647 4575 2648 4576 587 4576 589 4576 2649 4577 584 4577 2650 4577 569 4578 2645 4578 418 4578 2651 4579 455 4579 2652 4579 506 4580 2653 4580 2654 4580 2655 4581 440 4581 2656 4581 2657 4582 441 4582 2655 4582 2658 4583 430 4583 428 4583 2659 4584 449 4584 450 4584 2660 4585 423 4585 427 4585 427 4586 447 4586 2661 4586 425 4587 2662 4587 428 4587 2663 4588 425 4588 423 4588 459 4589 2664 4589 456 4589 434 4590 430 4590 2665 4590 435 4591 2666 4591 438 4591 2667 4592 2666 4592 435 4592 2656 4593 438 4593 2666 4593 2668 4594 2669 4594 432 4594 449 4595 2670 4595 447 4595 440 4596 438 4596 2656 4596 2671 4597 450 4597 453 4597 441 4598 440 4598 2655 4598 2657 4599 442 4599 441 4599 453 4600 455 4600 2672 4600 462 4601 2673 4601 2674 4601 2675 4602 550 4602 2676 4602 421 4603 2673 4603 462 4603 544 4604 2627 4604 543 4604 544 4605 547 4605 2677 4605 2618 4606 523 4606 2621 4606 2616 4607 2620 4607 521 4607 2620 4608 523 4608 521 4608 2614 4609 2616 4609 520 4609 2617 4610 2614 4610 519 4610 2615 4611 2617 4611 513 4611 2613 4612 2615 4612 511 4612 2592 4613 2613 4613 531 4613 2624 4614 2592 4614 535 4614 2612 4615 2624 4615 537 4615 2625 4616 2612 4616 538 4616 2626 4617 2625 4617 541 4617 2628 4618 2626 4618 543 4618 2677 4619 2627 4619 544 4619 547 4620 549 4620 2678 4620 2678 4621 2677 4621 547 4621 2675 4622 549 4622 550 4622 549 4623 2675 4623 2678 4623 550 4624 508 4624 2676 4624 2676 4625 508 4625 2608 4625 2679 4626 2609 4626 500 4626 2608 4627 508 4627 486 4627 500 4628 503 4628 2680 4628 2602 4629 479 4629 478 4629 2597 4630 2603 4630 472 4630 2603 4631 478 4631 472 4631 2595 4632 2597 4632 476 4632 2598 4633 2595 4633 474 4633 2596 4634 2598 4634 469 4634 2591 4635 2596 4635 467 4635 2594 4636 2591 4636 485 4636 2605 4637 2594 4637 491 4637 2593 4638 2605 4638 493 4638 2606 4639 2593 4639 494 4639 2607 4640 2606 4640 497 4640 2609 4641 2607 4641 499 4641 2680 4642 2679 4642 500 4642 503 4643 505 4643 2681 4643 2681 4644 2680 4644 503 4644 2654 4645 505 4645 506 4645 505 4646 2654 4646 2681 4646 506 4647 464 4647 2653 4647 456 4648 2652 4648 455 4648 464 4649 442 4649 2653 4649 2653 4650 442 4650 2657 4650 2667 4651 432 4651 2669 4651 435 4652 432 4652 2667 4652 2665 4653 2668 4653 434 4653 2668 4654 432 4654 434 4654 2658 4655 2665 4655 430 4655 2662 4656 2658 4656 428 4656 2663 4657 2662 4657 425 4657 2660 4658 2663 4658 423 4658 2661 4659 2660 4659 427 4659 2670 4660 2661 4660 447 4660 2659 4661 2670 4661 449 4661 2671 4662 2659 4662 450 4662 2672 4663 2671 4663 453 4663 2651 4664 2672 4664 455 4664 2664 4665 2652 4665 456 4665 459 4666 461 4666 2682 4666 2682 4667 2664 4667 459 4667 2674 4668 461 4668 462 4668 461 4669 2674 4669 2682 4669 2645 4670 2673 4670 421 4670 2641 4671 575 4671 577 4671 2645 4672 421 4672 418 4672 2642 4673 560 4673 567 4673 2638 4674 560 4674 2642 4674 2635 4675 2643 4675 563 4675 2643 4676 567 4676 563 4676 2633 4677 2635 4677 562 4677 2636 4678 2633 4678 558 4678 2634 4679 2636 4679 555 4679 2632 4680 2634 4680 553 4680 2630 4681 2632 4681 572 4681 2641 4682 2630 4682 575 4682 2640 4683 577 4683 578 4683 2647 4684 2631 4684 581 4684 2631 4685 2640 4685 578 4685 584 4686 2646 4686 583 4686 583 4687 2647 4687 581 4687 584 4688 587 4688 2650 4688 584 4689 2649 4689 2646 4689 2648 4690 589 4690 2629 4690 2650 4691 587 4691 2648 4691 2610 4692 590 4692 593 4692 2629 4693 589 4693 590 4693 2683 4694 2684 4694 2636 4694 2685 4695 2686 4695 2610 4695 2634 4696 2687 4696 2683 4696 2683 4697 2636 4697 2634 4697 2633 4698 2636 4698 2684 4698 2635 4699 2633 4699 2688 4699 2633 4700 2684 4700 2688 4700 2635 4701 2689 4701 2643 4701 2690 4702 2638 4702 2642 4702 2642 4703 2691 4703 2690 4703 2642 4704 2643 4704 2691 4704 2638 4705 2690 4705 2692 4705 2691 4706 2643 4706 2689 4706 2692 4707 2637 4707 2638 4707 2689 4708 2635 4708 2688 4708 2693 4709 2694 4709 2639 4709 2693 4710 2637 4710 2692 4710 2694 4711 2695 4711 2644 4711 2644 4712 2639 4712 2694 4712 2645 4713 2695 4713 2696 4713 2644 4714 2695 4714 2645 4714 2639 4715 2637 4715 2693 4715 2632 4716 2687 4716 2634 4716 2632 4717 2630 4717 2697 4717 2697 4718 2687 4718 2632 4718 2641 4719 2698 4719 2630 4719 2697 4720 2630 4720 2698 4720 2699 4721 2641 4721 2640 4721 2641 4722 2699 4722 2698 4722 2640 4723 2631 4723 2700 4723 2700 4724 2699 4724 2640 4724 2647 4725 2701 4725 2631 4725 2700 4726 2631 4726 2701 4726 2702 4727 2647 4727 2646 4727 2647 4728 2702 4728 2701 4728 2646 4729 2649 4729 2703 4729 2703 4730 2702 4730 2646 4730 2650 4731 2704 4731 2649 4731 2703 4732 2649 4732 2704 4732 2705 4733 2650 4733 2648 4733 2650 4734 2705 4734 2704 4734 2648 4735 2629 4735 2706 4735 2706 4736 2705 4736 2648 4736 2610 4737 2686 4737 2629 4737 2706 4738 2629 4738 2686 4738 198 4739 204 4739 2696 4739 232 4740 237 4740 2707 4740 215 4741 2645 4741 210 4741 240 4742 241 4742 2707 4742 2707 4743 241 4743 199 4743 238 4744 239 4744 2707 4744 2707 4745 239 4745 240 4745 234 4746 233 4746 2707 4746 2707 4747 233 4747 238 4747 236 4748 235 4748 2707 4748 2707 4749 235 4749 234 4749 2707 4750 237 4750 236 4750 232 4751 2707 4751 231 4751 230 4752 231 4752 2673 4752 2707 4753 2673 4753 231 4753 228 4754 229 4754 2673 4754 2673 4755 229 4755 230 4755 222 4756 227 4756 2673 4756 2673 4757 227 4757 228 4757 224 4758 223 4758 2673 4758 2673 4759 223 4759 222 4759 226 4760 225 4760 2673 4760 2673 4761 225 4761 224 4761 2673 4762 221 4762 226 4762 2673 4763 2645 4763 221 4763 220 4764 221 4764 2645 4764 218 4765 219 4765 2645 4765 2645 4766 219 4766 220 4766 216 4767 217 4767 2645 4767 2645 4768 217 4768 218 4768 212 4769 211 4769 2645 4769 2645 4770 211 4770 216 4770 214 4771 213 4771 2645 4771 2645 4772 213 4772 212 4772 2645 4773 215 4773 214 4773 2645 4774 209 4774 210 4774 2645 4775 2696 4775 209 4775 207 4776 208 4776 2696 4776 2696 4777 208 4777 209 4777 205 4778 206 4778 2696 4778 2696 4779 206 4779 207 4779 201 4780 200 4780 2696 4780 2696 4781 200 4781 205 4781 203 4782 202 4782 2696 4782 2696 4783 202 4783 201 4783 2696 4784 2707 4784 198 4784 2696 4785 204 4785 203 4785 199 4786 198 4786 2707 4786 2708 4787 2709 4787 2662 4787 2707 4788 2710 4788 2673 4788 2663 4789 2711 4789 2708 4789 2708 4790 2662 4790 2663 4790 2658 4791 2662 4791 2709 4791 2665 4792 2658 4792 2712 4792 2658 4793 2709 4793 2712 4793 2665 4794 2713 4794 2668 4794 2714 4795 2667 4795 2669 4795 2669 4796 2715 4796 2714 4796 2669 4797 2668 4797 2715 4797 2667 4798 2714 4798 2716 4798 2715 4799 2668 4799 2713 4799 2716 4800 2666 4800 2667 4800 2713 4801 2665 4801 2712 4801 2717 4802 2718 4802 2656 4802 2717 4803 2666 4803 2716 4803 2718 4804 2719 4804 2655 4804 2655 4805 2656 4805 2718 4805 2657 4806 2719 4806 2720 4806 2655 4807 2719 4807 2657 4807 2656 4808 2666 4808 2717 4808 2660 4809 2711 4809 2663 4809 2660 4810 2661 4810 2721 4810 2721 4811 2711 4811 2660 4811 2670 4812 2722 4812 2661 4812 2721 4813 2661 4813 2722 4813 2723 4814 2670 4814 2659 4814 2670 4815 2723 4815 2722 4815 2659 4816 2671 4816 2724 4816 2724 4817 2723 4817 2659 4817 2672 4818 2725 4818 2671 4818 2724 4819 2671 4819 2725 4819 2726 4820 2672 4820 2651 4820 2672 4821 2726 4821 2725 4821 2651 4822 2652 4822 2727 4822 2727 4823 2726 4823 2651 4823 2664 4824 2728 4824 2652 4824 2727 4825 2652 4825 2728 4825 2729 4826 2664 4826 2682 4826 2664 4827 2729 4827 2728 4827 2682 4828 2674 4828 2730 4828 2730 4829 2729 4829 2682 4829 2673 4830 2710 4830 2674 4830 2730 4831 2674 4831 2710 4831 2471 4832 2418 4832 2731 4832 2444 4833 2657 4833 2445 4833 2422 4834 2731 4834 2426 4834 2731 4835 2418 4835 2720 4835 2421 4836 2420 4836 2731 4836 2731 4837 2420 4837 2471 4837 2423 4838 2419 4838 2731 4838 2731 4839 2419 4839 2421 4839 2731 4840 2422 4840 2424 4840 2731 4841 2424 4841 2423 4841 2731 4842 2425 4842 2427 4842 2426 4843 2731 4843 2427 4843 2731 4844 2430 4844 2470 4844 2425 4845 2731 4845 2470 4845 2731 4846 2428 4846 2429 4846 2430 4847 2731 4847 2429 4847 2432 4848 2428 4848 2653 4848 2731 4849 2653 4849 2428 4849 2653 4850 2657 4850 2441 4850 2431 4851 2433 4851 2653 4851 2653 4852 2433 4852 2432 4852 2436 4853 2435 4853 2653 4853 2653 4854 2435 4854 2431 4854 2469 4855 2434 4855 2653 4855 2653 4856 2434 4856 2436 4856 2438 4857 2439 4857 2653 4857 2653 4858 2439 4858 2469 4858 2442 4859 2437 4859 2653 4859 2653 4860 2437 4860 2438 4860 2653 4861 2441 4861 2440 4861 2653 4862 2440 4862 2442 4862 2657 4863 2451 4863 2446 4863 2657 4864 2444 4864 2441 4864 2468 4865 2443 4865 2657 4865 2657 4866 2443 4866 2445 4866 2447 4867 2448 4867 2657 4867 2657 4868 2448 4868 2468 4868 2657 4869 2446 4869 2447 4869 2657 4870 2450 4870 2449 4870 2451 4871 2657 4871 2449 4871 2657 4872 2452 4872 2454 4872 2450 4873 2657 4873 2454 4873 2657 4874 2456 4874 2453 4874 2452 4875 2657 4875 2453 4875 2455 4876 2456 4876 2720 4876 2657 4877 2720 4877 2456 4877 2458 4878 2457 4878 2720 4878 2720 4879 2457 4879 2455 4879 2460 4880 2459 4880 2720 4880 2720 4881 2459 4881 2458 4881 2462 4882 2461 4882 2720 4882 2720 4883 2461 4883 2460 4883 2464 4884 2463 4884 2720 4884 2720 4885 2463 4885 2462 4885 2466 4886 2465 4886 2720 4886 2720 4887 2465 4887 2464 4887 2418 4888 2467 4888 2720 4888 2720 4889 2467 4889 2466 4889 2732 4890 2733 4890 2598 4890 2596 4891 2734 4891 2732 4891 2732 4892 2598 4892 2596 4892 2595 4893 2598 4893 2733 4893 2597 4894 2595 4894 2735 4894 2595 4895 2733 4895 2735 4895 2597 4896 2736 4896 2603 4896 2737 4897 2599 4897 2602 4897 2602 4898 2738 4898 2737 4898 2602 4899 2603 4899 2738 4899 2599 4900 2737 4900 2739 4900 2738 4901 2603 4901 2736 4901 2739 4902 2600 4902 2599 4902 2736 4903 2597 4903 2735 4903 2740 4904 2741 4904 2601 4904 2740 4905 2600 4905 2739 4905 2741 4906 2742 4906 2604 4906 2604 4907 2601 4907 2741 4907 2608 4908 2742 4908 2743 4908 2604 4909 2742 4909 2608 4909 2601 4910 2600 4910 2740 4910 2596 4911 2591 4911 2734 4911 2744 4912 2734 4912 2591 4912 2594 4913 2745 4913 2744 4913 2744 4914 2591 4914 2594 4914 2746 4915 2745 4915 2605 4915 2594 4916 2605 4916 2745 4916 2746 4917 2593 4917 2747 4917 2593 4918 2746 4918 2605 4918 2606 4919 2748 4919 2747 4919 2747 4920 2593 4920 2606 4920 2749 4921 2748 4921 2607 4921 2606 4922 2607 4922 2748 4922 2749 4923 2609 4923 2750 4923 2609 4924 2749 4924 2607 4924 2679 4925 2751 4925 2750 4925 2750 4926 2609 4926 2679 4926 2752 4927 2751 4927 2680 4927 2679 4928 2680 4928 2751 4928 2752 4929 2681 4929 2753 4929 2681 4930 2752 4930 2680 4930 2654 4931 2754 4931 2753 4931 2753 4932 2681 4932 2654 4932 2654 4933 2653 4933 2754 4933 2653 4934 2731 4934 2754 4934 2540 4935 2538 4935 2472 4935 2608 4936 2513 4936 2676 4936 2554 4937 2559 4937 2502 4937 2608 4938 2482 4938 2513 4938 2743 4939 2755 4939 2485 4939 2479 4940 2481 4940 2608 4940 2608 4941 2481 4941 2482 4941 2476 4942 2475 4942 2536 4942 2608 4943 2478 4943 2479 4943 2535 4944 2539 4944 2477 4944 2473 4945 2541 4945 2545 4945 2474 4946 2543 4946 2542 4946 2544 4947 2546 4947 2483 4947 2542 4948 2541 4948 2473 4948 2548 4949 2483 4949 2547 4949 2477 4950 2476 4950 2535 4950 2492 4951 2552 4951 2553 4951 2492 4952 2490 4952 2552 4952 2553 4953 2518 4953 2487 4953 2487 4954 2492 4954 2553 4954 2743 4955 2488 4955 2518 4955 2487 4956 2518 4956 2488 4956 2484 4957 2489 4957 2743 4957 2743 4958 2489 4958 2488 4958 2743 4959 2485 4959 2486 4959 2743 4960 2486 4960 2484 4960 2495 4961 2494 4961 2755 4961 2755 4962 2494 4962 2485 4962 2496 4963 2497 4963 2755 4963 2755 4964 2497 4964 2495 4964 2555 4965 2499 4965 2500 4965 2755 4966 2500 4966 2496 4966 2559 4967 2558 4967 2501 4967 2498 4968 2499 4968 2556 4968 2560 4969 2504 4969 2561 4969 2557 4970 2562 4970 2503 4970 2506 4971 2505 4971 2565 4971 2509 4972 2507 4972 2567 4972 2508 4973 2564 4973 2563 4973 2755 4974 2555 4974 2500 4974 2566 4975 2510 4975 2568 4975 2510 4976 2570 4976 2511 4976 2573 4977 2515 4977 2574 4977 2567 4978 2507 4978 2563 4978 2583 4979 2755 4979 2581 4979 2512 4980 2516 4980 2676 4980 2580 4981 2676 4981 2575 4981 2513 4982 2514 4982 2676 4982 2676 4983 2514 4983 2512 4983 2549 4984 2550 4984 2491 4984 2491 4985 2551 4985 2490 4985 2546 4986 2547 4986 2483 4986 2552 4987 2490 4987 2551 4987 2551 4988 2491 4988 2550 4988 2493 4989 2548 4989 2549 4989 2549 4990 2491 4990 2493 4990 2493 4991 2483 4991 2548 4991 2473 4992 2544 4992 2483 4992 2530 4993 2608 4993 2526 4993 2545 4994 2544 4994 2473 4994 2474 4995 2538 4995 2543 4995 2474 4996 2542 4996 2473 4996 2477 4997 2540 4997 2472 4997 2472 4998 2538 4998 2474 4998 2539 4999 2540 4999 2477 4999 2480 5000 2536 5000 2475 5000 2476 5001 2536 5001 2535 5001 2480 5002 2478 5002 2537 5002 2537 5003 2536 5003 2480 5003 2532 5004 2537 5004 2608 5004 2478 5005 2608 5005 2537 5005 2534 5006 2533 5006 2608 5006 2608 5007 2533 5007 2532 5007 2531 5008 2529 5008 2608 5008 2608 5009 2529 5009 2534 5009 2608 5010 2530 5010 2531 5010 2527 5011 2526 5011 2743 5011 2608 5012 2743 5012 2526 5012 2523 5013 2528 5013 2743 5013 2743 5014 2528 5014 2527 5014 2525 5015 2524 5015 2743 5015 2743 5016 2524 5016 2523 5016 2521 5017 2520 5017 2743 5017 2743 5018 2520 5018 2525 5018 2517 5019 2522 5019 2743 5019 2743 5020 2522 5020 2521 5020 2518 5021 2519 5021 2743 5021 2743 5022 2519 5022 2517 5022 2510 5023 2571 5023 2570 5023 2589 5024 2590 5024 2755 5024 2755 5025 2590 5025 2555 5025 2587 5026 2588 5026 2755 5026 2755 5027 2588 5027 2589 5027 2585 5028 2586 5028 2755 5028 2755 5029 2586 5029 2587 5029 2565 5030 2505 5030 2560 5030 2755 5031 2583 5031 2584 5031 2755 5032 2584 5032 2585 5032 2506 5033 2564 5033 2508 5033 2755 5034 2578 5034 2582 5034 2581 5035 2755 5035 2582 5035 2515 5036 2573 5036 2516 5036 2579 5037 2578 5037 2676 5037 2755 5038 2676 5038 2578 5038 2509 5039 2568 5039 2510 5039 2516 5040 2573 5040 2676 5040 2676 5041 2580 5041 2579 5041 2576 5042 2577 5042 2676 5042 2676 5043 2577 5043 2575 5043 2676 5044 2573 5044 2572 5044 2676 5045 2572 5045 2576 5045 2569 5046 2574 5046 2511 5046 2515 5047 2511 5047 2574 5047 2511 5048 2570 5048 2569 5048 2571 5049 2510 5049 2566 5049 2567 5050 2568 5050 2509 5050 2563 5051 2507 5051 2508 5051 2564 5052 2506 5052 2565 5052 2561 5053 2504 5053 2562 5053 2505 5054 2504 5054 2560 5054 2503 5055 2501 5055 2557 5055 2504 5056 2503 5056 2562 5056 2501 5057 2502 5057 2559 5057 2501 5058 2558 5058 2557 5058 2502 5059 2498 5059 2554 5059 2499 5060 2555 5060 2556 5060 2498 5061 2556 5061 2554 5061 2756 5062 2757 5062 2617 5062 2755 5063 2758 5063 2676 5063 2615 5064 2759 5064 2756 5064 2756 5065 2617 5065 2615 5065 2614 5066 2617 5066 2757 5066 2616 5067 2614 5067 2760 5067 2614 5068 2757 5068 2760 5068 2616 5069 2761 5069 2620 5069 2762 5070 2618 5070 2621 5070 2621 5071 2763 5071 2762 5071 2621 5072 2620 5072 2763 5072 2618 5073 2762 5073 2764 5073 2763 5074 2620 5074 2761 5074 2764 5075 2619 5075 2618 5075 2761 5076 2616 5076 2760 5076 2765 5077 2766 5077 2622 5077 2765 5078 2619 5078 2764 5078 2766 5079 2767 5079 2623 5079 2623 5080 2622 5080 2766 5080 2611 5081 2767 5081 2768 5081 2623 5082 2767 5082 2611 5082 2622 5083 2619 5083 2765 5083 2613 5084 2759 5084 2615 5084 2613 5085 2592 5085 2769 5085 2769 5086 2759 5086 2613 5086 2624 5087 2770 5087 2592 5087 2769 5088 2592 5088 2770 5088 2771 5089 2624 5089 2612 5089 2624 5090 2771 5090 2770 5090 2612 5091 2625 5091 2772 5091 2772 5092 2771 5092 2612 5092 2626 5093 2773 5093 2625 5093 2772 5094 2625 5094 2773 5094 2774 5095 2626 5095 2628 5095 2626 5096 2774 5096 2773 5096 2628 5097 2627 5097 2775 5097 2775 5098 2774 5098 2628 5098 2677 5099 2776 5099 2627 5099 2775 5100 2627 5100 2776 5100 2777 5101 2677 5101 2678 5101 2677 5102 2777 5102 2776 5102 2678 5103 2675 5103 2778 5103 2778 5104 2777 5104 2678 5104 2676 5105 2758 5105 2675 5105 2778 5106 2675 5106 2758 5106 2611 5107 2768 5107 2685 5107 2685 5108 2610 5108 2611 5108 2365 5109 2412 5109 2366 5109 2347 5110 2355 5110 2348 5110 2347 5111 2358 5111 2355 5111 2350 5112 2348 5112 2354 5112 2355 5113 2354 5113 2348 5113 2362 5114 2344 5114 2350 5114 2350 5115 2354 5115 2362 5115 2344 5116 2359 5116 2345 5116 2359 5117 2344 5117 2362 5117 2369 5118 2415 5118 2417 5118 2359 5119 2361 5119 2345 5119 2373 5120 2372 5120 2406 5120 2409 5121 2411 5121 2376 5121 2380 5122 2403 5122 2405 5122 2387 5123 2398 5123 2395 5123 2379 5124 2397 5124 2377 5124 2383 5125 2394 5125 2391 5125 2390 5126 2384 5126 2383 5126 2384 5127 2390 5127 2398 5127 2383 5128 2391 5128 2390 5128 2379 5129 2387 5129 2395 5129 2387 5130 2384 5130 2398 5130 2397 5131 2379 5131 2395 5131 2380 5132 2377 5132 2403 5132 2403 5133 2377 5133 2397 5133 2406 5134 2372 5134 2405 5134 2405 5135 2372 5135 2380 5135 2409 5136 2376 5136 2373 5136 2406 5137 2409 5137 2373 5137 2411 5138 2412 5138 2365 5138 2376 5139 2411 5139 2365 5139 2366 5140 2415 5140 2369 5140 2366 5141 2412 5141 2415 5141 2345 5142 2361 5142 2417 5142 2361 5143 2369 5143 2417 5143 2291 5144 2338 5144 2292 5144 2273 5145 2281 5145 2274 5145 2273 5146 2284 5146 2281 5146 2276 5147 2274 5147 2280 5147 2281 5148 2280 5148 2274 5148 2288 5149 2270 5149 2276 5149 2276 5150 2280 5150 2288 5150 2270 5151 2285 5151 2271 5151 2285 5152 2270 5152 2288 5152 2295 5153 2341 5153 2343 5153 2285 5154 2287 5154 2271 5154 2299 5155 2298 5155 2332 5155 2335 5156 2337 5156 2302 5156 2306 5157 2329 5157 2331 5157 2313 5158 2324 5158 2321 5158 2305 5159 2323 5159 2303 5159 2309 5160 2320 5160 2317 5160 2316 5161 2310 5161 2309 5161 2310 5162 2316 5162 2324 5162 2309 5163 2317 5163 2316 5163 2305 5164 2313 5164 2321 5164 2313 5165 2310 5165 2324 5165 2323 5166 2305 5166 2321 5166 2306 5167 2303 5167 2329 5167 2329 5168 2303 5168 2323 5168 2332 5169 2298 5169 2331 5169 2331 5170 2298 5170 2306 5170 2335 5171 2302 5171 2299 5171 2332 5172 2335 5172 2299 5172 2337 5173 2338 5173 2291 5173 2302 5174 2337 5174 2291 5174 2292 5175 2341 5175 2295 5175 2292 5176 2338 5176 2341 5176 2271 5177 2287 5177 2343 5177 2287 5178 2295 5178 2343 5178 2779 5179 2780 5179 2781 5179 2782 5180 2780 5180 2779 5180 2779 5181 2781 5181 2783 5181 2715 5182 2784 5182 2785 5182 2785 5183 2786 5183 2716 5183 2714 5184 2715 5184 2785 5184 2782 5185 2787 5185 2788 5185 2789 5186 2718 5186 2786 5186 2786 5187 2717 5187 2716 5187 2718 5188 2717 5188 2786 5188 2789 5189 2790 5189 2719 5189 2719 5190 2718 5190 2789 5190 2781 5191 2791 5191 2792 5191 2790 5192 2720 5192 2719 5192 2793 5193 2794 5193 2795 5193 2796 5194 2797 5194 2798 5194 2799 5195 2793 5195 2800 5195 2801 5196 2802 5196 2803 5196 2804 5197 2805 5197 2806 5197 2807 5198 2808 5198 2799 5198 2809 5199 2810 5199 2811 5199 2812 5200 2809 5200 2813 5200 2807 5201 2814 5201 2815 5201 2807 5202 2800 5202 2816 5202 2817 5203 2815 5203 2818 5203 2817 5204 2818 5204 2819 5204 2820 5205 2727 5205 2821 5205 2822 5206 2823 5206 2824 5206 2803 5207 2821 5207 2728 5207 2825 5208 2725 5208 2820 5208 2826 5209 2801 5209 2827 5209 2802 5210 2801 5210 2826 5210 2710 5211 2707 5211 2828 5211 2801 5212 2710 5212 2828 5212 2829 5213 2830 5213 2831 5213 2832 5214 2833 5214 2834 5214 2806 5215 2835 5215 2836 5215 2813 5216 2837 5216 2805 5216 2838 5217 2839 5217 2840 5217 2841 5218 2809 5218 2842 5218 39 5219 2838 5219 2843 5219 40 5220 37 5220 2838 5220 39 5221 2843 5221 43 5221 2808 5222 2832 5222 2844 5222 2799 5223 2844 5223 2794 5223 2807 5224 2815 5224 2808 5224 2845 5225 45 5225 43 5225 2800 5226 2846 5226 2847 5226 2848 5227 2846 5227 2793 5227 2849 5228 2846 5228 2792 5228 2792 5229 2848 5229 2850 5229 2783 5230 2781 5230 2850 5230 2795 5231 2851 5231 2848 5231 2852 5232 2850 5232 2851 5232 2783 5233 2850 5233 2853 5233 2854 5234 2855 5234 2851 5234 2852 5235 2853 5235 2850 5235 2848 5236 2851 5236 2850 5236 2851 5237 2855 5237 2852 5237 2856 5238 2857 5238 2858 5238 2858 5239 2854 5239 2856 5239 2859 5240 2860 5240 2857 5240 2859 5241 2857 5241 2856 5241 44 5242 2860 5242 41 5242 2787 5243 2789 5243 2788 5243 2789 5244 2787 5244 2790 5244 2712 5245 2784 5245 2713 5245 2788 5246 2780 5246 2782 5246 2861 5247 2788 5247 2786 5247 2712 5248 2862 5248 2784 5248 2791 5249 2780 5249 2861 5249 2848 5250 2792 5250 2846 5250 2781 5251 2780 5251 2791 5251 2797 5252 2859 5252 2856 5252 2781 5253 2792 5253 2850 5253 2797 5254 2796 5254 2863 5254 2859 5255 2864 5255 42 5255 2855 5256 2854 5256 2858 5256 2798 5257 2854 5257 2795 5257 2859 5258 41 5258 2860 5258 2798 5259 2797 5259 2856 5259 42 5260 41 5260 2859 5260 2786 5261 2788 5261 2789 5261 2714 5262 2785 5262 2716 5262 2862 5263 2709 5263 2708 5263 2788 5264 2861 5264 2780 5264 2865 5265 2861 5265 2785 5265 2708 5266 2866 5266 2862 5266 2865 5267 2849 5267 2791 5267 2793 5268 2846 5268 2800 5268 2791 5269 2849 5269 2792 5269 2863 5270 2864 5270 2797 5270 2854 5271 2798 5271 2856 5271 2851 5272 2795 5272 2854 5272 2795 5273 2848 5273 2793 5273 2864 5274 2863 5274 2867 5274 2796 5275 2798 5275 2794 5275 2864 5276 36 5276 38 5276 42 5277 2864 5277 38 5277 2859 5278 2797 5278 2864 5278 2785 5279 2861 5279 2786 5279 2713 5280 2784 5280 2715 5280 2866 5281 2711 5281 2721 5281 2861 5282 2865 5282 2791 5282 2868 5283 2865 5283 2784 5283 2721 5284 2869 5284 2866 5284 2847 5285 2849 5285 2868 5285 2800 5286 2807 5286 2799 5286 2846 5287 2849 5287 2847 5287 2796 5288 2870 5288 2863 5288 2871 5289 2867 5289 2863 5289 2795 5290 2794 5290 2798 5290 2794 5291 2793 5291 2799 5291 35 5292 2867 5292 2872 5292 2870 5293 2796 5293 2844 5293 2864 5294 2867 5294 36 5294 2870 5295 2871 5295 2863 5295 35 5296 36 5296 2867 5296 2784 5297 2865 5297 2785 5297 2709 5298 2862 5298 2712 5298 2869 5299 2722 5299 2723 5299 2865 5300 2868 5300 2849 5300 2873 5301 2868 5301 2862 5301 2723 5302 2825 5302 2869 5302 2873 5303 2816 5303 2847 5303 2874 5304 2871 5304 2870 5304 2847 5305 2816 5305 2800 5305 2875 5306 2872 5306 2871 5306 2876 5307 2872 5307 2875 5307 2794 5308 2844 5308 2796 5308 2799 5309 2808 5309 2844 5309 33 5310 2872 5310 34 5310 2874 5311 2870 5311 2832 5311 2875 5312 2871 5312 2874 5312 35 5313 2872 5313 33 5313 2867 5314 2871 5314 2872 5314 2862 5315 2868 5315 2784 5315 2711 5316 2866 5316 2708 5316 2825 5317 2724 5317 2725 5317 2868 5318 2873 5318 2847 5318 2873 5319 2866 5319 2877 5319 2815 5320 2833 5320 2808 5320 2877 5321 2814 5321 2816 5321 2833 5322 2815 5322 2817 5322 2814 5323 2807 5323 2816 5323 2874 5324 2841 5324 2875 5324 2875 5325 2842 5325 2876 5325 2844 5326 2832 5326 2870 5326 2832 5327 2808 5327 2833 5327 32 5328 2876 5328 2878 5328 2841 5329 2874 5329 2834 5329 2872 5330 2876 5330 34 5330 2875 5331 2841 5331 2842 5331 32 5332 34 5332 2876 5332 2866 5333 2873 5333 2862 5333 2722 5334 2869 5334 2721 5334 2820 5335 2726 5335 2727 5335 2873 5336 2877 5336 2816 5336 2877 5337 2869 5337 2879 5337 2817 5338 2830 5338 2833 5338 2814 5339 2879 5339 2818 5339 2830 5340 2810 5340 2834 5340 2814 5341 2818 5341 2815 5341 2812 5342 2878 5342 2842 5342 2880 5343 2878 5343 2812 5343 2832 5344 2834 5344 2874 5344 2834 5345 2833 5345 2830 5345 30 5346 2878 5346 2880 5346 2809 5347 2841 5347 2810 5347 2812 5348 2842 5348 2809 5348 32 5349 2878 5349 30 5349 2876 5350 2842 5350 2878 5350 2869 5351 2877 5351 2866 5351 2724 5352 2825 5352 2723 5352 2728 5353 2729 5353 2803 5353 2877 5354 2879 5354 2814 5354 2879 5355 2825 5355 2881 5355 2830 5356 2817 5356 2831 5356 2881 5357 2819 5357 2818 5357 2810 5358 2830 5358 2829 5358 2819 5359 2831 5359 2817 5359 2839 5360 2838 5360 37 5360 2812 5361 2805 5361 2880 5361 2834 5362 2810 5362 2841 5362 2810 5363 2829 5363 2811 5363 27 5364 2880 5364 2804 5364 2813 5365 2809 5365 2811 5365 2880 5366 31 5366 30 5366 2812 5367 2813 5367 2805 5367 27 5368 31 5368 2880 5368 2825 5369 2879 5369 2869 5369 2726 5370 2820 5370 2725 5370 2819 5371 2882 5371 2831 5371 2879 5372 2881 5372 2818 5372 2881 5373 2820 5373 2883 5373 2831 5374 2884 5374 2829 5374 2883 5375 2882 5375 2819 5375 2829 5376 2885 5376 2811 5376 2882 5377 2884 5377 2831 5377 2811 5378 2886 5378 2813 5378 2885 5379 2829 5379 2884 5379 2836 5380 2804 5380 2806 5380 2811 5381 2885 5381 2886 5381 28 5382 2804 5382 2836 5382 2813 5383 2886 5383 2837 5383 2806 5384 2805 5384 2837 5384 27 5385 2804 5385 28 5385 2880 5386 2805 5386 2804 5386 2820 5387 2881 5387 2825 5387 2728 5388 2821 5388 2727 5388 2884 5389 2882 5389 2887 5389 2881 5390 2883 5390 2819 5390 2821 5391 2888 5391 2883 5391 2884 5392 2889 5392 2885 5392 2888 5393 2887 5393 2882 5393 2885 5394 2823 5394 2886 5394 2887 5395 2889 5395 2884 5395 2837 5396 2886 5396 2822 5396 2889 5397 2823 5397 2885 5397 2806 5398 2837 5398 2890 5398 2823 5399 2822 5399 2886 5399 26 5400 2836 5400 2839 5400 2890 5401 2837 5401 2822 5401 2836 5402 29 5402 28 5402 2806 5403 2890 5403 2835 5403 26 5404 29 5404 2836 5404 2821 5405 2883 5405 2820 5405 2803 5406 2729 5406 2730 5406 2889 5407 2887 5407 2891 5407 2883 5408 2888 5408 2882 5408 2888 5409 2803 5409 2802 5409 2823 5410 2889 5410 2892 5410 2802 5411 2891 5411 2887 5411 2893 5412 2894 5412 2895 5412 2891 5413 2892 5413 2889 5413 2890 5414 2822 5414 2894 5414 2892 5415 2824 5415 2823 5415 2835 5416 2890 5416 2896 5416 2822 5417 2824 5417 2894 5417 2835 5418 2840 5418 2839 5418 2896 5419 2890 5419 2894 5419 2835 5420 2896 5420 2840 5420 26 5421 2839 5421 37 5421 2836 5422 2835 5422 2839 5422 2821 5423 2803 5423 2888 5423 2730 5424 2710 5424 2801 5424 2826 5425 2897 5425 2891 5425 2888 5426 2802 5426 2887 5426 2891 5427 2802 5427 2826 5427 2897 5428 2898 5428 2892 5428 2892 5429 2891 5429 2897 5429 2898 5430 2895 5430 2824 5430 2824 5431 2892 5431 2898 5431 2899 5432 2893 5432 2895 5432 2894 5433 2824 5433 2895 5433 2893 5434 2900 5434 2896 5434 2896 5435 2894 5435 2893 5435 2900 5436 2901 5436 2840 5436 2840 5437 2896 5437 2900 5437 2843 5438 2838 5438 2901 5438 2838 5439 2840 5439 2901 5439 39 5440 40 5440 2838 5440 2801 5441 2803 5441 2730 5441 2828 5442 2827 5442 2801 5442 2827 5443 2902 5443 2826 5443 2902 5444 2903 5444 2897 5444 2902 5445 2897 5445 2826 5445 2903 5446 2904 5446 2898 5446 2903 5447 2898 5447 2897 5447 2904 5448 2905 5448 2895 5448 2899 5449 2895 5449 2905 5449 2904 5450 2895 5450 2898 5450 2899 5451 2906 5451 2893 5451 2893 5452 2906 5452 2900 5452 2906 5453 2907 5453 2900 5453 2907 5454 2908 5454 2901 5454 2907 5455 2901 5455 2900 5455 2908 5456 2845 5456 2843 5456 2908 5457 2843 5457 2901 5457 2843 5458 2845 5458 43 5458 2909 5459 2905 5459 2904 5459 2903 5460 2910 5460 2904 5460 2909 5461 2904 5461 2910 5461 2903 5462 2902 5462 2911 5462 2911 5463 2910 5463 2903 5463 2912 5464 2902 5464 2827 5464 2902 5465 2912 5465 2911 5465 2828 5466 2913 5466 2827 5466 2912 5467 2827 5467 2913 5467 2828 5468 2707 5468 2914 5468 2914 5469 2913 5469 2828 5469 2707 5470 2696 5470 2914 5470 2915 5471 2905 5471 2909 5471 2915 5472 2916 5472 2899 5472 2899 5473 2905 5473 2915 5473 2906 5474 2916 5474 2917 5474 2916 5475 2906 5475 2899 5475 2918 5476 2907 5476 2917 5476 2906 5477 2917 5477 2907 5477 2918 5478 2919 5478 2908 5478 2908 5479 2907 5479 2918 5479 2845 5480 2919 5480 22 5480 2919 5481 2845 5481 2908 5481 2845 5482 22 5482 45 5482 2853 5483 2852 5483 2920 5483 2921 5484 2852 5484 2855 5484 2852 5485 2921 5485 2920 5485 2858 5486 2922 5486 2855 5486 2921 5487 2855 5487 2922 5487 2858 5488 2857 5488 2923 5488 2923 5489 2922 5489 2858 5489 2924 5490 2857 5490 2860 5490 2857 5491 2924 5491 2923 5491 44 5492 2925 5492 2860 5492 2924 5493 2860 5493 2925 5493 23 5494 2925 5494 44 5494 2926 5495 2853 5495 2920 5495 2926 5496 2927 5496 2783 5496 2783 5497 2853 5497 2926 5497 2779 5498 2927 5498 2928 5498 2927 5499 2779 5499 2783 5499 2929 5500 2782 5500 2928 5500 2779 5501 2928 5501 2782 5501 2929 5502 2930 5502 2787 5502 2787 5503 2782 5503 2929 5503 2790 5504 2930 5504 2731 5504 2930 5505 2790 5505 2787 5505 2790 5506 2731 5506 2720 5506 2911 5507 2931 5507 2932 5507 2912 5508 2931 5508 2911 5508 2911 5509 2932 5509 2910 5509 2691 5510 2933 5510 2934 5510 2934 5511 2935 5511 2692 5511 2690 5512 2691 5512 2934 5512 2912 5513 2913 5513 2936 5513 2937 5514 2694 5514 2935 5514 2935 5515 2693 5515 2692 5515 2694 5516 2693 5516 2935 5516 2937 5517 2914 5517 2695 5517 2695 5518 2694 5518 2937 5518 2932 5519 2938 5519 2939 5519 2914 5520 2696 5520 2695 5520 2940 5521 2941 5521 2942 5521 2943 5522 2944 5522 2945 5522 2946 5523 2940 5523 2947 5523 2948 5524 2949 5524 2950 5524 2951 5525 2952 5525 2953 5525 2954 5526 2955 5526 2946 5526 2956 5527 2957 5527 2958 5527 2959 5528 2956 5528 2960 5528 2954 5529 2961 5529 2962 5529 2954 5530 2947 5530 2963 5530 2964 5531 2962 5531 2965 5531 2964 5532 2965 5532 2966 5532 2967 5533 2703 5533 2968 5533 2969 5534 2970 5534 2971 5534 2950 5535 2968 5535 2704 5535 2972 5536 2701 5536 2967 5536 2973 5537 2948 5537 2974 5537 2949 5538 2948 5538 2973 5538 2686 5539 2685 5539 2975 5539 2948 5540 2686 5540 2975 5540 2976 5541 2977 5541 2978 5541 2979 5542 2980 5542 2981 5542 2953 5543 2982 5543 2983 5543 2960 5544 2984 5544 2952 5544 2985 5545 2986 5545 2987 5545 2988 5546 2956 5546 2989 5546 18 5547 2985 5547 2990 5547 15 5548 13 5548 2985 5548 18 5549 2990 5549 20 5549 2955 5550 2979 5550 2991 5550 2946 5551 2991 5551 2941 5551 2954 5552 2962 5552 2955 5552 2992 5553 21 5553 20 5553 2947 5554 2993 5554 2994 5554 2995 5555 2993 5555 2940 5555 2996 5556 2993 5556 2939 5556 2939 5557 2995 5557 2997 5557 2910 5558 2932 5558 2997 5558 2942 5559 2998 5559 2995 5559 2915 5560 2997 5560 2998 5560 2910 5561 2997 5561 2909 5561 2999 5562 2916 5562 2998 5562 2915 5563 2909 5563 2997 5563 2995 5564 2998 5564 2997 5564 2998 5565 2916 5565 2915 5565 3000 5566 2918 5566 2917 5566 2917 5567 2999 5567 3000 5567 3001 5568 2919 5568 2918 5568 3001 5569 2918 5569 3000 5569 22 5570 2919 5570 19 5570 2913 5571 2937 5571 2936 5571 2937 5572 2913 5572 2914 5572 2688 5573 2933 5573 2689 5573 2936 5574 2931 5574 2912 5574 3002 5575 2936 5575 2935 5575 2688 5576 3003 5576 2933 5576 2938 5577 2931 5577 3002 5577 2995 5578 2939 5578 2993 5578 2932 5579 2931 5579 2938 5579 2944 5580 3001 5580 3000 5580 2932 5581 2939 5581 2997 5581 2944 5582 2943 5582 3004 5582 3001 5583 3005 5583 17 5583 2916 5584 2999 5584 2917 5584 2945 5585 2999 5585 2942 5585 3001 5586 19 5586 2919 5586 2945 5587 2944 5587 3000 5587 17 5588 19 5588 3001 5588 2935 5589 2936 5589 2937 5589 2690 5590 2934 5590 2692 5590 3003 5591 2684 5591 2683 5591 2936 5592 3002 5592 2931 5592 3006 5593 3002 5593 2934 5593 2683 5594 3007 5594 3003 5594 3006 5595 2996 5595 2938 5595 2940 5596 2993 5596 2947 5596 2938 5597 2996 5597 2939 5597 3004 5598 3005 5598 2944 5598 2999 5599 2945 5599 3000 5599 2998 5600 2942 5600 2999 5600 2942 5601 2995 5601 2940 5601 3005 5602 3004 5602 3008 5602 2943 5603 2945 5603 2941 5603 3005 5604 14 5604 16 5604 17 5605 3005 5605 16 5605 3001 5606 2944 5606 3005 5606 2934 5607 3002 5607 2935 5607 2689 5608 2933 5608 2691 5608 3007 5609 2687 5609 2697 5609 3002 5610 3006 5610 2938 5610 3009 5611 3006 5611 2933 5611 2697 5612 3010 5612 3007 5612 2994 5613 2996 5613 3009 5613 2947 5614 2954 5614 2946 5614 2993 5615 2996 5615 2994 5615 2943 5616 3011 5616 3004 5616 3012 5617 3008 5617 3004 5617 2942 5618 2941 5618 2945 5618 2941 5619 2940 5619 2946 5619 9 5620 3008 5620 3013 5620 3011 5621 2943 5621 2991 5621 3005 5622 3008 5622 14 5622 3011 5623 3012 5623 3004 5623 9 5624 14 5624 3008 5624 2933 5625 3006 5625 2934 5625 2684 5626 3003 5626 2688 5626 3010 5627 2698 5627 2699 5627 3006 5628 3009 5628 2996 5628 3014 5629 3009 5629 3003 5629 2699 5630 2972 5630 3010 5630 3014 5631 2963 5631 2994 5631 3015 5632 3012 5632 3011 5632 2994 5633 2963 5633 2947 5633 3016 5634 3013 5634 3012 5634 3017 5635 3013 5635 3016 5635 2941 5636 2991 5636 2943 5636 2946 5637 2955 5637 2991 5637 10 5638 3013 5638 12 5638 3015 5639 3011 5639 2979 5639 3016 5640 3012 5640 3015 5640 9 5641 3013 5641 10 5641 3008 5642 3012 5642 3013 5642 3003 5643 3009 5643 2933 5643 2687 5644 3007 5644 2683 5644 2972 5645 2700 5645 2701 5645 3009 5646 3014 5646 2994 5646 3014 5647 3007 5647 3018 5647 2962 5648 2980 5648 2955 5648 3018 5649 2961 5649 2963 5649 2980 5650 2962 5650 2964 5650 2961 5651 2954 5651 2963 5651 3015 5652 2988 5652 3016 5652 3016 5653 2989 5653 3017 5653 2991 5654 2979 5654 3011 5654 2979 5655 2955 5655 2980 5655 8 5656 3017 5656 3019 5656 2988 5657 3015 5657 2981 5657 3013 5658 3017 5658 12 5658 3016 5659 2988 5659 2989 5659 8 5660 12 5660 3017 5660 3007 5661 3014 5661 3003 5661 2698 5662 3010 5662 2697 5662 2967 5663 2702 5663 2703 5663 3014 5664 3018 5664 2963 5664 3018 5665 3010 5665 3020 5665 2964 5666 2977 5666 2980 5666 2961 5667 3020 5667 2965 5667 2977 5668 2957 5668 2981 5668 2961 5669 2965 5669 2962 5669 2959 5670 3019 5670 2989 5670 3021 5671 3019 5671 2959 5671 2979 5672 2981 5672 3015 5672 2981 5673 2980 5673 2977 5673 11 5674 3019 5674 3021 5674 2956 5675 2988 5675 2957 5675 2959 5676 2989 5676 2956 5676 8 5677 3019 5677 11 5677 3017 5678 2989 5678 3019 5678 3010 5679 3018 5679 3007 5679 2700 5680 2972 5680 2699 5680 2704 5681 2705 5681 2950 5681 3018 5682 3020 5682 2961 5682 3020 5683 2972 5683 3022 5683 2977 5684 2964 5684 2978 5684 3022 5685 2966 5685 2965 5685 2957 5686 2977 5686 2976 5686 2966 5687 2978 5687 2964 5687 2986 5688 2985 5688 13 5688 2959 5689 2952 5689 3021 5689 2981 5690 2957 5690 2988 5690 2957 5691 2976 5691 2958 5691 7 5692 3021 5692 2951 5692 2960 5693 2956 5693 2958 5693 3021 5694 6 5694 11 5694 2959 5695 2960 5695 2952 5695 7 5696 6 5696 3021 5696 2972 5697 3020 5697 3010 5697 2702 5698 2967 5698 2701 5698 2966 5699 3023 5699 2978 5699 3020 5700 3022 5700 2965 5700 3022 5701 2967 5701 3024 5701 2978 5702 3025 5702 2976 5702 3024 5703 3023 5703 2966 5703 2976 5704 3026 5704 2958 5704 3023 5705 3025 5705 2978 5705 2958 5706 3027 5706 2960 5706 3026 5707 2976 5707 3025 5707 2983 5708 2951 5708 2953 5708 2958 5709 3026 5709 3027 5709 1 5710 2951 5710 2983 5710 2960 5711 3027 5711 2984 5711 2953 5712 2952 5712 2984 5712 7 5713 2951 5713 1 5713 3021 5714 2952 5714 2951 5714 2967 5715 3022 5715 2972 5715 2704 5716 2968 5716 2703 5716 3025 5717 3023 5717 3028 5717 3022 5718 3024 5718 2966 5718 2968 5719 3029 5719 3024 5719 3025 5720 3030 5720 3026 5720 3029 5721 3028 5721 3023 5721 3026 5722 2970 5722 3027 5722 3028 5723 3030 5723 3025 5723 2984 5724 3027 5724 2969 5724 3030 5725 2970 5725 3026 5725 2953 5726 2984 5726 3031 5726 2970 5727 2969 5727 3027 5727 0 5728 2983 5728 2986 5728 3031 5729 2984 5729 2969 5729 2983 5730 2 5730 1 5730 2953 5731 3031 5731 2982 5731 0 5732 2 5732 2983 5732 2968 5733 3024 5733 2967 5733 2950 5734 2705 5734 2706 5734 3030 5735 3028 5735 3032 5735 3024 5736 3029 5736 3023 5736 3029 5737 2950 5737 2949 5737 2970 5738 3030 5738 3033 5738 2949 5739 3032 5739 3028 5739 3034 5740 3035 5740 3036 5740 3032 5741 3033 5741 3030 5741 3031 5742 2969 5742 3035 5742 3033 5743 2971 5743 2970 5743 2982 5744 3031 5744 3037 5744 2969 5745 2971 5745 3035 5745 2982 5746 2987 5746 2986 5746 3037 5747 3031 5747 3035 5747 2982 5748 3037 5748 2987 5748 0 5749 2986 5749 13 5749 2983 5750 2982 5750 2986 5750 2968 5751 2950 5751 3029 5751 2706 5752 2686 5752 2948 5752 2973 5753 3038 5753 3032 5753 3029 5754 2949 5754 3028 5754 3032 5755 2949 5755 2973 5755 3038 5756 3039 5756 3033 5756 3033 5757 3032 5757 3038 5757 3039 5758 3036 5758 2971 5758 2971 5759 3033 5759 3039 5759 3040 5760 3034 5760 3036 5760 3035 5761 2971 5761 3036 5761 3034 5762 3041 5762 3037 5762 3037 5763 3035 5763 3034 5763 3041 5764 3042 5764 2987 5764 2987 5765 3037 5765 3041 5765 2990 5766 2985 5766 3042 5766 2985 5767 2987 5767 3042 5767 18 5768 15 5768 2985 5768 2948 5769 2950 5769 2706 5769 2975 5770 2974 5770 2948 5770 2974 5771 3043 5771 2973 5771 3043 5772 3044 5772 3038 5772 3043 5773 3038 5773 2973 5773 3044 5774 3045 5774 3039 5774 3044 5775 3039 5775 3038 5775 3045 5776 3046 5776 3036 5776 3040 5777 3036 5777 3046 5777 3045 5778 3036 5778 3039 5778 3040 5779 3047 5779 3034 5779 3034 5780 3047 5780 3041 5780 3047 5781 3048 5781 3041 5781 3048 5782 3049 5782 3042 5782 3048 5783 3042 5783 3041 5783 3049 5784 2992 5784 2990 5784 3049 5785 2990 5785 3042 5785 2990 5786 2992 5786 20 5786 3050 5787 3051 5787 3052 5787 3053 5788 3054 5788 3055 5788 3056 5789 3057 5789 3058 5789 3059 5790 3060 5790 3061 5790 3062 5791 3063 5791 3056 5791 3060 5792 3064 5792 3065 5792 3062 5793 3066 5793 3059 5793 3067 5794 3068 5794 3069 5794 61 5795 59 5795 3069 5795 64 5796 62 5796 3070 5796 3071 5797 3072 5797 3073 5797 3069 5798 3070 5798 62 5798 64 5799 2925 5799 23 5799 3074 5800 3075 5800 3076 5800 3077 5801 3071 5801 3078 5801 3079 5802 3080 5802 3081 5802 3050 5803 3082 5803 3079 5803 3083 5804 3084 5804 3085 5804 3052 5805 3051 5805 3086 5805 3087 5806 3050 5806 3081 5806 3088 5807 2738 5807 3089 5807 3090 5808 3091 5808 3081 5808 3050 5809 3092 5809 3051 5809 3091 5810 3087 5810 3081 5810 3092 5811 3050 5811 3087 5811 3090 5812 3093 5812 3094 5812 3081 5813 3050 5813 3079 5813 3095 5814 3093 5814 3096 5814 3093 5815 3095 5815 3094 5815 65 5816 25 5816 3097 5816 3096 5817 3097 5817 3095 5817 3084 5818 3098 5818 3085 5818 2739 5819 3088 5819 3099 5819 3084 5820 3083 5820 3086 5820 3088 5821 2737 5821 2738 5821 3100 5822 3101 5822 3098 5822 2741 5823 2740 5823 3099 5823 3086 5824 3083 5824 3052 5824 3101 5825 3100 5825 2742 5825 3102 5826 3082 5826 3052 5826 3101 5827 2742 5827 2741 5827 3082 5828 3103 5828 3104 5828 3100 5829 2743 5829 2742 5829 3105 5830 3106 5830 3080 5830 3107 5831 3108 5831 3109 5831 3079 5832 3104 5832 3105 5832 3110 5833 3104 5833 3111 5833 3112 5834 3105 5834 3110 5834 3078 5835 3106 5835 3112 5835 3113 5836 3077 5836 3112 5836 3077 5837 3113 5837 3114 5837 3115 5838 3113 5838 3110 5838 3116 5839 3056 5839 3117 5839 3118 5840 3119 5840 3114 5840 3114 5841 3113 5841 3120 5841 3121 5842 3122 5842 3123 5842 3119 5843 3118 5843 3124 5843 3125 5844 2750 5844 3126 5844 3125 5845 3127 5845 2748 5845 3075 5846 3074 5846 3128 5846 2751 5847 3076 5847 3126 5847 3074 5848 2754 5848 2930 5848 2929 5849 3128 5849 3074 5849 2731 5850 2930 5850 2754 5850 2740 5851 2739 5851 3099 5851 3098 5852 3101 5852 3085 5852 2741 5853 3099 5853 3101 5853 2735 5854 3089 5854 2736 5854 3129 5855 3085 5855 3099 5855 2735 5856 3130 5856 3089 5856 3102 5857 3083 5857 3129 5857 3079 5858 3082 5858 3104 5858 3052 5859 3083 5859 3102 5859 3107 5860 3096 5860 3093 5860 3052 5861 3082 5861 3050 5861 3107 5862 3109 5862 3131 5862 3096 5863 3132 5863 63 5863 3091 5864 3090 5864 3094 5864 3108 5865 3090 5865 3080 5865 3096 5866 65 5866 3097 5866 3108 5867 3107 5867 3093 5867 63 5868 65 5868 3096 5868 3099 5869 3085 5869 3101 5869 2737 5870 3088 5870 2739 5870 3130 5871 2733 5871 2732 5871 3085 5872 3129 5872 3083 5872 3133 5873 3129 5873 3088 5873 2732 5874 3134 5874 3130 5874 3133 5875 3103 5875 3102 5875 3105 5876 3104 5876 3110 5876 3102 5877 3103 5877 3082 5877 3131 5878 3132 5878 3107 5878 3090 5879 3108 5879 3093 5879 3081 5880 3080 5880 3090 5880 3080 5881 3079 5881 3105 5881 3132 5882 3131 5882 3135 5882 3109 5883 3108 5883 3106 5883 3132 5884 58 5884 60 5884 63 5885 3132 5885 60 5885 3096 5886 3107 5886 3132 5886 3088 5887 3129 5887 3099 5887 2736 5888 3089 5888 2738 5888 3134 5889 2734 5889 2744 5889 3129 5890 3133 5890 3102 5890 3136 5891 3133 5891 3089 5891 2744 5892 3137 5892 3134 5892 3111 5893 3103 5893 3136 5893 3110 5894 3113 5894 3112 5894 3104 5895 3103 5895 3111 5895 3109 5896 3138 5896 3131 5896 3139 5897 3135 5897 3131 5897 3080 5898 3106 5898 3108 5898 3106 5899 3105 5899 3112 5899 57 5900 3135 5900 3140 5900 3138 5901 3109 5901 3078 5901 3132 5902 3135 5902 58 5902 3138 5903 3139 5903 3131 5903 57 5904 58 5904 3135 5904 3089 5905 3133 5905 3088 5905 2733 5906 3130 5906 2735 5906 3137 5907 2745 5907 2746 5907 3133 5908 3136 5908 3103 5908 3141 5909 3136 5909 3130 5909 2746 5910 3127 5910 3137 5910 3141 5911 3115 5911 3111 5911 3142 5912 3139 5912 3138 5912 3111 5913 3115 5913 3110 5913 3143 5914 3140 5914 3139 5914 3144 5915 3140 5915 3143 5915 3106 5916 3078 5916 3109 5916 3112 5917 3077 5917 3078 5917 55 5918 3140 5918 56 5918 3142 5919 3138 5919 3071 5919 3143 5920 3139 5920 3142 5920 57 5921 3140 5921 55 5921 3135 5922 3139 5922 3140 5922 3130 5923 3136 5923 3089 5923 2734 5924 3134 5924 2732 5924 3127 5925 2747 5925 2748 5925 3136 5926 3141 5926 3111 5926 3141 5927 3134 5927 3145 5927 3114 5928 3072 5928 3077 5928 3145 5929 3120 5929 3115 5929 3072 5930 3114 5930 3119 5930 3120 5931 3113 5931 3115 5931 3142 5932 3058 5932 3143 5932 3143 5933 3057 5933 3144 5933 3078 5934 3071 5934 3138 5934 3071 5935 3077 5935 3072 5935 54 5936 3144 5936 3146 5936 3058 5937 3142 5937 3073 5937 3140 5938 3144 5938 56 5938 3143 5939 3058 5939 3057 5939 54 5940 56 5940 3144 5940 3134 5941 3141 5941 3130 5941 2745 5942 3137 5942 2744 5942 3125 5943 2749 5943 2750 5943 3141 5944 3145 5944 3115 5944 3145 5945 3137 5945 3147 5945 3119 5946 3053 5946 3072 5946 3120 5947 3147 5947 3118 5947 3053 5948 3117 5948 3073 5948 3120 5949 3118 5949 3114 5949 3063 5950 3146 5950 3057 5950 3148 5951 3146 5951 3063 5951 3071 5952 3073 5952 3142 5952 3073 5953 3072 5953 3053 5953 52 5954 3146 5954 3148 5954 3056 5955 3058 5955 3117 5955 3063 5956 3057 5956 3056 5956 54 5957 3146 5957 52 5957 3144 5958 3057 5958 3146 5958 3137 5959 3145 5959 3134 5959 2747 5960 3127 5960 2746 5960 2751 5961 2752 5961 3076 5961 3145 5962 3147 5962 3120 5962 3147 5963 3127 5963 3149 5963 3053 5964 3119 5964 3054 5964 3149 5965 3124 5965 3118 5965 3117 5966 3053 5966 3055 5966 3124 5967 3054 5967 3119 5967 3067 5968 3069 5968 59 5968 3063 5969 3059 5969 3148 5969 3073 5970 3117 5970 3058 5970 3117 5971 3055 5971 3116 5971 49 5972 3148 5972 3061 5972 3062 5973 3056 5973 3116 5973 3148 5974 53 5974 52 5974 3063 5975 3062 5975 3059 5975 49 5976 53 5976 3148 5976 3127 5977 3147 5977 3137 5977 2749 5978 3125 5978 2748 5978 3124 5979 3150 5979 3054 5979 3147 5980 3149 5980 3118 5980 3149 5981 3125 5981 3151 5981 3054 5982 3152 5982 3055 5982 3151 5983 3150 5983 3124 5983 3055 5984 3153 5984 3116 5984 3150 5985 3152 5985 3054 5985 3116 5986 3154 5986 3062 5986 3153 5987 3055 5987 3152 5987 3065 5988 3061 5988 3060 5988 3116 5989 3153 5989 3154 5989 4 5990 3061 5990 3065 5990 3062 5991 3154 5991 3066 5991 3060 5992 3059 5992 3066 5992 49 5993 3061 5993 4 5993 3148 5994 3059 5994 3061 5994 3125 5995 3149 5995 3127 5995 2751 5996 3126 5996 2750 5996 3152 5997 3150 5997 3155 5997 3149 5998 3151 5998 3124 5998 3126 5999 3156 5999 3151 5999 3152 6000 3157 6000 3153 6000 3156 6001 3155 6001 3150 6001 3153 6002 3122 6002 3154 6002 3155 6003 3157 6003 3152 6003 3066 6004 3154 6004 3121 6004 3157 6005 3122 6005 3153 6005 3060 6006 3066 6006 3158 6006 3122 6007 3121 6007 3154 6007 3 6008 3065 6008 3067 6008 3158 6009 3066 6009 3121 6009 3065 6010 5 6010 4 6010 3060 6011 3158 6011 3064 6011 3 6012 5 6012 3065 6012 3126 6013 3151 6013 3125 6013 3076 6014 2752 6014 2753 6014 3157 6015 3155 6015 3159 6015 3151 6016 3156 6016 3150 6016 3156 6017 3076 6017 3075 6017 3122 6018 3157 6018 3160 6018 3075 6019 3159 6019 3155 6019 3161 6020 3162 6020 3163 6020 3159 6021 3160 6021 3157 6021 3158 6022 3121 6022 3162 6022 3160 6023 3123 6023 3122 6023 3064 6024 3158 6024 3164 6024 3121 6025 3123 6025 3162 6025 3064 6026 3068 6026 3067 6026 3164 6027 3158 6027 3162 6027 3064 6028 3164 6028 3068 6028 3 6029 3067 6029 59 6029 3065 6030 3064 6030 3067 6030 3126 6031 3076 6031 3156 6031 2753 6032 2754 6032 3074 6032 3128 6033 3165 6033 3159 6033 3156 6034 3075 6034 3155 6034 3159 6035 3075 6035 3128 6035 3165 6036 3166 6036 3160 6036 3160 6037 3159 6037 3165 6037 3166 6038 3163 6038 3123 6038 3123 6039 3160 6039 3166 6039 2921 6040 3161 6040 3163 6040 3162 6041 3123 6041 3163 6041 3161 6042 3167 6042 3164 6042 3164 6043 3162 6043 3161 6043 3167 6044 3168 6044 3068 6044 3068 6045 3164 6045 3167 6045 3070 6046 3069 6046 3168 6046 3069 6047 3068 6047 3168 6047 62 6048 61 6048 3069 6048 3074 6049 3076 6049 2753 6049 2930 6050 2929 6050 3074 6050 2929 6051 2928 6051 3128 6051 2928 6052 2927 6052 3165 6052 2928 6053 3165 6053 3128 6053 2927 6054 2926 6054 3166 6054 2927 6055 3166 6055 3165 6055 2926 6056 2920 6056 3163 6056 2921 6057 3163 6057 2920 6057 2926 6058 3163 6058 3166 6058 2921 6059 2922 6059 3161 6059 3161 6060 2922 6060 3167 6060 2922 6061 2923 6061 3167 6061 2923 6062 2924 6062 3168 6062 2923 6063 3168 6063 3167 6063 2924 6064 2925 6064 3070 6064 2924 6065 3070 6065 3168 6065 3070 6066 2925 6066 64 6066 3169 6067 3046 6067 3045 6067 3044 6068 3170 6068 3045 6068 3169 6069 3045 6069 3170 6069 3044 6070 3043 6070 3171 6070 3171 6071 3170 6071 3044 6071 3172 6072 3043 6072 2974 6072 3043 6073 3172 6073 3171 6073 2975 6074 3173 6074 2974 6074 3172 6075 2974 6075 3173 6075 2975 6076 2685 6076 3174 6076 3174 6077 3173 6077 2975 6077 2685 6078 2768 6078 3174 6078 3175 6079 3046 6079 3169 6079 3175 6080 3176 6080 3040 6080 3040 6081 3046 6081 3175 6081 3047 6082 3176 6082 3177 6082 3176 6083 3047 6083 3040 6083 3178 6084 3048 6084 3177 6084 3047 6085 3177 6085 3048 6085 3178 6086 3179 6086 3049 6086 3049 6087 3048 6087 3178 6087 2992 6088 3179 6088 69 6088 3179 6089 2992 6089 3049 6089 2992 6090 69 6090 21 6090 3092 6091 3087 6091 3180 6091 3181 6092 3087 6092 3091 6092 3087 6093 3181 6093 3180 6093 3094 6094 3182 6094 3091 6094 3181 6095 3091 6095 3182 6095 3094 6096 3095 6096 3183 6096 3183 6097 3182 6097 3094 6097 3184 6098 3095 6098 3097 6098 3095 6099 3184 6099 3183 6099 25 6100 3185 6100 3097 6100 3184 6101 3097 6101 3185 6101 91 6102 3185 6102 25 6102 3186 6103 3092 6103 3180 6103 3186 6104 3187 6104 3051 6104 3051 6105 3092 6105 3186 6105 3086 6106 3187 6106 3188 6106 3187 6107 3086 6107 3051 6107 3189 6108 3084 6108 3188 6108 3086 6109 3188 6109 3084 6109 3189 6110 3190 6110 3098 6110 3098 6111 3084 6111 3189 6111 3100 6112 3190 6112 2755 6112 3190 6113 3100 6113 3098 6113 3100 6114 2755 6114 2743 6114 3171 6115 3191 6115 3192 6115 3172 6116 3191 6116 3171 6116 3171 6117 3192 6117 3170 6117 2763 6118 3193 6118 3194 6118 3194 6119 3195 6119 2764 6119 2762 6120 2763 6120 3194 6120 3172 6121 3173 6121 3196 6121 3197 6122 2766 6122 3195 6122 3195 6123 2765 6123 2764 6123 2766 6124 2765 6124 3195 6124 3197 6125 3174 6125 2767 6125 2767 6126 2766 6126 3197 6126 3192 6127 3198 6127 3199 6127 3174 6128 2768 6128 2767 6128 3200 6129 3201 6129 3202 6129 3203 6130 3204 6130 3205 6130 3206 6131 3200 6131 3207 6131 3208 6132 3209 6132 3210 6132 3211 6133 3212 6133 3213 6133 3214 6134 3215 6134 3206 6134 3216 6135 3217 6135 3218 6135 3219 6136 3216 6136 3220 6136 3214 6137 3221 6137 3222 6137 3214 6138 3207 6138 3223 6138 3224 6139 3222 6139 3225 6139 3224 6140 3225 6140 3226 6140 3227 6141 2775 6141 3228 6141 3229 6142 3230 6142 3231 6142 3210 6143 3228 6143 2776 6143 3232 6144 2773 6144 3227 6144 3233 6145 3208 6145 3189 6145 3209 6146 3208 6146 3233 6146 2758 6147 2755 6147 3190 6147 3208 6148 2758 6148 3190 6148 3234 6149 3235 6149 3236 6149 3237 6150 3238 6150 3239 6150 3213 6151 3240 6151 3241 6151 3220 6152 3242 6152 3212 6152 3243 6153 3244 6153 3245 6153 3246 6154 3216 6154 3247 6154 86 6155 3243 6155 3248 6155 83 6156 81 6156 3243 6156 86 6157 3248 6157 88 6157 3215 6158 3237 6158 3249 6158 3206 6159 3249 6159 3201 6159 3214 6160 3222 6160 3215 6160 3185 6161 91 6161 88 6161 3207 6162 3250 6162 3251 6162 3252 6163 3250 6163 3200 6163 3253 6164 3250 6164 3199 6164 3199 6165 3252 6165 3254 6165 3170 6166 3192 6166 3254 6166 3202 6167 3255 6167 3252 6167 3175 6168 3254 6168 3255 6168 3170 6169 3254 6169 3169 6169 3256 6170 3176 6170 3255 6170 3175 6171 3169 6171 3254 6171 3252 6172 3255 6172 3254 6172 3255 6173 3176 6173 3175 6173 3257 6174 3178 6174 3177 6174 3177 6175 3256 6175 3257 6175 3258 6176 3179 6176 3178 6176 3258 6177 3178 6177 3257 6177 69 6178 3179 6178 87 6178 3173 6179 3197 6179 3196 6179 3197 6180 3173 6180 3174 6180 2760 6181 3193 6181 2761 6181 3196 6182 3191 6182 3172 6182 3259 6183 3196 6183 3195 6183 2760 6184 3260 6184 3193 6184 3198 6185 3191 6185 3259 6185 3252 6186 3199 6186 3250 6186 3192 6187 3191 6187 3198 6187 3204 6188 3258 6188 3257 6188 3192 6189 3199 6189 3254 6189 3204 6190 3203 6190 3261 6190 3258 6191 3262 6191 85 6191 3176 6192 3256 6192 3177 6192 3205 6193 3256 6193 3202 6193 3258 6194 87 6194 3179 6194 3205 6195 3204 6195 3257 6195 85 6196 87 6196 3258 6196 3195 6197 3196 6197 3197 6197 2762 6198 3194 6198 2764 6198 3260 6199 2757 6199 2756 6199 3196 6200 3259 6200 3191 6200 3263 6201 3259 6201 3194 6201 2756 6202 3264 6202 3260 6202 3263 6203 3253 6203 3198 6203 3200 6204 3250 6204 3207 6204 3198 6205 3253 6205 3199 6205 3261 6206 3262 6206 3204 6206 3256 6207 3205 6207 3257 6207 3255 6208 3202 6208 3256 6208 3202 6209 3252 6209 3200 6209 3262 6210 3261 6210 3265 6210 3203 6211 3205 6211 3201 6211 3262 6212 82 6212 84 6212 85 6213 3262 6213 84 6213 3258 6214 3204 6214 3262 6214 3194 6215 3259 6215 3195 6215 2761 6216 3193 6216 2763 6216 3264 6217 2759 6217 2769 6217 3259 6218 3263 6218 3198 6218 3266 6219 3263 6219 3193 6219 2769 6220 3267 6220 3264 6220 3251 6221 3253 6221 3266 6221 3207 6222 3214 6222 3206 6222 3250 6223 3253 6223 3251 6223 3203 6224 3268 6224 3261 6224 3269 6225 3265 6225 3261 6225 3202 6226 3201 6226 3205 6226 3201 6227 3200 6227 3206 6227 80 6228 3265 6228 3270 6228 3268 6229 3203 6229 3249 6229 3262 6230 3265 6230 82 6230 3268 6231 3269 6231 3261 6231 80 6232 82 6232 3265 6232 3193 6233 3263 6233 3194 6233 2757 6234 3260 6234 2760 6234 3267 6235 2770 6235 2771 6235 3263 6236 3266 6236 3253 6236 3271 6237 3266 6237 3260 6237 2771 6238 3232 6238 3267 6238 3271 6239 3223 6239 3251 6239 3272 6240 3269 6240 3268 6240 3251 6241 3223 6241 3207 6241 3273 6242 3270 6242 3269 6242 3274 6243 3270 6243 3273 6243 3201 6244 3249 6244 3203 6244 3206 6245 3215 6245 3249 6245 77 6246 3270 6246 78 6246 3272 6247 3268 6247 3237 6247 3273 6248 3269 6248 3272 6248 80 6249 3270 6249 77 6249 3265 6250 3269 6250 3270 6250 3260 6251 3266 6251 3193 6251 2759 6252 3264 6252 2756 6252 3232 6253 2772 6253 2773 6253 3266 6254 3271 6254 3251 6254 3271 6255 3264 6255 3275 6255 3222 6256 3238 6256 3215 6256 3275 6257 3221 6257 3223 6257 3238 6258 3222 6258 3224 6258 3221 6259 3214 6259 3223 6259 3272 6260 3246 6260 3273 6260 3273 6261 3247 6261 3274 6261 3249 6262 3237 6262 3268 6262 3237 6263 3215 6263 3238 6263 79 6264 3274 6264 3276 6264 3246 6265 3272 6265 3239 6265 3270 6266 3274 6266 78 6266 3273 6267 3246 6267 3247 6267 79 6268 78 6268 3274 6268 3264 6269 3271 6269 3260 6269 2770 6270 3267 6270 2769 6270 3227 6271 2774 6271 2775 6271 3271 6272 3275 6272 3223 6272 3275 6273 3267 6273 3277 6273 3224 6274 3235 6274 3238 6274 3221 6275 3277 6275 3225 6275 3235 6276 3217 6276 3239 6276 3221 6277 3225 6277 3222 6277 3219 6278 3276 6278 3247 6278 3278 6279 3276 6279 3219 6279 3237 6280 3239 6280 3272 6280 3239 6281 3238 6281 3235 6281 75 6282 3276 6282 3278 6282 3216 6283 3246 6283 3217 6283 3219 6284 3247 6284 3216 6284 79 6285 3276 6285 75 6285 3274 6286 3247 6286 3276 6286 3267 6287 3275 6287 3264 6287 2772 6288 3232 6288 2771 6288 2776 6289 2777 6289 3210 6289 3275 6290 3277 6290 3221 6290 3277 6291 3232 6291 3279 6291 3235 6292 3224 6292 3236 6292 3279 6293 3226 6293 3225 6293 3217 6294 3235 6294 3234 6294 3226 6295 3236 6295 3224 6295 3244 6296 3243 6296 81 6296 3219 6297 3212 6297 3278 6297 3239 6298 3217 6298 3246 6298 3217 6299 3234 6299 3218 6299 74 6300 3278 6300 3211 6300 3220 6301 3216 6301 3218 6301 3278 6302 76 6302 75 6302 3219 6303 3220 6303 3212 6303 74 6304 76 6304 3278 6304 3232 6305 3277 6305 3267 6305 2774 6306 3227 6306 2773 6306 3226 6307 3280 6307 3236 6307 3277 6308 3279 6308 3225 6308 3279 6309 3227 6309 3281 6309 3236 6310 3282 6310 3234 6310 3281 6311 3280 6311 3226 6311 3234 6312 3283 6312 3218 6312 3280 6313 3282 6313 3236 6313 3218 6314 3284 6314 3220 6314 3283 6315 3234 6315 3282 6315 3241 6316 3211 6316 3213 6316 3218 6317 3283 6317 3284 6317 73 6318 3211 6318 3241 6318 3220 6319 3284 6319 3242 6319 3213 6320 3212 6320 3242 6320 74 6321 3211 6321 73 6321 3278 6322 3212 6322 3211 6322 3227 6323 3279 6323 3232 6323 2776 6324 3228 6324 2775 6324 3282 6325 3280 6325 3285 6325 3279 6326 3281 6326 3226 6326 3228 6327 3286 6327 3281 6327 3282 6328 3287 6328 3283 6328 3286 6329 3285 6329 3280 6329 3283 6330 3230 6330 3284 6330 3285 6331 3287 6331 3282 6331 3242 6332 3284 6332 3229 6332 3287 6333 3230 6333 3283 6333 3213 6334 3242 6334 3288 6334 3230 6335 3229 6335 3284 6335 72 6336 3241 6336 3244 6336 3288 6337 3242 6337 3229 6337 3241 6338 71 6338 73 6338 3213 6339 3288 6339 3240 6339 72 6340 71 6340 3241 6340 3228 6341 3281 6341 3227 6341 3210 6342 2777 6342 2778 6342 3287 6343 3285 6343 3289 6343 3281 6344 3286 6344 3280 6344 3286 6345 3210 6345 3209 6345 3230 6346 3287 6346 3290 6346 3209 6347 3289 6347 3285 6347 3291 6348 3292 6348 3293 6348 3289 6349 3290 6349 3287 6349 3288 6350 3229 6350 3292 6350 3290 6351 3231 6351 3230 6351 3240 6352 3288 6352 3294 6352 3229 6353 3231 6353 3292 6353 3240 6354 3245 6354 3244 6354 3294 6355 3288 6355 3292 6355 3240 6356 3294 6356 3245 6356 72 6357 3244 6357 81 6357 3241 6358 3240 6358 3244 6358 3228 6359 3210 6359 3286 6359 2778 6360 2758 6360 3208 6360 3233 6361 3295 6361 3289 6361 3286 6362 3209 6362 3285 6362 3289 6363 3209 6363 3233 6363 3295 6364 3296 6364 3290 6364 3290 6365 3289 6365 3295 6365 3296 6366 3293 6366 3231 6366 3231 6367 3290 6367 3296 6367 3181 6368 3291 6368 3293 6368 3292 6369 3231 6369 3293 6369 3291 6370 3297 6370 3294 6370 3294 6371 3292 6371 3291 6371 3297 6372 3298 6372 3245 6372 3245 6373 3294 6373 3297 6373 3248 6374 3243 6374 3298 6374 3243 6375 3245 6375 3298 6375 86 6376 83 6376 3243 6376 3208 6377 3210 6377 2778 6377 3190 6378 3189 6378 3208 6378 3189 6379 3188 6379 3233 6379 3188 6380 3187 6380 3295 6380 3188 6381 3295 6381 3233 6381 3187 6382 3186 6382 3296 6382 3187 6383 3296 6383 3295 6383 3186 6384 3180 6384 3293 6384 3181 6385 3293 6385 3180 6385 3186 6386 3293 6386 3296 6386 3181 6387 3182 6387 3291 6387 3291 6388 3182 6388 3297 6388 3182 6389 3183 6389 3297 6389 3183 6390 3184 6390 3298 6390 3183 6391 3298 6391 3297 6391 3184 6392 3185 6392 3248 6392 3184 6393 3248 6393 3298 6393 3248 6394 3185 6394 88 6394 2264 6395 2267 6395 2268 6395 2198 6396 3299 6396 2195 6396 2263 6397 2260 6397 2268 6397 2268 6398 2260 6398 2264 6398 2268 6399 2258 6399 2263 6399 2198 6400 3300 6400 3299 6400 2187 6401 2185 6401 2191 6401 2190 6402 2187 6402 2191 6402 2185 6403 2184 6403 2191 6403 3301 6404 2195 6404 3299 6404 2192 6405 2194 6405 3302 6405 3303 6406 3300 6406 2198 6406 3304 6407 3303 6407 2198 6407 2191 6408 2184 6408 3302 6408 2248 6409 2252 6409 3305 6409 3306 6410 2246 6410 2251 6410 3307 6411 3308 6411 2242 6411 2238 6412 3309 6412 3310 6412 2214 6413 2216 6413 2222 6413 2208 6414 2204 6414 3311 6414 2222 6415 2216 6415 2217 6415 2220 6416 2222 6416 2217 6416 2214 6417 3311 6417 2204 6417 2214 6418 2222 6418 3311 6418 3312 6419 2239 6419 3313 6419 3311 6420 2222 6420 3314 6420 2225 6421 2231 6421 2230 6421 2225 6422 2233 6422 2231 6422 2225 6423 2235 6423 2233 6423 2242 6424 2244 6424 3307 6424 3313 6425 2239 6425 3308 6425 3315 6426 2251 6426 2248 6426 3307 6427 2244 6427 3306 6427 2209 6428 3316 6428 3317 6428 3318 6429 3315 6429 2248 6429 2252 6430 3319 6430 3305 6430 3319 6431 2252 6431 3320 6431 3321 6432 3320 6432 2256 6432 2255 6433 2256 6433 3320 6433 2256 6434 2258 6434 3322 6434 3322 6435 3323 6435 2256 6435 3324 6436 2211 6436 3325 6436 3304 6437 2200 6437 2202 6437 3321 6438 2256 6438 3323 6438 3326 6439 2258 6439 2268 6439 3327 6440 2258 6440 3328 6440 2258 6441 3326 6441 3328 6441 2258 6442 3327 6442 3322 6442 2255 6443 3320 6443 2252 6443 3329 6444 2213 6444 2211 6444 3318 6445 2248 6445 3305 6445 3330 6446 3331 6446 3332 6446 2211 6447 2209 6447 3333 6447 3334 6448 3335 6448 3330 6448 2251 6449 3315 6449 3306 6449 3311 6450 3336 6450 2208 6450 2244 6451 2246 6451 3306 6451 3337 6452 2238 6452 3338 6452 3339 6453 3332 6453 3331 6453 3308 6454 2239 6454 2242 6454 3335 6455 3334 6455 3340 6455 3341 6456 2239 6456 3342 6456 2239 6457 3312 6457 3342 6457 2238 6458 2239 6458 3338 6458 2239 6459 3341 6459 3338 6459 2238 6460 3310 6460 2236 6460 2238 6461 3337 6461 3309 6461 3314 6462 2226 6462 2236 6462 2236 6463 3310 6463 3314 6463 2225 6464 2230 6464 3314 6464 3314 6465 2230 6465 2226 6465 2222 6466 2225 6466 3314 6466 3331 6467 3343 6467 3339 6467 2211 6468 3344 6468 3345 6468 2209 6469 3336 6469 3316 6469 2208 6470 3336 6470 2209 6470 3317 6471 3333 6471 2209 6471 3333 6472 3344 6472 2211 6472 3346 6473 3339 6473 3347 6473 3325 6474 2211 6474 3345 6474 3329 6475 2211 6475 3324 6475 2213 6476 3348 6476 2202 6476 3348 6477 2213 6477 3329 6477 3348 6478 3304 6478 2202 6478 2194 6479 2195 6479 3349 6479 2198 6480 2200 6480 3304 6480 2195 6481 3301 6481 3350 6481 2195 6482 3351 6482 3349 6482 2195 6483 3350 6483 3351 6483 3352 6484 2194 6484 3353 6484 2194 6485 3349 6485 3353 6485 2180 6486 2192 6486 3302 6486 2194 6487 3352 6487 3302 6487 3302 6488 2184 6488 2180 6488 3302 6489 3354 6489 2191 6489 3355 6490 3335 6490 3340 6490 3356 6491 3355 6491 3340 6491 3334 6492 3330 6492 3332 6492 3357 6493 3339 6493 3358 6493 3339 6494 3346 6494 3358 6494 3359 6495 3360 6495 3361 6495 3357 6496 3360 6496 3339 6496 3359 6497 3362 6497 3363 6497 3364 6498 3365 6498 3366 6498 3366 6499 3367 6499 3368 6499 3369 6500 3370 6500 3371 6500 3370 6501 3372 6501 3371 6501 3370 6502 3373 6502 3372 6502 3367 6503 3369 6503 3368 6503 3368 6504 3369 6504 3371 6504 3365 6505 3364 6505 3374 6505 3366 6506 3365 6506 3367 6506 3374 6507 3359 6507 3375 6507 3374 6508 3364 6508 3359 6508 3375 6509 3359 6509 3363 6509 3359 6510 3361 6510 3362 6510 3359 6511 3339 6511 3360 6511 3343 6512 3347 6512 3339 6512 3355 6513 3356 6513 3376 6513 3376 6514 3377 6514 3354 6514 3377 6515 3376 6515 3356 6515 3354 6516 3377 6516 2191 6516 3326 6517 2268 6517 3377 6517 2191 6518 3377 6518 2268 6518 3378 6519 3379 6519 3321 6519 3380 6520 3381 6520 3327 6520 3382 6521 3323 6521 3322 6521 3383 6522 3328 6522 3326 6522 3328 6523 3383 6523 3380 6523 3327 6524 3381 6524 3322 6524 3328 6525 3380 6525 3327 6525 3382 6526 3378 6526 3323 6526 3381 6527 3382 6527 3322 6527 3321 6528 3323 6528 3378 6528 3320 6529 3321 6529 3379 6529 3379 6530 3384 6530 3320 6530 3385 6531 3386 6531 3306 6531 3387 6532 3388 6532 3305 6532 3389 6533 3315 6533 3318 6533 3384 6534 3319 6534 3320 6534 3319 6535 3384 6535 3387 6535 3305 6536 3388 6536 3318 6536 3319 6537 3387 6537 3305 6537 3389 6538 3385 6538 3315 6538 3388 6539 3389 6539 3318 6539 3306 6540 3315 6540 3385 6540 3307 6541 3306 6541 3386 6541 3386 6542 3390 6542 3307 6542 3391 6543 3392 6543 3314 6543 3393 6544 3394 6544 3337 6544 3395 6545 3310 6545 3309 6545 3342 6546 3396 6546 3397 6546 3338 6547 3341 6547 3398 6547 3313 6548 3399 6548 3400 6548 3400 6549 3312 6549 3313 6549 3390 6550 3399 6550 3308 6550 3313 6551 3308 6551 3399 6551 3307 6552 3390 6552 3308 6552 3312 6553 3396 6553 3342 6553 3396 6554 3312 6554 3400 6554 3341 6555 3397 6555 3398 6555 3341 6556 3342 6556 3397 6556 3338 6557 3393 6557 3337 6557 3338 6558 3398 6558 3393 6558 3394 6559 3395 6559 3309 6559 3337 6560 3394 6560 3309 6560 3391 6561 3314 6561 3310 6561 3395 6562 3391 6562 3310 6562 3311 6563 3314 6563 3392 6563 3392 6564 3401 6564 3311 6564 3402 6565 3403 6565 3348 6565 3404 6566 3405 6566 3325 6566 3406 6567 3329 6567 3324 6567 3333 6568 3407 6568 3408 6568 3345 6569 3344 6569 3409 6569 3316 6570 3410 6570 3411 6570 3411 6571 3317 6571 3316 6571 3401 6572 3410 6572 3336 6572 3316 6573 3336 6573 3410 6573 3311 6574 3401 6574 3336 6574 3317 6575 3407 6575 3333 6575 3407 6576 3317 6576 3411 6576 3344 6577 3408 6577 3409 6577 3344 6578 3333 6578 3408 6578 3345 6579 3404 6579 3325 6579 3345 6580 3409 6580 3404 6580 3405 6581 3406 6581 3324 6581 3325 6582 3405 6582 3324 6582 3402 6583 3348 6583 3329 6583 3406 6584 3402 6584 3329 6584 3304 6585 3348 6585 3403 6585 3403 6586 3412 6586 3304 6586 3413 6587 3414 6587 3302 6587 3415 6588 3416 6588 3349 6588 3417 6589 3352 6589 3353 6589 3301 6590 3418 6590 3419 6590 3351 6591 3350 6591 3420 6591 3300 6592 3421 6592 3422 6592 3422 6593 3299 6593 3300 6593 3412 6594 3421 6594 3303 6594 3300 6595 3303 6595 3421 6595 3304 6596 3412 6596 3303 6596 3299 6597 3418 6597 3301 6597 3418 6598 3299 6598 3422 6598 3350 6599 3419 6599 3420 6599 3350 6600 3301 6600 3419 6600 3351 6601 3415 6601 3349 6601 3351 6602 3420 6602 3415 6602 3416 6603 3417 6603 3353 6603 3349 6604 3416 6604 3353 6604 3413 6605 3302 6605 3352 6605 3417 6606 3413 6606 3352 6606 3354 6607 3302 6607 3414 6607 3414 6608 3423 6608 3354 6608 3424 6609 3425 6609 3357 6609 3426 6610 3427 6610 3347 6610 3428 6611 3358 6611 3346 6611 3330 6612 3429 6612 3430 6612 3343 6613 3331 6613 3431 6613 3355 6614 3432 6614 3433 6614 3433 6615 3335 6615 3355 6615 3423 6616 3432 6616 3376 6616 3355 6617 3376 6617 3432 6617 3354 6618 3423 6618 3376 6618 3335 6619 3429 6619 3330 6619 3429 6620 3335 6620 3433 6620 3331 6621 3430 6621 3431 6621 3331 6622 3330 6622 3430 6622 3343 6623 3426 6623 3347 6623 3343 6624 3431 6624 3426 6624 3427 6625 3428 6625 3346 6625 3347 6626 3427 6626 3346 6626 3424 6627 3357 6627 3358 6627 3428 6628 3424 6628 3358 6628 3360 6629 3357 6629 3425 6629 3425 6630 3434 6630 3360 6630 3435 6631 3374 6631 3375 6631 3363 6632 3436 6632 3375 6632 3435 6633 3375 6633 3436 6633 3363 6634 3362 6634 3437 6634 3437 6635 3436 6635 3363 6635 3438 6636 3362 6636 3361 6636 3362 6637 3438 6637 3437 6637 3360 6638 3439 6638 3361 6638 3438 6639 3361 6639 3439 6639 3434 6640 3439 6640 3360 6640 3440 6641 3374 6641 3435 6641 3365 6642 3440 6642 3441 6642 3440 6643 3365 6643 3374 6643 3442 6644 3367 6644 3441 6644 3365 6645 3441 6645 3367 6645 3442 6646 3443 6646 3369 6646 3369 6647 3367 6647 3442 6647 3370 6648 3443 6648 3444 6648 3443 6649 3370 6649 3369 6649 3370 6650 3444 6650 3373 6650 3445 6651 3373 6651 3444 6651 3445 6652 3372 6652 3373 6652 3446 6653 3368 6653 3447 6653 3448 6654 3447 6654 3371 6654 3368 6655 3371 6655 3447 6655 3372 6656 3445 6656 3448 6656 3448 6657 3371 6657 3372 6657 3368 6658 3446 6658 3366 6658 3366 6659 3449 6659 3364 6659 3449 6660 3366 6660 3446 6660 3449 6661 3450 6661 3364 6661 3364 6662 3450 6662 3359 6662 3339 6663 3359 6663 3450 6663 3450 6664 3451 6664 3339 6664 3452 6665 3453 6665 3377 6665 3454 6666 3455 6666 3334 6666 3456 6667 3356 6667 3340 6667 3451 6668 3332 6668 3339 6668 3332 6669 3451 6669 3454 6669 3334 6670 3455 6670 3340 6670 3332 6671 3454 6671 3334 6671 3456 6672 3452 6672 3356 6672 3455 6673 3456 6673 3340 6673 3377 6674 3356 6674 3452 6674 3326 6675 3377 6675 3453 6675 3453 6676 3383 6676 3326 6676 3381 6677 3380 6677 3383 6677 3392 6678 3398 6678 3397 6678 3378 6679 3382 6679 3383 6679 3383 6680 3382 6680 3381 6680 3379 6681 3378 6681 3383 6681 3453 6682 3451 6682 3383 6682 3452 6683 3456 6683 3453 6683 3443 6684 3402 6684 3406 6684 3453 6685 3455 6685 3454 6685 3456 6686 3455 6686 3453 6686 3429 6687 3433 6687 3423 6687 3418 6688 3422 6688 3427 6688 3412 6689 3424 6689 3421 6689 3454 6690 3451 6690 3453 6690 3451 6691 3379 6691 3383 6691 3395 6692 3394 6692 3392 6692 3450 6693 3386 6693 3385 6693 3392 6694 3393 6694 3398 6694 3394 6695 3393 6695 3392 6695 3443 6696 3405 6696 3401 6696 3395 6697 3392 6697 3391 6697 3443 6698 3406 6698 3405 6698 3436 6699 3403 6699 3435 6699 3443 6700 3403 6700 3402 6700 3421 6701 3428 6701 3422 6701 3428 6702 3421 6702 3424 6702 3428 6703 3427 6703 3422 6703 3414 6704 3417 6704 3416 6704 3418 6705 3427 6705 3426 6705 3433 6706 3432 6706 3423 6706 3431 6707 3423 6707 3426 6707 3423 6708 3431 6708 3430 6708 3429 6709 3423 6709 3430 6709 3415 6710 3420 6710 3414 6710 3414 6711 3420 6711 3419 6711 3419 6712 3423 6712 3414 6712 3416 6713 3415 6713 3414 6713 3419 6714 3426 6714 3423 6714 3414 6715 3413 6715 3417 6715 3418 6716 3426 6716 3419 6716 3412 6717 3425 6717 3424 6717 3434 6718 3412 6718 3439 6718 3434 6719 3425 6719 3412 6719 3403 6720 3438 6720 3412 6720 3439 6721 3412 6721 3438 6721 3437 6722 3403 6722 3436 6722 3437 6723 3438 6723 3403 6723 3435 6724 3403 6724 3440 6724 3441 6725 3440 6725 3403 6725 3403 6726 3442 6726 3441 6726 3401 6727 3405 6727 3404 6727 3442 6728 3403 6728 3443 6728 3401 6729 3411 6729 3410 6729 3401 6730 3409 6730 3408 6730 3401 6731 3408 6731 3407 6731 3411 6732 3401 6732 3407 6732 3443 6733 3401 6733 3444 6733 3404 6734 3409 6734 3401 6734 3401 6735 3392 6735 3445 6735 3445 6736 3444 6736 3401 6736 3392 6737 3448 6737 3445 6737 3400 6738 3392 6738 3396 6738 3397 6739 3396 6739 3392 6739 3400 6740 3399 6740 3448 6740 3448 6741 3392 6741 3400 6741 3448 6742 3390 6742 3447 6742 3390 6743 3448 6743 3399 6743 3390 6744 3449 6744 3446 6744 3447 6745 3390 6745 3446 6745 3386 6746 3449 6746 3390 6746 3386 6747 3450 6747 3449 6747 3389 6748 3388 6748 3450 6748 3450 6749 3385 6749 3389 6749 3387 6750 3384 6750 3450 6750 3387 6751 3450 6751 3388 6751 3384 6752 3451 6752 3450 6752 3451 6753 3384 6753 3379 6753 3457 6754 415 6754 414 6754 366 6755 3458 6755 3459 6755 359 6756 3460 6756 351 6756 3461 6757 360 6757 3462 6757 3463 6758 330 6758 333 6758 3464 6759 350 6759 3465 6759 331 6760 328 6760 3466 6760 327 6761 3467 6761 3468 6761 338 6762 3469 6762 345 6762 3470 6763 3471 6763 335 6763 3472 6764 3473 6764 340 6764 3472 6765 339 6765 3474 6765 342 6766 3473 6766 3475 6766 3473 6767 342 6767 340 6767 3476 6768 347 6768 3475 6768 342 6769 3475 6769 347 6769 3476 6770 3477 6770 355 6770 355 6771 347 6771 3476 6771 356 6772 3477 6772 3478 6772 3477 6773 356 6773 355 6773 3472 6774 340 6774 339 6774 356 6775 3478 6775 323 6775 345 6776 3474 6776 339 6776 3471 6777 3469 6777 338 6777 345 6778 3469 6778 3474 6778 3462 6779 415 6779 3457 6779 335 6780 331 6780 3470 6780 338 6781 335 6781 3471 6781 3466 6782 328 6782 3468 6782 3470 6783 331 6783 3466 6783 3467 6784 327 6784 330 6784 3468 6785 328 6785 327 6785 3463 6786 333 6786 3464 6786 3463 6787 3467 6787 330 6787 351 6788 3465 6788 350 6788 350 6789 3464 6789 333 6789 359 6790 3461 6790 3460 6790 351 6791 3460 6791 3465 6791 415 6792 3462 6792 360 6792 359 6793 360 6793 3461 6793 414 6794 366 6794 3459 6794 3457 6795 414 6795 3459 6795 3478 6796 3479 6796 324 6796 3478 6797 324 6797 323 6797 3480 6798 320 6798 412 6798 324 6799 3479 6799 3481 6799 399 6800 3482 6800 389 6800 3483 6801 397 6801 3484 6801 3485 6802 363 6802 370 6802 3486 6803 386 6803 3487 6803 375 6804 368 6804 3488 6804 364 6805 3489 6805 3490 6805 372 6806 3491 6806 384 6806 3492 6807 3493 6807 374 6807 3494 6808 3495 6808 378 6808 3494 6809 382 6809 3496 6809 379 6810 3495 6810 3497 6810 3495 6811 379 6811 378 6811 3498 6812 391 6812 3497 6812 379 6813 3497 6813 391 6813 3498 6814 3499 6814 394 6814 394 6815 391 6815 3498 6815 395 6816 3499 6816 3500 6816 3499 6817 395 6817 394 6817 3494 6818 378 6818 382 6818 395 6819 3500 6819 401 6819 384 6820 3496 6820 382 6820 372 6821 3493 6821 3491 6821 384 6822 3491 6822 3496 6822 374 6823 375 6823 3492 6823 372 6824 374 6824 3493 6824 3488 6825 368 6825 3490 6825 3492 6826 375 6826 3488 6826 3489 6827 364 6827 363 6827 3490 6828 368 6828 364 6828 3485 6829 3489 6829 363 6829 370 6830 386 6830 3486 6830 3486 6831 3485 6831 370 6831 389 6832 3487 6832 386 6832 399 6833 3483 6833 3482 6833 389 6834 3482 6834 3487 6834 320 6835 3480 6835 3484 6835 320 6836 3484 6836 397 6836 399 6837 397 6837 3483 6837 412 6838 324 6838 3481 6838 3480 6839 412 6839 3481 6839 406 6840 3500 6840 3501 6840 3500 6841 406 6841 401 6841 3502 6842 408 6842 411 6842 406 6843 3501 6843 3503 6843 278 6844 3504 6844 269 6844 3505 6845 279 6845 3506 6845 3507 6846 246 6846 249 6846 3508 6847 265 6847 3509 6847 255 6848 251 6848 3510 6848 247 6849 3511 6849 3512 6849 252 6850 3513 6850 263 6850 3514 6851 3515 6851 254 6851 3516 6852 3517 6852 258 6852 3516 6853 261 6853 3518 6853 259 6854 3517 6854 3519 6854 3517 6855 259 6855 258 6855 3520 6856 270 6856 3519 6856 259 6857 3519 6857 270 6857 3520 6858 3521 6858 274 6858 274 6859 270 6859 3520 6859 275 6860 3521 6860 3522 6860 3521 6861 275 6861 274 6861 3516 6862 258 6862 261 6862 275 6863 3522 6863 282 6863 263 6864 3518 6864 261 6864 3515 6865 3513 6865 252 6865 263 6866 3513 6866 3518 6866 3502 6867 3506 6867 408 6867 254 6868 255 6868 3514 6868 252 6869 254 6869 3515 6869 408 6870 3506 6870 279 6870 3510 6871 251 6871 3512 6871 3514 6872 255 6872 3510 6872 3511 6873 247 6873 246 6873 3512 6874 251 6874 247 6874 3507 6875 249 6875 3508 6875 3507 6876 3511 6876 246 6876 269 6877 3509 6877 265 6877 265 6878 3508 6878 249 6878 278 6879 3505 6879 3504 6879 269 6880 3504 6880 3509 6880 278 6881 279 6881 3505 6881 406 6882 3503 6882 411 6882 3503 6883 3502 6883 411 6883 283 6884 3522 6884 3523 6884 3522 6885 283 6885 282 6885 3524 6886 402 6886 405 6886 283 6887 3523 6887 3525 6887 317 6888 3526 6888 305 6888 3527 6889 315 6889 3528 6889 3529 6890 243 6890 285 6890 3530 6891 304 6891 3531 6891 288 6892 287 6892 3532 6892 244 6893 3533 6893 3534 6893 293 6894 3535 6894 295 6894 3536 6895 3537 6895 292 6895 3538 6896 3539 6896 299 6896 3538 6897 296 6897 3540 6897 300 6898 3539 6898 3541 6898 3539 6899 300 6899 299 6899 3542 6900 307 6900 3541 6900 300 6901 3541 6901 307 6901 3542 6902 3543 6902 309 6902 309 6903 307 6903 3542 6903 313 6904 3543 6904 3544 6904 3543 6905 313 6905 309 6905 299 6906 296 6906 3538 6906 313 6907 3544 6907 322 6907 3530 6908 3529 6908 285 6908 3540 6909 295 6909 3535 6909 295 6910 3540 6910 296 6910 293 6911 3537 6911 3535 6911 292 6912 288 6912 3536 6912 293 6913 292 6913 3537 6913 3532 6914 287 6914 3534 6914 3536 6915 288 6915 3532 6915 3533 6916 244 6916 243 6916 3534 6917 287 6917 244 6917 3529 6918 3533 6918 243 6918 3531 6919 304 6919 305 6919 3530 6920 285 6920 304 6920 315 6921 402 6921 3528 6921 3526 6922 3531 6922 305 6922 402 6923 3524 6923 3528 6923 317 6924 315 6924 3527 6924 317 6925 3527 6925 3526 6925 283 6926 3525 6926 405 6926 3525 6927 3524 6927 405 6927 3544 6928 3458 6928 366 6928 3544 6929 366 6929 322 6929 3545 6930 3546 6930 3547 6930 3548 6931 3549 6931 3550 6931 3551 6932 3549 6932 3548 6932 3548 6933 3550 6933 3552 6933 3553 6934 3554 6934 3551 6934 3551 6935 3548 6935 3553 6935 3555 6936 3556 6936 3557 6936 3558 6937 3554 6937 3556 6937 3558 6938 3556 6938 3555 6938 3559 6939 3555 6939 3557 6939 3560 6940 3556 6940 3553 6940 3553 6941 3556 6941 3554 6941 3560 6942 3561 6942 3556 6942 3562 6943 3563 6943 3561 6943 3561 6944 3560 6944 3562 6944 3564 6945 3565 6945 3562 6945 3563 6946 3562 6946 3565 6946 3566 6947 3564 6947 3567 6947 3564 6948 3566 6948 3565 6948 3567 6949 3568 6949 3569 6949 3569 6950 3566 6950 3567 6950 3569 6951 3568 6951 3570 6951 3571 6952 3572 6952 3573 6952 3574 6953 3572 6953 3571 6953 3575 6954 3576 6954 3573 6954 3573 6955 3572 6955 3575 6955 3577 6956 3578 6956 3579 6956 3576 6957 3575 6957 3580 6957 3577 6958 3581 6958 3582 6958 3581 6959 3577 6959 3579 6959 3580 6960 3575 6960 3579 6960 3579 6961 3578 6961 3580 6961 3583 6962 3579 6962 3584 6962 3575 6963 3584 6963 3579 6963 3583 6964 3585 6964 3586 6964 3585 6965 3583 6965 3584 6965 3585 6966 3587 6966 3588 6966 3588 6967 3586 6967 3585 6967 3589 6968 3590 6968 3587 6968 3588 6969 3587 6969 3590 6969 3591 6970 3589 6970 3570 6970 3589 6971 3591 6971 3590 6971 3546 6972 3592 6972 3591 6972 3593 6973 3594 6973 3592 6973 3595 6974 3596 6974 3597 6974 3597 6975 3596 6975 3598 6975 3599 6976 3600 6976 3596 6976 3598 6977 3596 6977 3600 6977 3601 6978 3602 6978 3603 6978 3599 6979 3603 6979 3600 6979 3604 6980 3605 6980 3606 6980 3606 6981 3601 6981 3604 6981 3603 6982 3599 6982 3601 6982 3602 6983 3601 6983 3606 6983 3601 6984 3607 6984 3608 6984 3607 6985 3601 6985 3599 6985 3609 6986 3610 6986 3608 6986 3608 6987 3607 6987 3609 6987 3611 6988 3612 6988 3609 6988 3610 6989 3609 6989 3612 6989 3613 6990 3611 6990 3614 6990 3611 6991 3613 6991 3612 6991 3614 6992 3594 6992 3593 6992 3593 6993 3613 6993 3614 6993 3591 6994 3592 6994 3594 6994 3615 6995 3616 6995 3617 6995 3570 6996 3546 6996 3591 6996 3618 6997 3619 6997 3617 6997 3615 6998 3617 6998 3619 6998 3620 6999 3621 6999 3618 6999 3618 7000 3621 7000 3619 7000 3622 7001 3623 7001 3624 7001 3624 7002 3625 7002 3622 7002 3620 7003 3622 7003 3625 7003 3624 7004 3623 7004 3626 7004 3622 7005 3618 7005 3627 7005 3620 7006 3618 7006 3622 7006 3627 7007 3628 7007 3629 7007 3629 7008 3622 7008 3627 7008 3628 7009 3630 7009 3631 7009 3629 7010 3628 7010 3631 7010 3547 7011 3630 7011 3632 7011 3628 7012 3632 7012 3630 7012 3545 7013 3547 7013 3632 7013 3570 7014 3568 7014 3546 7014 3545 7015 3592 7015 3546 7015 3498 7016 3588 7016 3590 7016 3586 7017 3497 7017 3495 7017 3591 7018 3500 7018 3499 7018 3581 7019 3496 7019 3491 7019 3583 7020 3494 7020 3579 7020 3492 7021 3488 7021 3578 7021 3493 7022 3577 7022 3582 7022 3485 7023 3573 7023 3489 7023 3576 7024 3580 7024 3490 7024 3572 7025 3487 7025 3482 7025 3571 7026 3486 7026 3574 7026 3584 7027 3575 7027 3483 7027 3482 7028 3483 7028 3575 7028 3484 7029 3585 7029 3584 7029 3584 7030 3483 7030 3484 7030 3585 7031 3480 7031 3587 7031 3480 7032 3585 7032 3484 7032 3589 7033 3587 7033 3481 7033 3480 7034 3481 7034 3587 7034 3479 7035 3570 7035 3589 7035 3589 7036 3481 7036 3479 7036 3482 7037 3575 7037 3572 7037 3487 7038 3572 7038 3574 7038 3485 7039 3486 7039 3571 7039 3574 7040 3486 7040 3487 7040 3576 7041 3489 7041 3573 7041 3571 7042 3573 7042 3485 7042 3494 7043 3583 7043 3495 7043 3580 7044 3488 7044 3490 7044 3489 7045 3576 7045 3490 7045 3492 7046 3578 7046 3577 7046 3488 7047 3580 7047 3578 7047 3491 7048 3493 7048 3582 7048 3493 7049 3492 7049 3577 7049 3581 7050 3491 7050 3582 7050 3579 7051 3494 7051 3496 7051 3579 7052 3496 7052 3581 7052 3588 7053 3497 7053 3586 7053 3583 7054 3586 7054 3495 7054 3497 7055 3588 7055 3498 7055 3498 7056 3590 7056 3499 7056 3591 7057 3499 7057 3590 7057 3570 7058 3479 7058 3478 7058 3570 7059 3478 7059 3569 7059 3500 7060 3594 7060 3501 7060 3594 7061 3500 7061 3591 7061 3476 7062 3565 7062 3566 7062 3563 7063 3475 7063 3473 7063 3569 7064 3478 7064 3477 7064 3557 7065 3474 7065 3469 7065 3561 7066 3472 7066 3556 7066 3470 7067 3466 7067 3558 7067 3471 7068 3555 7068 3559 7068 3463 7069 3549 7069 3467 7069 3551 7070 3554 7070 3468 7070 3548 7071 3465 7071 3460 7071 3550 7072 3464 7072 3552 7072 3560 7073 3553 7073 3461 7073 3460 7074 3461 7074 3553 7074 3462 7075 3562 7075 3560 7075 3560 7076 3461 7076 3462 7076 3562 7077 3457 7077 3564 7077 3457 7078 3562 7078 3462 7078 3567 7079 3564 7079 3459 7079 3457 7080 3459 7080 3564 7080 3458 7081 3568 7081 3567 7081 3567 7082 3459 7082 3458 7082 3460 7083 3553 7083 3548 7083 3465 7084 3548 7084 3552 7084 3463 7085 3464 7085 3550 7085 3552 7086 3464 7086 3465 7086 3551 7087 3467 7087 3549 7087 3550 7088 3549 7088 3463 7088 3472 7089 3561 7089 3473 7089 3554 7090 3466 7090 3468 7090 3467 7091 3551 7091 3468 7091 3470 7092 3558 7092 3555 7092 3466 7093 3554 7093 3558 7093 3469 7094 3471 7094 3559 7094 3471 7095 3470 7095 3555 7095 3557 7096 3469 7096 3559 7096 3556 7097 3472 7097 3474 7097 3556 7098 3474 7098 3557 7098 3565 7099 3475 7099 3563 7099 3561 7100 3563 7100 3473 7100 3475 7101 3565 7101 3476 7101 3477 7102 3566 7102 3569 7102 3476 7103 3566 7103 3477 7103 3501 7104 3594 7104 3614 7104 3606 7105 3514 7105 3602 7105 3502 7106 3503 7106 3611 7106 3504 7107 3505 7107 3599 7107 3506 7108 3609 7108 3607 7108 3508 7109 3597 7109 3507 7109 3596 7110 3595 7110 3509 7110 3603 7111 3510 7111 3512 7111 3600 7112 3511 7112 3598 7112 3604 7113 3601 7113 3518 7113 3513 7114 3515 7114 3605 7114 3516 7115 3608 7115 3517 7115 3608 7116 3516 7116 3601 7116 3519 7117 3517 7117 3610 7117 3608 7118 3610 7118 3517 7118 3612 7119 3520 7119 3519 7119 3519 7120 3610 7120 3612 7120 3520 7121 3613 7121 3521 7121 3613 7122 3520 7122 3612 7122 3522 7123 3521 7123 3593 7123 3613 7124 3593 7124 3521 7124 3516 7125 3518 7125 3601 7125 3513 7126 3604 7126 3518 7126 3513 7127 3605 7127 3604 7127 3515 7128 3514 7128 3606 7128 3515 7129 3606 7129 3605 7129 3603 7130 3602 7130 3510 7130 3514 7131 3510 7131 3602 7131 3603 7132 3512 7132 3600 7132 3600 7133 3512 7133 3511 7133 3507 7134 3597 7134 3598 7134 3598 7135 3511 7135 3507 7135 3609 7136 3502 7136 3611 7136 3595 7137 3597 7137 3508 7137 3596 7138 3509 7138 3504 7138 3509 7139 3595 7139 3508 7139 3505 7140 3607 7140 3599 7140 3504 7141 3599 7141 3596 7141 3502 7142 3609 7142 3506 7142 3505 7143 3506 7143 3607 7143 3611 7144 3503 7144 3614 7144 3501 7145 3614 7145 3503 7145 3568 7146 3458 7146 3544 7146 3568 7147 3544 7147 3546 7147 3522 7148 3592 7148 3523 7148 3592 7149 3522 7149 3593 7149 3542 7150 3630 7150 3547 7150 3631 7151 3541 7151 3539 7151 3546 7152 3544 7152 3543 7152 3623 7153 3540 7153 3535 7153 3629 7154 3538 7154 3622 7154 3536 7155 3532 7155 3625 7155 3537 7156 3624 7156 3626 7156 3529 7157 3619 7157 3533 7157 3621 7158 3620 7158 3534 7158 3617 7159 3531 7159 3526 7159 3615 7160 3530 7160 3616 7160 3627 7161 3618 7161 3527 7161 3526 7162 3527 7162 3618 7162 3528 7163 3628 7163 3627 7163 3627 7164 3527 7164 3528 7164 3628 7165 3524 7165 3632 7165 3524 7166 3628 7166 3528 7166 3545 7167 3632 7167 3525 7167 3524 7168 3525 7168 3632 7168 3523 7169 3592 7169 3545 7169 3545 7170 3525 7170 3523 7170 3526 7171 3618 7171 3617 7171 3531 7172 3617 7172 3616 7172 3529 7173 3530 7173 3615 7173 3616 7174 3530 7174 3531 7174 3621 7175 3533 7175 3619 7175 3615 7176 3619 7176 3529 7176 3538 7177 3629 7177 3539 7177 3620 7178 3532 7178 3534 7178 3533 7179 3621 7179 3534 7179 3536 7180 3625 7180 3624 7180 3532 7181 3620 7181 3625 7181 3535 7182 3537 7182 3626 7182 3537 7183 3536 7183 3624 7183 3623 7184 3535 7184 3626 7184 3622 7185 3538 7185 3540 7185 3622 7186 3540 7186 3623 7186 3630 7187 3541 7187 3631 7187 3629 7188 3631 7188 3539 7188 3541 7189 3630 7189 3542 7189 3543 7190 3547 7190 3546 7190 3542 7191 3547 7191 3543 7191 138 7192 3633 7192 3634 7192 3635 7193 137 7193 126 7193 3636 7194 3637 7194 124 7194 122 7195 141 7195 3638 7195 118 7196 3639 7196 3640 7196 120 7197 119 7197 3641 7197 3642 7198 115 7198 3643 7198 3644 7199 117 7199 24 7199 3645 7200 3646 7200 114 7200 116 7201 3647 7201 113 7201 51 7202 3648 7202 3649 7202 50 7203 112 7203 3650 7203 3651 7204 90 7204 3652 7204 3653 7205 89 7205 111 7205 3654 7206 3655 7206 109 7206 110 7207 3656 7207 108 7207 104 7208 3657 7208 3658 7208 107 7209 106 7209 3659 7209 101 7210 103 7210 3660 7210 3661 7211 103 7211 105 7211 101 7212 3662 7212 102 7212 3662 7213 101 7213 3660 7213 3663 7214 70 7214 102 7214 102 7215 3662 7215 3663 7215 68 7216 70 7216 3664 7216 3663 7217 3664 7217 70 7217 68 7218 3665 7218 66 7218 3665 7219 68 7219 3664 7219 3666 7220 48 7220 66 7220 66 7221 3665 7221 3666 7221 100 7222 48 7222 3667 7222 3666 7223 3667 7223 48 7223 100 7224 3668 7224 136 7224 3668 7225 100 7225 3667 7225 3669 7226 126 7226 136 7226 136 7227 3668 7227 3669 7227 3661 7228 105 7228 3658 7228 3669 7229 3635 7229 126 7229 103 7230 3661 7230 3660 7230 107 7231 3657 7231 104 7231 104 7232 3658 7232 105 7232 3655 7233 3659 7233 106 7233 3659 7234 3657 7234 107 7234 3654 7235 109 7235 108 7235 3655 7236 106 7236 109 7236 3656 7237 110 7237 3651 7237 3654 7238 108 7238 3656 7238 90 7239 89 7239 3652 7239 110 7240 90 7240 3651 7240 111 7241 3649 7241 3653 7241 89 7242 3653 7242 3652 7242 50 7243 3648 7243 51 7243 51 7244 3649 7244 111 7244 3646 7245 3650 7245 112 7245 3650 7246 3648 7246 50 7246 3645 7247 114 7247 113 7247 3646 7248 112 7248 114 7248 3647 7249 116 7249 3642 7249 3645 7250 113 7250 3647 7250 115 7251 117 7251 3643 7251 116 7252 115 7252 3642 7252 24 7253 3640 7253 3644 7253 117 7254 3644 7254 3643 7254 120 7255 3639 7255 118 7255 118 7256 3640 7256 24 7256 3637 7257 3641 7257 119 7257 3641 7258 3639 7258 120 7258 3636 7259 124 7259 122 7259 3637 7260 119 7260 124 7260 3638 7261 141 7261 3634 7261 3636 7262 122 7262 3638 7262 138 7263 137 7263 3633 7263 141 7264 138 7264 3634 7264 3635 7265 3633 7265 137 7265 3659 7266 3638 7266 3657 7266 3666 7267 3664 7267 3667 7267 3666 7268 3665 7268 3664 7268 3668 7269 3667 7269 3663 7269 3664 7270 3663 7270 3667 7270 3662 7271 3669 7271 3668 7271 3668 7272 3663 7272 3662 7272 3669 7273 3660 7273 3635 7273 3660 7274 3669 7274 3662 7274 3658 7275 3634 7275 3633 7275 3660 7276 3661 7276 3635 7276 3654 7277 3656 7277 3641 7277 3637 7278 3636 7278 3655 7278 3651 7279 3640 7279 3639 7279 3649 7280 3642 7280 3643 7280 3653 7281 3644 7281 3652 7281 3650 7282 3646 7282 3645 7282 3647 7283 3648 7283 3650 7283 3648 7284 3647 7284 3642 7284 3650 7285 3645 7285 3647 7285 3653 7286 3649 7286 3643 7286 3649 7287 3648 7287 3642 7287 3644 7288 3653 7288 3643 7288 3651 7289 3652 7289 3640 7289 3640 7290 3652 7290 3644 7290 3641 7291 3656 7291 3639 7291 3639 7292 3656 7292 3651 7292 3637 7293 3655 7293 3654 7293 3641 7294 3637 7294 3654 7294 3636 7295 3638 7295 3659 7295 3655 7296 3636 7296 3659 7296 3657 7297 3634 7297 3658 7297 3657 7298 3638 7298 3634 7298 3635 7299 3661 7299 3633 7299 3661 7300 3658 7300 3633 7300 151 7301 3670 7301 3671 7301 3672 7302 153 7302 96 7302 3673 7303 3674 7303 150 7303 149 7304 152 7304 3675 7304 146 7305 3676 7305 3677 7305 148 7306 147 7306 3678 7306 3679 7307 142 7307 3680 7307 3681 7308 145 7308 144 7308 3682 7309 3683 7309 123 7309 143 7310 3684 7310 135 7310 139 7311 3685 7311 3686 7311 140 7312 121 7312 3687 7312 3688 7313 99 7313 3689 7313 3690 7314 125 7314 127 7314 3691 7315 3692 7315 67 7315 46 7316 3693 7316 47 7316 92 7317 3694 7317 3695 7317 93 7318 94 7318 3696 7318 134 7319 133 7319 3697 7319 3698 7320 133 7320 132 7320 134 7321 3699 7321 97 7321 3699 7322 134 7322 3697 7322 3700 7323 98 7323 97 7323 97 7324 3699 7324 3700 7324 130 7325 98 7325 3701 7325 3700 7326 3701 7326 98 7326 130 7327 3702 7327 131 7327 3702 7328 130 7328 3701 7328 3703 7329 128 7329 131 7329 131 7330 3702 7330 3703 7330 129 7331 128 7331 3704 7331 3703 7332 3704 7332 128 7332 129 7333 3705 7333 95 7333 3705 7334 129 7334 3704 7334 3706 7335 96 7335 95 7335 95 7336 3705 7336 3706 7336 3698 7337 132 7337 3695 7337 3706 7338 3672 7338 96 7338 133 7339 3698 7339 3697 7339 93 7340 3694 7340 92 7340 92 7341 3695 7341 132 7341 3692 7342 3696 7342 94 7342 3696 7343 3694 7343 93 7343 3691 7344 67 7344 47 7344 3692 7345 94 7345 67 7345 3693 7346 46 7346 3688 7346 3691 7347 47 7347 3693 7347 99 7348 125 7348 3689 7348 46 7349 99 7349 3688 7349 127 7350 3686 7350 3690 7350 125 7351 3690 7351 3689 7351 140 7352 3685 7352 139 7352 139 7353 3686 7353 127 7353 3683 7354 3687 7354 121 7354 3687 7355 3685 7355 140 7355 3682 7356 123 7356 135 7356 3683 7357 121 7357 123 7357 3684 7358 143 7358 3679 7358 3682 7359 135 7359 3684 7359 142 7360 145 7360 3680 7360 143 7361 142 7361 3679 7361 144 7362 3677 7362 3681 7362 145 7363 3681 7363 3680 7363 148 7364 3676 7364 146 7364 146 7365 3677 7365 144 7365 3674 7366 3678 7366 147 7366 3678 7367 3676 7367 148 7367 3673 7368 150 7368 149 7368 3674 7369 147 7369 150 7369 3675 7370 152 7370 3671 7370 3673 7371 149 7371 3675 7371 151 7372 153 7372 3670 7372 152 7373 151 7373 3671 7373 3672 7374 3670 7374 153 7374 3696 7375 3675 7375 3694 7375 3703 7376 3701 7376 3704 7376 3703 7377 3702 7377 3701 7377 3705 7378 3704 7378 3700 7378 3701 7379 3700 7379 3704 7379 3699 7380 3706 7380 3705 7380 3705 7381 3700 7381 3699 7381 3706 7382 3697 7382 3672 7382 3697 7383 3706 7383 3699 7383 3695 7384 3671 7384 3670 7384 3697 7385 3698 7385 3672 7385 3691 7386 3693 7386 3678 7386 3674 7387 3673 7387 3692 7387 3688 7388 3677 7388 3676 7388 3686 7389 3679 7389 3680 7389 3690 7390 3681 7390 3689 7390 3687 7391 3683 7391 3682 7391 3684 7392 3685 7392 3687 7392 3685 7393 3684 7393 3679 7393 3687 7394 3682 7394 3684 7394 3690 7395 3686 7395 3680 7395 3686 7396 3685 7396 3679 7396 3681 7397 3690 7397 3680 7397 3688 7398 3689 7398 3677 7398 3677 7399 3689 7399 3681 7399 3678 7400 3693 7400 3676 7400 3676 7401 3693 7401 3688 7401 3674 7402 3692 7402 3691 7402 3678 7403 3674 7403 3691 7403 3673 7404 3675 7404 3696 7404 3692 7405 3673 7405 3696 7405 3694 7406 3671 7406 3695 7406 3694 7407 3675 7407 3671 7407 3672 7408 3698 7408 3670 7408 3698 7409 3695 7409 3670 7409 3707 7410 3708 7410 3709 7410 3710 7411 3711 7411 3712 7411 3707 7412 3713 7412 3714 7412 3711 7413 3710 7413 3715 7413 3715 7414 3710 7414 3716 7414 3717 7415 3718 7415 3719 7415 3720 7416 3721 7416 3722 7416 3723 7417 3712 7417 3724 7417 3710 7418 3712 7418 3723 7418 3725 7419 3726 7419 3727 7419 3728 7420 3723 7420 3729 7420 3723 7421 3724 7421 3729 7421 3728 7422 3730 7422 3723 7422 3731 7423 3730 7423 3732 7423 3730 7424 3728 7424 3732 7424 3733 7425 3734 7425 3730 7425 3733 7426 3730 7426 3731 7426 3730 7427 3734 7427 3735 7427 3736 7428 3737 7428 3738 7428 3739 7429 3736 7429 3738 7429 3740 7430 3741 7430 3736 7430 3737 7431 3736 7431 3741 7431 3742 7432 3743 7432 3740 7432 3740 7433 3743 7433 3741 7433 3744 7434 3740 7434 3735 7434 3740 7435 3744 7435 3742 7435 3745 7436 3735 7436 3746 7436 3745 7437 3744 7437 3735 7437 3747 7438 3709 7438 3748 7438 3709 7439 3746 7439 3735 7439 3749 7440 3750 7440 3751 7440 3752 7441 3753 7441 3754 7441 3753 7442 3752 7442 3755 7442 3756 7443 3757 7443 3752 7443 3752 7444 3754 7444 3756 7444 3757 7445 3758 7445 3759 7445 3756 7446 3758 7446 3757 7446 3760 7447 3750 7447 3757 7447 3757 7448 3759 7448 3760 7448 3750 7449 3761 7449 3762 7449 3760 7450 3761 7450 3750 7450 3750 7451 3762 7451 3751 7451 3763 7452 3750 7452 3764 7452 3765 7453 3766 7453 3767 7453 3768 7454 3763 7454 3764 7454 3769 7455 3770 7455 3767 7455 3767 7456 3770 7456 3765 7456 3769 7457 3771 7457 3772 7457 3771 7458 3769 7458 3767 7458 3773 7459 3771 7459 3774 7459 3773 7460 3772 7460 3771 7460 3763 7461 3775 7461 3774 7461 3774 7462 3771 7462 3763 7462 3763 7463 3768 7463 3776 7463 3775 7464 3763 7464 3776 7464 3750 7465 3749 7465 3764 7465 3708 7466 3749 7466 3751 7466 3777 7467 3720 7467 3778 7467 3708 7468 3751 7468 3709 7468 3719 7469 3718 7469 3779 7469 3780 7470 3781 7470 3782 7470 3783 7471 3720 7471 3727 7471 3777 7472 3784 7472 3720 7472 3785 7473 3721 7473 3720 7473 3778 7474 3720 7474 3722 7474 3786 7475 3785 7475 3720 7475 3727 7476 3787 7476 3788 7476 3783 7477 3786 7477 3720 7477 3727 7478 3789 7478 3725 7478 3789 7479 3727 7479 3790 7479 3727 7480 3791 7480 3790 7480 3788 7481 3783 7481 3727 7481 3726 7482 3787 7482 3727 7482 3720 7483 3717 7483 3727 7483 3779 7484 3781 7484 3719 7484 3717 7485 3720 7485 3718 7485 3780 7486 3782 7486 3714 7486 3781 7487 3779 7487 3782 7487 3707 7488 3709 7488 3713 7488 3780 7489 3714 7489 3713 7489 3709 7490 3735 7490 3748 7490 3709 7491 3747 7491 3713 7491 3734 7492 3748 7492 3735 7492 3783 7493 3792 7493 3793 7493 3794 7494 3786 7494 3793 7494 3783 7495 3793 7495 3786 7495 3794 7496 3795 7496 3785 7496 3785 7497 3786 7497 3794 7497 3721 7498 3795 7498 3796 7498 3795 7499 3721 7499 3785 7499 3797 7500 3722 7500 3796 7500 3721 7501 3796 7501 3722 7501 3797 7502 3798 7502 3778 7502 3778 7503 3722 7503 3797 7503 3777 7504 3798 7504 3799 7504 3798 7505 3777 7505 3778 7505 3800 7506 3784 7506 3799 7506 3777 7507 3799 7507 3784 7507 3720 7508 3784 7508 3800 7508 3788 7509 3792 7509 3783 7509 3801 7510 3788 7510 3787 7510 3788 7511 3801 7511 3792 7511 3726 7512 3802 7512 3787 7512 3801 7513 3787 7513 3802 7513 3726 7514 3725 7514 3803 7514 3803 7515 3802 7515 3726 7515 3804 7516 3725 7516 3789 7516 3725 7517 3804 7517 3803 7517 3790 7518 3805 7518 3789 7518 3804 7519 3789 7519 3805 7519 3790 7520 3791 7520 3806 7520 3806 7521 3805 7521 3790 7521 3807 7522 3791 7522 3727 7522 3791 7523 3807 7523 3806 7523 3807 7524 3727 7524 3808 7524 3780 7525 3809 7525 3781 7525 3810 7526 3719 7526 3781 7526 3781 7527 3809 7527 3810 7527 3717 7528 3719 7528 3811 7528 3810 7529 3811 7529 3719 7529 3717 7530 3812 7530 3727 7530 3812 7531 3717 7531 3811 7531 3727 7532 3812 7532 3808 7532 3813 7533 3809 7533 3780 7533 3814 7534 3813 7534 3713 7534 3780 7535 3713 7535 3813 7535 3814 7536 3747 7536 3815 7536 3747 7537 3814 7537 3713 7537 3748 7538 3816 7538 3815 7538 3815 7539 3747 7539 3748 7539 3748 7540 3734 7540 3816 7540 3816 7541 3734 7541 3733 7541 3733 7542 3817 7542 3816 7542 3818 7543 3712 7543 3819 7543 3711 7544 3820 7544 3819 7544 3819 7545 3712 7545 3711 7545 3821 7546 3820 7546 3715 7546 3711 7547 3715 7547 3820 7547 3821 7548 3716 7548 3822 7548 3716 7549 3821 7549 3715 7549 3710 7550 3823 7550 3822 7550 3822 7551 3716 7551 3710 7551 3824 7552 3823 7552 3723 7552 3710 7553 3723 7553 3823 7553 3730 7554 3824 7554 3723 7554 3724 7555 3712 7555 3818 7555 3724 7556 3825 7556 3729 7556 3825 7557 3724 7557 3818 7557 3826 7558 3728 7558 3729 7558 3729 7559 3825 7559 3826 7559 3732 7560 3728 7560 3827 7560 3826 7561 3827 7561 3728 7561 3732 7562 3828 7562 3731 7562 3828 7563 3732 7563 3827 7563 3829 7564 3733 7564 3731 7564 3731 7565 3828 7565 3829 7565 3829 7566 3817 7566 3733 7566 3824 7567 3730 7567 3735 7567 3735 7568 3830 7568 3824 7568 3831 7569 3741 7569 3832 7569 3743 7570 3833 7570 3832 7570 3832 7571 3741 7571 3743 7571 3834 7572 3833 7572 3742 7572 3743 7573 3742 7573 3833 7573 3834 7574 3744 7574 3835 7574 3744 7575 3834 7575 3742 7575 3745 7576 3836 7576 3835 7576 3835 7577 3744 7577 3745 7577 3837 7578 3836 7578 3746 7578 3745 7579 3746 7579 3836 7579 3709 7580 3837 7580 3746 7580 3737 7581 3741 7581 3831 7581 3737 7582 3838 7582 3738 7582 3838 7583 3737 7583 3831 7583 3839 7584 3739 7584 3738 7584 3738 7585 3838 7585 3839 7585 3736 7586 3739 7586 3840 7586 3839 7587 3840 7587 3739 7587 3736 7588 3841 7588 3740 7588 3841 7589 3736 7589 3840 7589 3842 7590 3735 7590 3740 7590 3740 7591 3841 7591 3842 7591 3842 7592 3830 7592 3735 7592 3837 7593 3751 7593 3843 7593 3837 7594 3709 7594 3751 7594 3844 7595 3756 7595 3845 7595 3754 7596 3846 7596 3845 7596 3845 7597 3756 7597 3754 7597 3847 7598 3846 7598 3753 7598 3754 7599 3753 7599 3846 7599 3847 7600 3755 7600 3848 7600 3755 7601 3847 7601 3753 7601 3752 7602 3849 7602 3848 7602 3848 7603 3755 7603 3752 7603 3850 7604 3849 7604 3757 7604 3752 7605 3757 7605 3849 7605 3750 7606 3850 7606 3757 7606 3758 7607 3756 7607 3844 7607 3758 7608 3851 7608 3759 7608 3851 7609 3758 7609 3844 7609 3852 7610 3760 7610 3759 7610 3759 7611 3851 7611 3852 7611 3761 7612 3760 7612 3853 7612 3852 7613 3853 7613 3760 7613 3761 7614 3854 7614 3762 7614 3854 7615 3761 7615 3853 7615 3855 7616 3751 7616 3762 7616 3762 7617 3854 7617 3855 7617 3855 7618 3843 7618 3751 7618 3850 7619 3763 7619 3856 7619 3850 7620 3750 7620 3763 7620 3857 7621 3769 7621 3858 7621 3772 7622 3859 7622 3858 7622 3858 7623 3769 7623 3772 7623 3860 7624 3859 7624 3773 7624 3772 7625 3773 7625 3859 7625 3860 7626 3774 7626 3861 7626 3774 7627 3860 7627 3773 7627 3775 7628 3862 7628 3861 7628 3861 7629 3774 7629 3775 7629 3863 7630 3862 7630 3776 7630 3775 7631 3776 7631 3862 7631 3768 7632 3863 7632 3776 7632 3770 7633 3769 7633 3857 7633 3770 7634 3864 7634 3765 7634 3864 7635 3770 7635 3857 7635 3865 7636 3766 7636 3765 7636 3765 7637 3864 7637 3865 7637 3767 7638 3766 7638 3866 7638 3865 7639 3866 7639 3766 7639 3767 7640 3867 7640 3771 7640 3867 7641 3767 7641 3866 7641 3868 7642 3763 7642 3771 7642 3771 7643 3867 7643 3868 7643 3868 7644 3856 7644 3763 7644 3768 7645 3869 7645 3863 7645 3768 7646 3764 7646 3869 7646 3714 7647 3870 7647 3707 7647 3871 7648 3708 7648 3707 7648 3707 7649 3870 7649 3871 7649 3749 7650 3708 7650 3872 7650 3871 7651 3872 7651 3708 7651 3749 7652 3873 7652 3764 7652 3873 7653 3749 7653 3872 7653 3764 7654 3873 7654 3869 7654 3874 7655 3870 7655 3714 7655 3875 7656 3874 7656 3782 7656 3714 7657 3782 7657 3874 7657 3875 7658 3779 7658 3876 7658 3779 7659 3875 7659 3782 7659 3718 7660 3800 7660 3876 7660 3876 7661 3779 7661 3718 7661 3718 7662 3720 7662 3800 7662 3867 7663 3857 7663 3868 7663 3828 7664 3827 7664 3824 7664 3798 7665 3797 7665 3800 7665 3870 7666 3874 7666 3809 7666 3819 7667 3820 7667 3822 7667 3800 7668 3812 7668 3876 7668 3811 7669 3810 7669 3875 7669 3807 7670 3808 7670 3806 7670 3801 7671 3808 7671 3792 7671 3795 7672 3794 7672 3800 7672 3801 7673 3802 7673 3808 7673 3800 7674 3799 7674 3798 7674 3797 7675 3796 7675 3800 7675 3800 7676 3794 7676 3793 7676 3795 7677 3800 7677 3796 7677 3863 7678 3856 7678 3862 7678 3859 7679 3860 7679 3868 7679 3804 7680 3808 7680 3803 7680 3800 7681 3793 7681 3792 7681 3805 7682 3806 7682 3808 7682 3804 7683 3805 7683 3808 7683 3792 7684 3808 7684 3800 7684 3803 7685 3808 7685 3802 7685 3876 7686 3812 7686 3811 7686 3800 7687 3808 7687 3812 7687 3875 7688 3876 7688 3811 7688 3837 7689 3871 7689 3813 7689 3810 7690 3874 7690 3875 7690 3809 7691 3813 7691 3870 7691 3810 7692 3809 7692 3874 7692 3813 7693 3814 7693 3837 7693 3870 7694 3813 7694 3871 7694 3836 7695 3837 7695 3830 7695 3816 7696 3830 7696 3815 7696 3823 7697 3824 7697 3827 7697 3826 7698 3823 7698 3827 7698 3822 7699 3820 7699 3821 7699 3818 7700 3819 7700 3822 7700 3825 7701 3818 7701 3823 7701 3822 7702 3823 7702 3818 7702 3829 7703 3828 7703 3824 7703 3826 7704 3825 7704 3823 7704 3816 7705 3817 7705 3824 7705 3824 7706 3817 7706 3829 7706 3830 7707 3816 7707 3824 7707 3833 7708 3834 7708 3842 7708 3830 7709 3834 7709 3835 7709 3831 7710 3842 7710 3841 7710 3839 7711 3841 7711 3840 7711 3838 7712 3831 7712 3841 7712 3838 7713 3841 7713 3839 7713 3832 7714 3833 7714 3842 7714 3842 7715 3831 7715 3832 7715 3830 7716 3835 7716 3836 7716 3842 7717 3834 7717 3830 7717 3837 7718 3814 7718 3815 7718 3837 7719 3815 7719 3830 7719 3872 7720 3837 7720 3843 7720 3872 7721 3871 7721 3837 7721 3843 7722 3855 7722 3850 7722 3872 7723 3843 7723 3873 7723 3853 7724 3852 7724 3849 7724 3848 7725 3845 7725 3846 7725 3846 7726 3847 7726 3848 7726 3844 7727 3848 7727 3849 7727 3848 7728 3844 7728 3845 7728 3849 7729 3852 7729 3851 7729 3844 7730 3849 7730 3851 7730 3853 7731 3850 7731 3854 7731 3853 7732 3849 7732 3850 7732 3873 7733 3843 7733 3850 7733 3854 7734 3850 7734 3855 7734 3850 7735 3869 7735 3873 7735 3850 7736 3856 7736 3869 7736 3859 7737 3868 7737 3858 7737 3869 7738 3856 7738 3863 7738 3865 7739 3864 7739 3867 7739 3867 7740 3866 7740 3865 7740 3858 7741 3868 7741 3857 7741 3857 7742 3867 7742 3864 7742 3860 7743 3861 7743 3856 7743 3860 7744 3856 7744 3868 7744 3861 7745 3862 7745 3856 7745</p>
                </triangles>
            </mesh>
        </geometry>
    </library_geometries>
    <library_visual_scenes>
        <visual_scene id="VisualSceneNode" name="VisualScene">
            <node id="node" name="node">
                <instance_geometry url="#shape0-lib"/>
            </node>
        </visual_scene>
    </library_visual_scenes>
    <scene>
        <instance_visual_scene url="#VisualSceneNode"/>
    </scene>
</COLLADA>
